name,post_count
maid,173382
comic,608558
cat_ears,336365
loli,174874
ninja,19078
school_swimsuit,68357
mint,729
waitress,15532
valkyrie,1232
princess,4793
nun,28172
yuri,260799
apron,247578
elf,83455
bus,1511
lingerie,60738
bestiality,10109
ramen,4770
priestess,754
alchemist,71
cosplay,157136
dog_ears,71135
bath,13705
cheese,5631
priest,2696
futanari,40200
demon,7970
panties,716680
yukata,28387
pajamas,32294
chikan,1062
christmas,49211
soccer,1610
sky,515230
onsen,21176
skirt,1797762
swimsuit,767688
kimono,278655
nurse,18702
monkey,2866
doll,46788
flute,5501
toast,3618
fundoshi,10907
dark,17098
pocky,18135
molestation,2884
bukkake,14622
bondage,62860
card,31518
mecha,48046
toilet,6662
masturbation,42163
lactation,22342
paizuri,48105
taiyaki,3074
gun,164240
fish,42869
underboob,111671
drill,2442
backpack,85215
minigirl,28553
mascot,2754
yaoi,88221
condom,38724
water,250981
magic,20070
food,515428
miko,20673
no_panties,102932
yaranaika,520
beer,10538
clapping,2052
may,185
kotatsu,7851
sennheiser,96
failure,2803
oekaki,26048
rain,40467
neta,873
handjob,42994
underwater,25964
tea,13957
monochrome,711610
japanese_clothes,446645
sake,8244
twintails,1037535
towel,64849
parody,99124
what,4121
socks,472581
karaoke,1372
profile,151507
figure,4867
shrimp,4224
mermaid,13085
baseball,3387
chibi,292902
dildo,25779
music,30243
guitar,23972
cello,1020
urinal,1012
cow,1998
car,24177
fang,374909
mask,146565
leash,31039
rape,36517
twins,37880
smile,3386011
2girls,1183697
threesome,35243
cum,284221
oral,94919
fingering,38186
tribadism,3900
bandaid,75685
samba,203
marimo,88
basilisk,79
thighhighs,1314206
murder,1135
hammer,12025
geometry,180
orgy,6803
umbrella,102401
cake,45822
truth,1798
chart,2203
tiger,5811
sketch,168265
ipod,1314
crossover,72903
ad,1687
cover,76965
toenails,61487
feet,231878
hairpods,6769
vibrator,26231
hospital,1312
meat,9532
bandages,108524
summer,12963
snow,46140
facial,51993
tanuki,3067
juice,2596
innertube,34268
cheerleader,20656
police,13526
tennis,803
shop,6911
castration,113
mouse_ears,28774
house,13960
anus,135807
guro,5692
fairy,19323
tarot,3483
dress,1554941
kendo,329
candy,61659
otaku,1405
popsicle,31146
eyepatch,87909
pool,21780
daikon,798
headphones,114457
festival,3181
footjob,9639
octopus,5977
magician,1014
watermelon,11336
segway,199
pregnant,10573
valentine,25317
carpet,4481
fantasy,18014
phoenix,944
polearm,64127
tentacles,48265
fly,781
fox_ears,174332
cigarette,40274
ponytail,806966
sex,314574
casual,56248
pantyhose,622208
onigiri,8275
nude,570972
blindfold,25660
cactus,2426
menstruation,224
hat,1399044
shopping,1750
hairband,563300
piano,5146
buruma,34198
square,1855
vampire,16354
recorder,1545
missile,2702
camisole,53278
gunkata,51
oreo,326
ghost,32279
hose,6727
lightsaber,1668
sunset,33778
pirate,3899
virgin,597
blood,153087
fisting,529
basketball,3290
bromide,71
incest,18139
wrestling,2899
camera,26204
battle,18200
mushroom,13154
idol,15974
mochi,5282
fat,15624
bed,119683
witch,20659
magnet,870
korea,156
milk,6195
shota,24873
jam,1154
technology,61
volleyball,3464
paint,4540
hairclip,388205
nightgown,10036
lettuce,2919
fishing,2929
kickboard,895
v,184370
knight,9235
needle,5098
cat,95632
moon,88105
massage,1294
scuba,350
heart,702512
lace,43289
coffee,11159
pantyshot,71894
beachball,18641
horns,552053
loincloth,8545
picnic,1965
bowling,196
beach,109232
earmuffs,15379
exhibitionism,8657
spoon,29388
ramune,2421
window,153107
dizzy,386
collage,5264
69,2981
lube,2316
caloriemate,108
wedding,4321
goggles,71158
broom,35747
wings,509421
scythe,18054
evolution,503
basket,22512
chair,118996
desk,47309
cyclops,3191
fireworks,15085
studio,246
airship,1311
jeans,36158
404,123
phone,119841
chikuwa,376
cunnilingus,13040
seppuku,127
kamaboko,1325
alien,9547
kiss,74514
curry,3419
bear,6756
speculum,295
greaves,12055
thread,2205
phonecard,162
bread,17498
samurai,3412
lance,5549
mg42,1048
takoyaki,2374
scarf,240144
violence,692
table,99081
erection,117629
goldfish,4648
cellphone,111759
airplane,15719
wine,10276
gattai,343
forehead,52907
penguin,8136
teacher,5629
rejection,559
comiket,772
noogie,80
dragon,31994
kneehighs,144686
ouija,62
graduation,1045
kigurumi,2510
cumdrip,36065
peeing,12513
chicken,5502
headbutt,476
blush,3395246
headshot,435
webcam,266
origami,2325
anal,60446
shinai,1556
medicine,634
drink,29204
diagram,664
japan,1085
computer,16944
sunbathing,317
heterochromia,138016
nazi,1023
classroom,21483
night,138500
giant,15210
portrait,103256
sweater,241564
mirror,32974
merchant,131
dinosaur,3148
voyeurism,2387
kappa,947
angry,50614
syringe,11930
goat,1525
river,9122
flail,548
ahoge,771859
bridge,11390
ink,2977
laundry,1755
sticker,9610
hakama,56942
abacus,165
science,322
ukulele,416
sleepy,10957
motorcycle,10768
undressing,62188
lollipop,32587
stain,1487
seaside,246
decapitation,1252
catfight,625
helmet,92838
oni,40746
maracas,875
cannon,17919
ferret,1291
slippers,18659
parfait,5965
laptop,9535
amputee,8172
bra,231946
minigun,893
jacket,1160341
robot,76332
cooking,10321
thighs,672622
sink,4567
sleeping,84937
melodica,172
tank,9831
rainbow,11416
p90,1156
toothbrush,4430
4koma,105602
obi,93129
gao,1093
smoke,48885
faucet,3236
ring,102869
udon,846
handcuffs,14560
voodoo,71
shorts,531997
sandals,123496
scar,132765
bucket,17992
mop,3912
landscape,8212
microphone,59807
escalator,577
turtleneck,144818
halo,352251
mole,310056
maebari,9769
choker,493229
pumpkin,14150
staff,68472
negligee,3357
lantern,32308
dog,35474
pickaxe,1768
duster,2061
collar,227049
cleric,145
explosion,13008
necklace,299537
sailor,5821
cameltoe,109056
isometric,1210
suplex,508
pov,153355
suitcase,9889
wind,59944
electrocution,579
shaving,469
mace,2712
spear,27081
corset,53352
tomboy,10883
lotion,4470
interview,742
crown,80109
penis,480839
sushi,5601
eating,97751
cauldron,1209
henshin,1780
tan,67205
catsuit,883
rope,58798
leaf,120261
forest,41770
surreal,5654
steam,62800
hole,1351
pen,24047
pachinko,224
legs,166080
pointer,2673
pasties,28532
glowing,117537
ham,347
bag,262546
braid,746162
omake,369
censored,533866
chocolate,28493
tsundere,5616
meta,1231
pussy,421649
ufo,3357
siscon,190
china,503
razor,655
party,906
nabe,459
dragonfly,1178
shogi,731
fujoshi,652
pencil,13289
violin,6246
bench,18624
wolf,8613
duel,4287
fire,88015
bodypaint,6147
joke,78
monocle,10986
shanghai,66
crepe,3460
gymnastics,1191
barn,370
cross,86223
bottomless,106854
gift,45557
tsurime,50174
striped_panties,44966
lowleg_panties,7458
grenade,4688
ejaculation,58815
bow,1382288
wrestler,555
crab,7424
sweat,617979
candle,21887
snorkel,1969
halloween,37194
cleavage,1161007
singing,13903
drugs,1774
hanbok,2277
article,118
teacup,37063
dominatrix,2736
flustered,4858
armor,253442
toddlercon,1031
battlesuit,67
spiral,1009
thief,217
bassoon,67
disguise,980
campfire,2196
sheep,5822
puppet,4929
axe,17242
birthday,12754
spill,4733
cannonball,97
gakuran,23746
piercing,136456
squash,145
satellite,494
lipstick,63991
cast,972
school,7497
chocobo,1428
lighter,2378
lion,3006
wet,168275
cpr,63
baby,7344
stats,1230
submarine,703
chopsticks,28628
corn,1700
camouflage,12165
thong,37206
doctor,2228
precum,18636
foreskin,11174
construction,244
groceries,918
mimikaki,2858
parasol,13994
nosebleed,14680
dagger,17658
gangbang,21055
prolapse,527
squid,2456
usb,753
rice,10807
horse,11385
scat,457
uncensored,159069
surfboard,3757
whip,8063
snowman,6954
pegasus,1263
wizard,1285
eclipse,837
shade,18041
turtle,3292
pinwheel,1643
hug,141826
sad,14291
gag,25398
map,5446
imac,78
leggings,19428
dodgeball,118
overalls,25998
wand,23875
tonfa,1218
snowball,1750
cow_ears,22265
thermometer,1590
hanafuda,707
dice,4873
elvaan,1037
hume,642
tarutaru,476
kettle,2705
ganguro,1203
propaganda,354
tampon,66
crowbar,1393
red_hair,616651
excalibolg,139
alphabet,128
mummy,1268
tape,10629
ball,46747
trombone,454
harem,3675
fountain,2140
lips,153523
dogpile,190
fetus,219
eustoma,81
sunglasses,117319
chimney,2015
peanut,346
pet,1522
comparison,1814
:3,140548
pizza,6299
coat,287113
armpits,278731
newspaper,4864
harisen,435
smoking,27821
yakult,174
antlers,24698
laser,2431
nature,57179
meal,247
lonely,679
lacrosse,115
parade,140
ofuda,27379
chaps,3145
mandrake,274
fedora,8039
gloves,1589090
cardboard,433
box,64506
van,1222
dragoon,184
gypsy,62
nightmare,507
dam,85
autumn,8113
sauna,1509
dive,135
boots,584356
katana,71922
fruit,126223
couch,62480
leather,17036
bishounen,24367
restaurant,4437
confession,2159
doggystyle,34883
champagne,1987
boxcutter,1576
hood,356378
clean,58
snake,26291
kitten,1027
rooftop,5502
briefs,3079
lobster,665
boxing,744
tears,260037
badger,63
spurs,770
sideboob,134688
tabi,21707
bacon,1041
teeth,609301
blazer,82558
suikawari,781
display,349
sashimi,499
banchou,584
blurry,264271
animal_ears,1393221
cardigan,97309
orgasm,19402
cocktail,1843
circus,262
cuffs,37938
vest,255591
shibari,18534
dressing,7795
winter,14220
vines,14919
sportswear,28116
latex,13453
harness,19966
nightshirt,263
park,2445
whale,3291
twister,414
waterfall,6695
torture,1296
leotard,249222
bankai,460
naginata,2661
femdom,18783
space,19346
afro,3770
chick,7344
guillotine,214
dusk,4981
cape,251354
elephant,1200
grass,90467
calligraphy,1149
lake,6753
clover,6569
tickling,3290
nerv,725
uterus,9292
cage,5936
scissors,11551
dwarf,2781
running,36523
beads,48325
death,6738
prank,1178
tools,1511
commercial,66
side-tie_panties,44558
cart,1170
glasses,421074
bell,136191
bikini,585137
enema,715
sign,29974
dark_elf,8031
gym_uniform,36739
tank_top,95804
lizard,1488
revolver,7829
bard,332
fighting_stance,27585
sarong,16882
straw_hat,27988
crotch_rope,4386
ringlets,7353
stairs,30509
crest,2929
golf,318
panty_pull,52617
open_shirt,131307
mecha_musume,13960
garter_belt,32206
new_year,28217
zebra,233
harpy,5941
piggyback,5750
slave,4795
weightlifting,1586
hairjob,1513
bottle_opener,100
tankini,2379
soap,2506
naked_ribbon,6936
pout,30551
lamia,5644
anal_beads,8032
military,104479
whisk,3495
naked_apron,11398
salamander,281
judge,276
orc,4348
pimp,198
nintendo_ds,1397
clockshow,192
saliva,129201
shackles,12907
curling,61
oar,1035
suspenders,82228
trap,64982
fighting,6682
demon_girl,101067
black_socks,123036
warrior,1049
drill_hair,106145
ass,674334
angel,24475
wooden_horse,771
fallen_angel,949
blackmail,304
bokken,1182
peekaboo,52
drunk,17005
otaku_room,487
meme,66139
salt,426
radio,1901
shuriken,3442
hawk,902
homework,304
flying,37242
dancer,6514
ferris_wheel,2367
church,4267
quilt,139
black_cat,16515
straitjacket,1481
nipple_tweak,19827
crucifix,60
reclining,9558
hamster,3538
eye_beam,360
green_hair,487750
ice_skating,620
pixel_art,24389
spaghetti,1591
sheet_music,2415
fence,27323
thumbs_up,16256
bicycle,7779
relationship_graph,407
waiter,1516
boombox,658
eggplant,1923
red_eyes,1474412
sarashi,29503
paintbrush,15451
bustier,5829
ladle,7473
breasts,4032768
potion,2857
dress_shirt,143316
jump_rope,875
hoop,1438
female_ejaculation,11805
shoes,676295
bathtub,11189
porch,1375
windowsill,1426
ice_cream,29105
fellatio,78693
watermark,167631
cocoon,227
breast_bondage,3663
detective,1977
sticky,183
airbrush,50
dr_pepper,498
microwave,1074
mahjong,2348
bomb,3006
cheetah,116
cd,1638
electric_fan,5052
cleaning,2308
train_station,2858
city,29487
hallway,5203
parsley,89
eyeball,19621
shirt_lift,92882
skirt_lift,81921
sign_language,224
pudding,4742
nipples,949613
zoom_layer,28543
inflation,2807
white_day,1329
paladin,185
cannibalism,599
steamroller,177
giraffe,608
sniper_rifle,10199
viera,2847
stethoscope,4590
ninjatou,442
galka,68
attack,4577
leg_lift,19066
warehouse,260
animegao,250
cantaloupe,257
cigar,4519
antenna_hair,95142
are_you_my_master,193
help,89
dango,8895
windmill,1375
miniskirt,309917
anpan,261
kitchen,7967
boat,7590
lunch,105
diaper,1476
mutual_masturbation,1131
booth_babe,99
blanket,23811
cupid,275
butt_plug,5983
character_chart,118
navel,1335588
jungle,1170
zipper,47387
makeup,152163
falling,13330
5koma,4247
bodysuit,145752
puppy,1329
wheelchair,2894
gothic_lolita,19573
bdsm,74480
humiliation,4533
comet,890
stuffed_lion,536
april_fools,2025
whip_marks,935
merchandise,1560
wedding_dress,25967
internal_cumshot,9959
viking,493
noodles,9093
licking,48375
minotaur,1314
blacksmith,344
teapot,16781
king,453
donut,13983
magatama,13236
carousel,1188
cream,5395
spotlight,7062
trumpet,3275
icing,2381
punk,1732
g-string,3706
mistletoe,710
sick,1888
model,355
chastity_belt,593
love_letter,2601
jersey,3353
library,6091
scooter,2067
fanbook,160
crazy,1702
koonago,425
snail,2011
bent_over,70355
strawberry_panties,1199
fighting_game,825
hungry,1270
pacifier,2878
kunai,5713
teddy_bear,31223
dungeon,1033
midriff,341327
throne,7263
martini,223
belt,410894
pauldrons,42473
high_heels,236308
knitting,613
lap_pillow,9727
ending,103
stereogram,63
panda,4053
soldering_iron,138
dancing,18588
washing_machine,1959
toilet_use,1715
faceless_male,40014
family,8223
crotch,7023
grill,1512
double_dildo,1246
librarian,95
dystopia,55
panorama,130
bonsai,987
halberd,2368
famicom,420
nes,74
gamecube,294
honey,1794
toothpick,823
suspension,4498
dawn,1316
kite,712
notebook,8738
yakisobapan,275
elbow_gloves,347496
suit,86588
mouth_hold,88762
wig,1900
russia,727
net,1251
hair_rings,51265
flag,19521
marker,3062
vespa,402
fashion,8827
albino,7871
archery,1673
crow,7732
shark,4456
middle_finger,6605
contortion,482
rhythmic_gymnastics,658
prosthesis,10893
crutch,831
bedroom,17127
naughty_face,31699
uso_da,53
cabbage,1121
drugged,1082
mayonnaise,592
bowl,37016
futon,10196
shaved_ice,4157
railroad_tracks,3083
witch_hat,114299
wading_pool,1582
shinsengumi,2010
door,26087
kneeling,134649
duck,5923
anna_miller,563
vaginal,230518
cowboy_hat,10051
rocket,1597
ice,30543
spread_pussy,34593
clitoris,22913
truck,2812
paddle,3964
boxers,3527
yarn,1918
zettai_ryouiki,148221
prisoner,539
pretz,81
dartboard,260
cockroach,908
vore,1625
recipe,133
sandwich,5955
sea_angel,127
scorpion,368
animal,120869
bamboo,12079
sisters,75289
unzipped,17188
rokurokubi,78
meteor,683
bib,1395
chainsaw,4517
spandex,3017
elevator,1221
transformation,6843
mandragora,245
crib,152
android,26203
bonnet,13380
potty,80
bottle,84148
rattle,827
breath,55549
town,3945
big_mouth,88
tongue,451342
summary,68
mauser_c96,518
crotch_rub,2634
wet_spot,446
overshirt,134
close-up,53073
pendant,40843
pond,3232
lineup,5103
torn_clothes,172574
pants,537588
reindeer,1553
toothpaste,723
blue_hair,1005194
blue_eyes,2046270
green_eyes,986089
scanlines,800
shotgun,6358
conductor,465
sculpture,568
tricycle,276
scared,17375
swimming,5804
canada,144
silhouette,19835
fox,9164
jumpsuit,12113
lifeguard,837
asian,2862
rock,31744
quiz,57
singlet,765
sundress,18745
air_jordan,547
soup,2294
shamisen,581
feeding,10488
shower_head,4245
stripper,1212
mittens,18313
harp,1406
@_@,43035
raver,330
abstract,4403
apartment,1732
ocean,119467
showdown,69
rickenbacker,111
army,1330
twincest,2930
policewoman,8094
island,1937
frogtie,4917
t-back,377
punishment,376
swing,3600
claws,64429
nipple_clamps,1447
kindergarten,608
pink_hair,834738
nipple_rings,5087
spreader_bar,1473
deepthroat,6152
weapon,682385
baseball_bat,11219
stocks,790
jellyfish,5003
reflection,46959
soba,733
bathroom,13653
dirtbike,133
loud,88
paper_airplane,1939
spread_anus,6728
bad_end,1887
bowtie,374354
annoyed,15740
seatbelt,1361
mohawk,4654
breast_smother,2292
panty_mask,279
neck,2842
cup_ramen,2467
monk,984
crosscounter,193
lens_flare,43790
barefoot,426164
flexible,6277
ballet,2089
forehead_mark,30855
manly,10150
blouse,48003
familiar,914
watch,35332
cityscape,20178
bust_chart,512
bracelet,224733
open_mouth,2803656
wrench,5567
whistle,10879
zero_suit,3588
soft_focus,263
tanabata,2552
kyuubi,6489
spring_onion,7356
open_robe,3307
foam,1409
charcoal,51
potato,1790
unicycle,145
battleship,1008
graveyard,2396
webcounter,58
globe,2198
heaven,175
tribal,2105
gown,4502
badge,12989
sitting,1093334
bagpipes,109
owl,4896
costume,4626
1up,283
shampoo,532
yobai,89
double_penetration,11865
ice_cube,4646
nyoro~n,370
ruined_for_marriage,399
coffin,2192
red_leather,131
grapes,8081
fbi,134
dvd_cover,1251
tatami,18606
kangaroo,153
brooch,76705
clow_card,581
pendulum,2045
suicide,1134
pubic_hair,156553
nail_clippers,216
armpit_hair,8123
wii,375
shirt,2258986
subtitled,6002
child,65142
entry_plug,316
farm,585
gas_mask,4859
volcano,1074
field,17389
headless,1913
phonograph,2463
italy,534
thinking,6331
yogurt,268
wedgie,6900
bone,8294
clarinet,295
pocari_sweat,804
storm,1358
fork,28695
shinigami,897
hot,8471
macintosh,272
skating,925
dj,637
smother,269
lineart,13185
petals,146331
bud,2720
clay,144
shadow,138378
smoked_cheese,54
llama,159
spitting,2495
long_hair,5090058
black_eyes,274823
black_hair,1783161
bandana,28057
happy,113529
hanetsuki,1421
stained_glass,5077
rubik's_cube,796
nose_hook,354
united_kingdom,418
shitajiki,67
a6m_zero,400
bf_109,151
fw_190,58
p-51_mustang,70
royal_navy,264
imperial_japanese_navy,690
kriegsmarine,179
stake,486
bear_panties,834
germany,782
france,525
portugal,54
supermarine_spitfire,114
triple_penetration,1437
cervix,3763
moai,257
bomber_jacket,3525
lamprey,102
kendama,383
earrings,684117
torii,14305
ai_ai_gasa,887
april,264
halftone,16244
pussy_juice,125834
perspective,8725
educational,201
outdoors,641426
tempura,2381
locker_room,4461
frying_pan,5326
height_chart,1401
hostage,120
sumo,427
raincoat,5492
candy_cane,4530
falcon,518
nekomata,9523
village,1029
cyborg,10656
brain,1483
walking,44704
feathers,88308
concealed_weapon,525
wet_skirt,920
open_kimono,15838
realdoll,56
cd_player,303
bathrobe,1334
incense,714
ar-10,77
holly,3071
cowboy,913
:o,214522
faceplant,607
white_dress,341260
tight_shirt,3219
marshmallow,1359
tunnel,709
hammock,1494
taco,396
sexy_no_jutsu,193
couple,82583
august,275
tardis,50
thumb_sucking,563
pointless_censoring,15664
chef,2691
chef_hat,5722
tennis_court,592
dessert,4236
bee,1330
koala,474
eyeshadow,59704
camel,269
indian,566
toy,5235
drainpipe,423
hibiscus,14300
nearly_naked_apron,1564
arcade,876
short_hair,2611274
march,234
poison,798
police_uniform,12133
pain,2959
interracial,28102
riding,19044
frisbee,322
concert,2490
dynamite,585
machine,2022
oiled,391
scarecrow,451
robe,50239
soldier,4878
nipple_piercing,18399
hunting,138
alley,3618
sand,29821
screentones,3796
stormtrooper,259
space_shuttle,185
locked,57
undead,1800
sewer,201
torpedo,9404
beard,57493
freckles,49655
bridal_veil,18054
lightning,7952
steampunk,1789
werewolf,2125
at_field,113
july,280
deredere,64
sauce,1169
january,227
clock,23106
refrigerator,3409
onion,1371
coconut,1473
pointy_ears,470383
shawl,31605
eagle,2336
tube,2781
sand_castle,1378
red_panda,533
coach,421
purple_eyes,957385
riding_crop,4575
raft,310
beach_umbrella,10080
veil,72885
tail,939268
standing,1078647
:p,45291
bat_wings,65934
furry,102483
striped_thighhighs,61858
gesture,641
top_hat,38481
raccoon_ears,16708
mesh,156
kidnapping,628
butter,1741
toaster,297
confrontation,666
skull_fucking,79
jetpack,1226
hair_down,35152
ring_gag,1371
loose_socks,16187
logo,61009
shirt_pull,9223
moonlight,4188
union_jack,2555
glomp,1758
mud,963
stretcher,144
chalk,1901
you_gonna_get_raped,4809
cotton_candy,2511
mustache,33994
billiards,427
rubber_duck,6093
meadow,1063
sack,14543
television,13088
nunchaku,628
list,130
timeline,86
spread_legs,292497
air_conditioner,2785
taser,148
troll,143
spatula,4016
sundae,1952
clash,400
purple_hair,755161
optical_illusion,391
construction_worker,153
lion_ears,12668
school_uniform,899760
stream,2091
plump,37490
tropical,458
brown_eyes,942897
grey_hair,826419
white_hair,843080
av_idol,261
overcoat,1944
bloomers,24904
jewelry,1287438
streaking,108
whipping,298
nissan,1207
magnifying_glass,3009
>_<,76625
glass,21498
sepia,9052
black_panties,154672
blue_panties,27502
geta,20964
clipboard,10604
pink_eyes,338670
aquarium,1648
pornstar,70
strap,13585
golf_club,1235
igloo,185
sidewalk,2322
stress,85
brown_hair,1746602
tutu,2042
barbed_wire,1773
iron_maiden,122
oden,569
writing,5195
see-through_dress,6984
autofellatio,275
pope,89
koinobori,720
pull,74
maid_cafe,414
everyone,16342
tambourine,1006
empire_state_building,50
chemise,3282
queen,712
phallic_symbol,2390
giant_monster,1363
toes,184420
office,3351
3koma,20484
broccoli,1186
duffel_bag,3933
posing,991
ambulance,165
fart,424
skunk_ears,271
dirty,11861
hydra,158
pitchfork,693
black_dress,292352
armlock,145
street,9816
breakfast,441
scales,22025
blind,1510
anchor,14497
labia_ring,76
scepter,3335
robot_ears,7598
excited,2859
shaking,1980
satyr,455
nymph,110
crucifixion,729
summer_festival,2141
baking,918
lemon,6673
cramp,77
fox_tail,121581
cassock,1003
twin_braids,208590
cereal,236
sketching,387
fox_mask,15826
noose,1961
midair,8464
monitor,14604
mountaintop,163
blood_bag,1539
postcard,336
airport,446
sega_saturn,158
danmaku,6313
platform_heels,3144
karada,75
tail_grab,2130
buruma_pull,1498
cathead,180
hand_in_pants,366
ruler,1854
bikesuit,2510
typhoon,65
undershirt,20695
pig,3877
dark_skin,334962
materia,1252
suppository,180
floating_island,1515
cunt_punt,94
aura,15471
orca,958
studying,775
inflatable_dolphin,459
strap_slip,44225
worried,4570
hymen,411
unzipping,1647
ronin,97
sewing,1147
absolutely_everyone,1088
tennis_racket,2765
pactio,183
reading,19983
pole,7893
hogtie,1062
wire,3783
orange_hair,283963
blonde_hair,1800510
yellow_eyes,827805
grey_eyes,225925
aqua_eyes,209245
rod,273
fusion_suit,78
pink_panties,53820
aqua_hair,143335
north_korea,89
orange_eyes,205803
umeboshi,223
buried,778
starfish,7838
love_train,257
cradle,134
nail_polish,282480
bong,140
fishnets,73983
have_to_pee,3309
condom_in_mouth,6472
shield,32487
public_service_announcement,100
broom_riding,10089
bra_lift,10744
first_aid,271
junk,282
trash,1064
decay,123
shipwreck,367
gladiator,299
gladius,109
saucer,11184
nyan,1100
blizzard,337
cliff,4135
lubrication,206
sticks,60
cock_ring,950
armadillo,132
hitchhiking,166
yacht,99
rally_car,180
chipmunk,292
opera_glasses,75
forced,545
rosary,833
team_rocket,3481
triplets,1389
mat,1800
chess,1123
aztec,718
inline_skates,1648
september,220
waffle,757
disco,93
sweatdrop,269081
bald,18579
kokiri,216
umbilical_cord,157
poker,581
peacock,471
flying_squirrel,140
accordion,330
swimsuit_under_clothes,17532
art_nouveau,1655
wardrobe_malfunction,10171
harem_outfit,5204
embarrassed,113547
baseball_cap,59669
stylus,5281
stool,12731
dove,4154
sandbox,162
androgynous,52667
drinking,22200
happy_birthday,50803
mail,312
envelope,6515
evil_grin,7722
funeral,298
spork,697
poncho,3039
string_panties,14693
driving,5127
triforce,3043
fins,39221
teruterubouzu,1692
nudist,1116
anklet,24690
shirt_grab,2121
night_sky,66153
pink_dress,75146
green_dress,46145
yellow_dress,19996
beating,102
bulge,39619
band_uniform,1091
age_comparison,1587
june,282
nail_bat,1263
time_paradox,8106
comb,3320
bartender,1886
cane,8977
tent,2422
wetsuit,1904
morning,3372
audience,1776
internet,153
key,18047
skirt_pull,10277
banana_boat,486
letter,6938
crossbow,2582
anal_fingering,3752
slip-on_shoes,76
keyblade,1033
loose_shirt,1767
crocodile,637
ak-47,854
frills,604902
taiko_drum,608
diorama,807
raccoon,1547
racing,732
magic_circle,11681
greatcoat,56
midnight_bliss,454
hikikomori,145
3:,8504
ass_shake,1871
hoodie,159951
upshirt,1513
arrancar,1024
sliding,631
mascara,4940
wet_shirt,18514
battle_axe,2925
solo,5801282
chop,277
keep_out,1113
shy,11454
music_box,255
mechanic,902
denim,85103
shrine,5494
eraser,3594
good_end,1368
distress,375
spacesuit,6293
astronaut,1814
backflip,215
spider,3134
meditation,467
gohei,18145
from_behind,273267
necromancer,302
babydoll,12052
track_suit,11771
trophy,1239
thumbs_down,973
money,7922
statue_of_liberty,271
tiger_ears,19513
gym,2630
mug,33230
tengu,1688
cleaver,1703
ritual,134
mutilation,107
beret,120435
furball,74
tight_pants,8050
politics,223
africa,55
keytar,492
bookstore,267
pants_pull,13268
serafuku,345659
chat_log,2102
ladybug,1433
organization_xiii,456
objection,207
pegging,639
skydive,145
parachute,556
body_writing,12701
shell_casing,4285
cerberus,438
salute,18016
seventh_holy_scripture,91
tea_set,1108
hanami,1029
boxing_gloves,3458
surprise_buttsex,52
trample,302
office_lady,18803
weather,78
quality,218
pearl_necklace,11848
nvidia,148
sharing,242
drumsticks,4698
smug,27068
hanging_breasts,23345
popularity_contest,82
log_cabin,78
lying,516534
wet_panties,6975
saliva_trail,23410
breast_press,57163
premature_ejaculation,300
zeon,2185
war,1512
anatomy,426
tailjob,652
choir,99
cloak,60538
ballerina,2611
menstrual_pad,190
ga_rune_pose,124
nipple_penetration,605
injection,455
white_devil,323
zenra,836
pie,2844
green_tea,1404
skiing,264
skis,332
sausage,2296
patio,90
dirt,1559
bodystocking,22543
miniboy,6410
glass_table,829
gym_teacher,198
yakuza,462
navigator,60
sunlight,90115
tower,6929
bike_shorts,55785
waking_up,7922
poop,666
garden,2544
sailing,160
detonator,495
stealth_sex,1986
snowboard,641
sweden,215
honda,1607
ketchup,2604
sneer,322
bedwetting,203
shears,261
pilot,1261
open_shorts,4296
foot_worship,1009
engineer,125
yandere,8017
marijuana,343
hairy,7102
orange_hat,5986
bad_anatomy,17045
yen,515
strawberry_shortcake,3992
hawaiian_shirt,3311
how_to,1492
creature,25215
centaur,2271
giantess,10037
black_bikini,136141
black_skirt,363600
unicorn,2139
actress,81
collateral_damage,53
fansub,140
tokyo_big_sight,550
heartbeat,1992
heron,126
snow_globe,913
sneakers,79943
white_panties,209718
hair_bow,616674
mary_janes,47732
school_bag,36501
wakizashi,1552
subway,609
brazil,463
kraken,118
compensated_molestation,74
whispering,2801
clothed_sex,44239
prison_clothes,1944
sports_bra,38971
vanilla,57
lamp,19597
frown,126670
school_briefcase,1984
ruins,12830
cyrillic,937
still_life,8780
no_pupils,16897
crash,427
dinner,273
power_lines,12052
skinny_dipping,396
all_fours,66753
quiver,7028
abuse,1398
white_thighhighs,283521
binary,825
jungle_gym,234
playground,967
fingerless_gloves,306524
headdress,19042
wyvern,1160
bored,1803
striped_socks,9648
queue,286
crowd,7375
tuxedo,3704
haori,21157
venus_flytrap,269
nurse_cap,28096
donkey,219
double_vaginal,310
indoors,439451
crossed_arms,99495
doll_joints,11202
flaccid,6590
off_shoulder,282027
shirt_tug,4142
catheter,207
top-down_bottom-up,23820
photo_album,414
evening_gown,5139
climbing,1868
winter_clothes,21666
bakery,683
ocarina,590
soviet,1166
communism,206
ferret_ears,424
dutch_angle,136448
long_coat,10273
boar_ears,235
boar,1624
product_girl,274
tractor,136
holding,1711291
chinese_clothes,132381
clown,1741
the_pose,10139
dojo,207
dress_lift,36999
space_marine,128
zombie,7907
pixels,218
looking_up,82990
ceiling,6731
belly,19160
jedi,462
giant_brush,461
soles,123390
kagami_mochi,1135
armlet,50280
short_kimono,15648
kimono_skirt,1895
airsoft,141
pink_thighhighs,16012
open_coat,57617
gerwalk,259
model_kit,1081
open_clothes,598344
daruma_doll,2040
puffy_nipples,39579
husky,390
bara,82637
kogal,9155
rope_marks,400
hair_bondage,128
butler,3583
cuts,5574
dragon_girl,47495
sheep_girl,5432
cpu,50
hot_dog,1878
animal_hat,16702
demon_boy,9725
bathhouse,1035
empty_eyes,39477
genderswap,53417
dryad,265
ribs,12909
white_eyes,20764
wiggling,112
wiping,889
bare_shoulders,1133934
nipple_torture,339
realistic,26471
wide_hips,46054
hanging,2428
puddle,6752
pantyhose_pull,12670
whiteboard,1350
scouter,1044
ice_fishing,91
herb,334
canyon,541
gangster,217
inverted_nipples,18509
bee_girl,935
fishnet_pantyhose,31720
mallet,3821
irony,375
skyline,3195
wet_clothes,54415
nose_pinch,173
:<,45861
gimp_suit,254
manly_tears,81
stick,7453
spikes,53176
marionette,584
wa_lolita,1217
confused,4471
lure,75
fishing_rod,6077
anteater,122
scroll,10674
geass,331
shearing,62
florist,174
steyr_aug,215
white_shirt,1073230
roe,306
waiting,484
tantrum,766
love_triangle,433
iridescent,934
terrorist,53
folding,51
black_wings,55409
luftwaffe,137
parrot,1363
nose_picking,258
cum_in_mouth,33770
slide,713
pillory,789
back,104565
blue_dress,146552
prison,1058
stuffed_rabbit,18211
red_shoes,53683
desert,4394
balcony,3901
hatsuyume,228
sari,220
bindi,1510
fever,760
jigsaw_puzzle,441
self_bondage,142
take_your_pick,8322
ukiyo-e,622
black_dog,215
cousins,3840
siblings,129403
gerudo,1467
foreplay,914
hairdressing,2802
fabulous,619
torn_pantyhose,36983
tennis_dress,109
sheep_ears,5674
nipple_chain,1164
petting,5075
playing,1515
petite,23156
flat_chest,202121
pentacle,1836
bear_ears,12524
shopping_cart,1260
huge_penis,12644
barrel,3340
take_it_home,378
tour_guide,572
megaphone,5382
mushroom_girl,272
star_of_david,1573
joystick,1073
curious,864
clitoris_ring,531
blob,919
movie_poster,1208
platform_shoes,5133
math,1269
double_bass,317
hand_in_panties,3378
wind_lift,17014
telescope,1763
victory_pose,468
gills,1776
egg_vibrator,6508
blue_skin,31659
robot_girl,4850
energy_blade,916
brothers,15739
braces,1172
lego,436
statue,7694
aircraft_carrier,653
curvy,57591
beans,1485
bleeding,6300
dreaming,3315
hiding,4967
grinding,4949
watering_can,3208
armband,67130
kunreishiki,500
stretch_marks,136
bride,9367
pillow_fight,230
energy_sword,7369
note,1268
princess_dress,129
benelli_m4,171
choice,286
gorilla,744
pharaoh,138
zora,1520
energy,8123
floor,6216
smelling,5674
vomit,635
notice,59
public_nudity,4603
chandelier,3443
strip_mahjong,129
surfing,1145
red_coat,18897
t-shirt,80107
ape,353
skeleton,10954
code,68
sash,165488
lunchbox,587
side_slit,49411
3d,21803
clitoris_tweak,228
graffiti,4692
stealth_masturbation,467
breast_slip,3617
shorts_pull,8524
hair_brush,3012
bra_pull,7951
skipping,239
open_jacket,298516
panties_aside,26957
fertilization,3311
draenei,521
bad_feet,3700
toe_sucking,234
dual_persona,48322
caterpillar,576
saw,2039
counter,3803
cave,3497
cafe,3592
aircraft,22279
thorns,7375
stuffed_animal,80294
hairpin,36703
wax,357
breast_expansion,2090
bound_wrists,23426
bound_knees,236
bound_legs,10074
under_table,3474
celtic,84
argentina,271
mosquito,280
paper_doll,353
kaleidostick,1251
squirrel,3387
shovel,4899
seashell,4583
conch,774
2007,948
february,229
sponge,1922
skates,5670
lemonade,498
missionary,37253
bound_arms,17207
pompadour,5317
briefcase,5592
hair_ornament,1674733
chained,4365
setsubun,2686
eggshell_hat,185
bonfire,465
accident,1043
sewing_kit,139
goatee,26963
studded,166
whiskers,10821
alarm_clock,3260
bound_torso,1234
legs_up,40019
bound_thighs,745
separated_legs,485
bound_feet,163
dog_tail,39026
quill,4521
byakugan,655
pig_girl,488
modeling,423
speed_lines,11769
flashing,6443
bluebird,348
open_bra,2703
demon_tail,70835
pirate_hat,7036
car_crash,247
cranberry,86
goblin,3249
master_spark,493
harvest,108
stick_figure,576
anatomical_nonsense,454
harmonica,258
sketchbook,3443
paper,35995
red_skin,15970
crotch_grab,1080
petticoat,20849
mannequin,1477
ak-74,329
brick,1572
girl_on_top,75051
lighthouse,1606
caramelldansen,655
boxer,167
cold,4212
bad_ass,102
stoned,137
shopping_bag,8909
highway,514
credits,1237
olive,327
vibrator_in_thighhighs,1749
headband,113531
side_ponytail,201055
shinto,231
broken,9007
pig_ears,1133
hare_hare_yukai,174
open_skirt,3009
toucan,322
tamagoyaki,1212
thermos,1405
cola,1228
satchel,3221
3d_glasses,416
gyuudon,281
2005,940
2004,541
plunger,170
caught,4083
energy_ball,3180
untying,1876
ichigo_daifuku,151
tofu,820
beetle,1253
sunrise,4205
figure_skating,603
fisheye,5941
rapier,5871
yakisoba,863
rifle,47029
destruction,2808
adjusting_panties,1035
strapless,186167
budweiser,99
necrophilia,277
pantylines,4739
ittan_momen,51
akanbe,2043
lucky_channel,53
skateboard,2579
chocolate_cornet,560
striped_pantyhose,10657
motteke!_serafuku,241
bow_(weapon),26893
snow_boots,288
winged_shoes,1209
goldion_hammer,52
breast_sucking,14065
panties_on_head,1504
engine,577
long_sleeves,1885791
virus,80
train_interior,9078
train,5312
toilet_paper,1675
pleated_skirt,583285
aerobics,70
sailor_hat,20315
monkey_girl,1056
gardening,373
peeling,640
lowleg_bikini,5653
tokyo_tower,477
angel_mort,430
stole,3244
golem,730
recording_studio,249
pier,1403
bus_stop,1798
jar,7173
pun,8172
cicada,432
aerosol,64
no_pants,66572
runes,2114
siddham,138
twin_drills,57764
victorian,1035
native_american,1819
eldar,246
chocolate_making,925
bullying,1164
vending_machine,3770
swimsuit_aside,5957
fin_funnels,323
mig-29,77
angel_wings,46013
nyotaimori,350
trefoil,3890
onmyouji,1559
alternate_color,27760
envy,215
stepping_stones,282
wading,43912
:d,637913
embryo,58
lyre,1679
infirmary,1373
shopping_basket,718
supermarket,585
dock,1206
chameleon,347
leech,109
necktie,528823
wrist_cutting,820
grin,283297
symmetrical_docking,12015
asymmetrical_docking,12304
ptsd,198
intravenous_drip,2736
earphones,12345
chariot,192
ipod_touch,84
tokyo_(city),1447
soy_sauce,830
submachine_gun,11279
bousouzoku,197
machete,546
buruma_aside,1128
synthesizer,303
unbirthing,126
cutlass,550
hatching,433
facepalm,1538
earbuds,4748
wolf_ears,94069
ouroboros,350
walnut,127
domestic_violence,85
baseball_uniform,3947
high_contrast,3823
gunship,54
lifebuoy,4941
asahina_mikuru_(cosplay),94
suzumiya_haruhi_(cosplay),341
nagato_yuki_(cosplay),175
fate_testarossa_(cosplay),150
1996,152
third_eye,51573
chun-li_(cosplay),584
daidouji_tomoyo_(cosplay),56
kinomoto_sakura_(cosplay),427
player_2,1283
meer_campbell_(cosplay),83
cure_black_(cosplay),218
cure_white_(cosplay),196
ryuuguu_rena_(cosplay),59
char_aznable_(cosplay),108
tenjou_utena_(cosplay),150
ayanami_rei_(cosplay),510
suigintou_(cosplay),102
shinku_(cosplay),65
dejiko_(cosplay),91
lum_(cosplay),553
takamachi_nanoha_(cosplay),136
inaba_tewi_(cosplay),104
reisen_udongein_inaba_(cosplay),319
emiya_shirou_(cosplay),63
morrigan_aensland_(cosplay),789
konpaku_youmu_(cosplay),240
shiranui_mai_(cosplay),496
katsuragi_misato_(cosplay),96
diving,938
alice_margatroid_(cosplay),193
chen_(cosplay),119
remilia_scarlet_(cosplay),286
shameimaru_aya_(cosplay),182
hong_meiling_(cosplay),205
kamishirasawa_keine_(cosplay),68
patchouli_knowledge_(cosplay),199
ibuki_suika_(cosplay),90
yakumo_yukari_(cosplay),260
cloud_strife_(cosplay),184
sephiroth_(cosplay),89
mickey_mouse_(cosplay),109
kirisame_marisa_(cosplay),785
arsene_lupin_iii_(cosplay),54
izayoi_sakuya_(cosplay),412
kitsune_udon,187
kitkat,112
knee_brace,163
bracer,16390
stalking,437
leaning,5935
binoculars,4501
vulture,93
opening,330
trident,6576
otonashi_kotori_(cosplay),69
panties_on_breasts,96
polar_bear,1337
distortion,1256
hula,98
sun,24809
level_up,112
sweet_lolita,2101
pie_chart,103
handbag,29819
military_uniform,105390
paper_fan,7804
banner,5398
yoga,601
mikuru_beam,99
itasha,292
cat_slippers,225
measuring,1112
lint_roller,80
gourd,6647
saxophone,653
aperture_science_handheld_portal_device,143
too_many_cats,728
detached_sleeves,486427
safari_jacket,451
spirit,2723
rasengan,123
october,246
abs,111219
legs_folded,2031
headlock,604
matou_sakura_(cosplay),63
demon_wings,52633
costume_switch,8821
hakurei_reimu_(cosplay),1892
ranguage,9635
yin_yang,10835
orange_hoodie,2810
gold,13045
chest_guard,953
cum_in_nose,1422
swastika,1083
screwdriver,1805
sweets,3883
mortar_headd,102
lcl,399
cat's_cradle,745
warning_sign,1724
sleeveless_turtleneck,19189
hatsune_miku_(cosplay),2279
slug,707
m4_carbine,2679
raglan_sleeves,13360
piggy_bank,215
deer,2695
rake,375
donation_box,1820
castle,8898
shuttlecock,246
glowing_eyes,52233
dots,239
stilts,122
screw,1737
french_fries,5139
kusanagi_motoko_(cosplay),57
grave,1318
pineapple,1350
cat_teaser,2412
sailor_collar,329135
podium,235
upskirt,35624
cat_tail,184099
ipod_ad,131
impaled,2831
holster,18021
skin_tight,45367
cybertron,69
manta_ray,910
folder,1278
cymbals,706
french_horn,341
clock_tower,1916
bidet,82
ema,1940
between_breasts,55288
dew_drop,514
fire_extinguisher,633
heater,634
syrup,1404
red_dress,113036
quad_tails,6047
single_braid,150282
side_braid,65006
group_sex,67452
cabinet,3401
pump,208
digging,315
potato_chips,3641
panty_lift,1146
harem_pants,2528
battlefield,761
coal,181
red_wings,9544
table_of_contents,122
chalice,1704
laces,424
no_bra,111272
invisible,1080
gagged,22306
lead_pipe,974
meatball,379
hill,4741
leaf_bikini,412
green_skin,24589
left-to-right_manga,2844
bathing,15930
kodachi,260
variations,2882
eye_contact,54857
string_bowtie,68
cornrows,631
nude_cover,5930
flask,4891
the_monkey,165
boomerang,614
red_ribbon,216689
helicopter_hair,81
birdcage,3342
colossus,117
seaweed,1749
grey_skin,17952
heavy,792
spy,76
cat_paws,6512
colorful,6659
pink_shoes,18560
branch,27802
nipple_slip,19619
red_shirt,87424
purple_dress,60264
cathedral,569
high_jump,81
anvil,213
kagamine_rin_(cosplay),420
foreshortening,59535
cuffed,445
headset,42250
red_boots,21542
darkness,4141
purple_skin,14282
india,59
jester,1740
multicolored_hair,878055
old_man,12083
soda,2200
water_bottle,13124
butterfly_mask,215
elbow_pads,7673
stick_poster,599
sigh,3910
fusuma,883
roller_skates,3664
gradient_hair,170759
stove,2427
bubble_wrap,64
princess_peach_(cosplay),255
breast_rest,10675
jill_valentine_(cosplay),97
white_skin,51468
poverty,324
pillbug,233
flamingo,521
soapy,92
tackle,375
slums,64
fireflies,2390
pregnancy_test,993
mushroom_cloud,247
wet_and_messy,177
assault_rifle,19778
magic_trick,423
horse_ears,152990
pervert,8278
long_skirt,43729
checkered_panties,181
fingersmile,1026
print_panties,9890
long_tongue,7679
genie,541
ashtray,1219
kono_lolicon_domome,1341
chalkboard,11641
tray,42743
groping,109255
dripping,11378
insect_wings,11911
cork,1028
heart_censor,21041
ripping,425
fireplace,2296
stage,7395
obscured,57
crown_of_thorns,2406
butterfly_wings,7203
bridle,1010
tiptoes,15000
contemporary,27658
pentagram,6798
hannya,541
machine_gun,7595
greenhouse,730
torn_panties,1730
nipple_pull,1377
cammy_white_(cosplay),363
melon,1480
stereo,400
2001,249
tree_stump,2563
micro_bikini,50194
living_hair,669
controller,20547
skirt_flip,1246
ikari_shinji_(cosplay),149
nagisa_kaworu_(cosplay),53
lactic_acid_bacteria,58
bloom,4558
torn_jeans,2800
peplos,360
competition,285
handstand,1544
bandolier,1798
orb,9475
gargoyle,286
nervous,14413
scratches,4560
seductive_smile,12594
vaulting_horse,2249
leaf_umbrella,1174
shrine_bell,358
flandre_scarlet_(cosplay),302
shrimp_tempura,1656
chaise_longue,462
2002,376
amulet,1671
beanie,28177
mechanical_pencil,2400
severed_head,2661
flour,354
aurora,1627
puzzle,634
poland,144
caress,321
metronome,149
impregnation,4238
counting,224
purple_panties,15756
alcohol,42062
feet_on_table,854
no_shirt,12409
huge_breasts,258826
restraints,273
sled,388
power_armor,7316
circle_cut,2541
knee_pads,15585
lock,6777
medieval,1169
guard,144
red_panties,16579
blue_rose,19860
plate,53966
instrument_case,4364
papers,1550
short_shorts,163816
crotchless,8052
arm_support,104655
luigi_(cosplay),229
gnome,174
stew,461
curly_hair,40150
blowtorch,51
bouncing_breasts,31460
wheat,1999
mafia,432
cabbit,141
swatting,56
tifa_lockhart_(cosplay),385
frosted_glass,88
winter_uniform,48781
furisode,6990
fusion_dance,263
afterglow,1009
varia_suit,1138
wet_hair,17233
conjoined,285
cushion,10187
hand_in_pocket,41524
utility_belt,2992
icicle,707
nandeyanen,51
baggy_pants,9170
hair_flip,1424
zodiac,1327
school_desk,20442
mounting,413
2008,958
november,236
december,236
2006,761
1999,171
2003,395
wide_sleeves,299112
hexagon,2129
shoulder_bag,38594
toolbox,689
sweatpants,3497
spooning,2553
tube_dress,1884
monster_girl,68828
flight_attendant,537
jogging,330
sleigh,757
napkin,1911
alchemy,371
test_tube,6673
scenery,63056
shoulder_carry,3800
croquette,417
wizard_hat,6071
crop_top,232234
fusion,6389
buttons,170873
walkman,419
grass_skirt,191
reindeer_costume,2290
thigh_boots,103459
panty_gag,180
gold_saint,494
cloth,975
greece,142
sheath,58372
cyberpunk,3705
mother_and_daughter,17655
christmas_tree,12500
christmas_lights,2369
submission,91
negi_suppository,68
kadomatsu,875
log,2380
dusting,60
deformed,7736
bikini_pull,9699
dress_pull,6387
energy_beam,1620
bowler_hat,1483
pocket_watch,7030
gunblade,1272
propeller,1768
asphyxiation,3657
green_panties,9863
looking_afar,18602
arguing,830
turnip,369
billboard,1136
kamina_pose,104
cockpit,2472
arm_cannon,12562
dendrobium_schema,108
praying_mantis,516
kochiya_sanae_(cosplay),309
personification,40721
hourglass,1844
evening,9972
wreath,3433
striped_bra,3941
mazda_rx-7,321
soul,64
menu,3061
mouse_costume,145
budget_sarashi,2480
ribbon_bondage,2641
sweatband,3097
2000,181
reverse_trap,7447
seiza,42932
temple,1110
railing,28522
dazed,346
curtains,78158
peril,1038
trigram,1183
huge_nipples,6204
huge_ass,25134
presenting,17688
camping,680
outline,63114
breathing,488
quadruple_amputee,1022
blue_shirt,126044
assassin,160
name_tag,22313
cum_pool,5695
mystia_lorelei_(cosplay),54
restrained,53895
walfas,52
girdle,141
yasaka_kanako_(cosplay),73
pillow_hug,9380
electric_plug,1973
kagamine_len_(cosplay),213
radish,1335
panties_around_one_leg,23094
haiku,97
guitar_case,3494
cirno_(cosplay),231
motion_blur,28909
shikigami,2001
dragon_ears,1306
goron,271
dragunov_svd,453
ppsh-41,325
mossberg_500,66
mauser_98,856
famas,325
fg42,58
rpg-7,355
remington_870,209
cloud_hair,286
party_hat,3944
fn_minimi,52
scalpel,1067
group_hug,1483
ladder,4486
road,20559
leopard,294
necronomicon,56
ghost_girl,842
ice_skates,1740
diving_suit,2450
hell,247
breast_lift,6931
people,6613
dishwashing,307
ermine,302
long_legs,24565
usada_hikaru_(cosplay),82
shouting,10970
sounding,403
rolling,716
shaving_cream,199
tweezers,327
mouth_pull,1927
cartridge,859
reloading,906
snow_angel,72
pastry,3564
cowboy_boots,1739
port,95
mind_control,11131
vase,9603
circlet,34387
shikai,224
headache,164
flower_field,10820
trick_or_treat,3114
sea_anemone,166
skinny,8885
synchronized_swimming,51
treasure,609
camcorder,1810
waistcoat,8451
barcode,8496
cursor,2328
stadium,2542
seraph,850
fat_mons,7295
tablecloth,2726
adidas,1465
drying,2897
walk-in,3748
spiked_bracelet,13385
dildo_harness,243
poinsettia,450
skull_necklace,1435
laboratory,772
shore,7016
earplugs,208
toddler,538
poolside,10717
fog,6396
tsuki_ni_kawatte_oshioki_yo,571
hair_over_one_eye,294690
flip-flops,6920
training,722
sex_ed,366
urethra,3796
fucked_silly,9205
hair_dryer,1621
kidnapped,556
flippers,981
striped_bikini,29657
striped_towel,226
concrete,939
arachne,1312
prince,892
torch,3456
arms_up,218311
magazine_cover,5056
forehead_protector,9458
3girls,276299
mario_(cosplay),482
beach_chair,3384
ice_pack,289
wrapped,93
whipped_cream,3863
cum_on_breasts,45706
banjo,90
xylophone,100
castanets,191
clam,649
melting,4010
hair_flower,327963
ship_in_a_bottle,119
viola_(instrument),57
akeome,2210
kotoyoro,1165
opaque_glasses,6582
dumpling,1894
gatling_gun,2663
autocannon,296
beam_rifle,3362
sleeveless,510025
walther_p38,198
mouse_tail,17167
gas,246
mamemaki,725
sailor_senshi,1255
outer_senshi,313
inner_senshi,652
skirt_tug,3852
road_sign,7487
red_moon,5437
business_suit,6843
bamboo_screen,465
reaching,37540
bio_lab,386
mimic_chest,713
red_hood,3370
one-eyed,14216
missing_eye,838
tag,1463
paper_chain,299
footstool,140
crazy_eyes,7398
doghouse,255
german_suplex,349
talisman,4157
bakeneko,693
mane,1077
well,506
asics,227
x3,1113
casino,1203
kimono_lift,1333
clenched_teeth,82920
tuba,217
sword,314107
air_guitar,111
yellow_ribbon,40066
chakram,899
lip_ring,327
nose,25740
screen,2888
sai_(weapon),245
hoplite,105
aspis,72
on_back,294660
locket,496
egypt,112
loafers,69861
tennis_uniform,3068
so_moe_i'm_gonna_die!,693
desu,55
sweater_dress,10734
hook,1022
matoi,85
erhu,384
messy_hair,74364
bad_vulva,248
red_nails,69818
!,45523
swan,727
flamethrower,980
crosshair,705
holding_panties,3986
^_^,128767
throat,76
construction_site,327
pencil_mustache,201
trapped,796
lotus,5139
pomegranate,681
dough,274
spanked,4977
tiger_tail,12635
christianity,215
rags,404
weights,994
earth_federation,1073
moire,373
gauntlets,58450
grenade_launcher,1384
rocket_launcher,3432
lizardman,552
dipper,96
patriotism,240
white_pantyhose,73353
kokeshi,272
squirrel_ears,5411
squirrel_tail,5084
large_breasts,1842877
severed_hand,509
proboscis,92
toned,47654
houraisan_kaguya_(cosplay),88
sandbag,264
yuffie_kisaragi_(cosplay),50
recursion,550
kawashiro_nitori_(cosplay),167
hooves,4089
medallion,1664
electric_guitar,13452
suppressor,3010
hardsuit,81
party_popper,2499
idea,342
character_single,139
pointing,76397
sale,192
pink_skin,10280
forklift,80
blue_aura,138
mikan_box,232
thigh_gap,85923
navel_piercing,14964
lowleg,17949
hippopotamus,317
nendoroid,534
french_kiss,17212
wheel,2788
hookah,287
earpiece,7518
nasa,101
racism,230
yukkuri_shiteitte_ne,7989
biplane,574
spread_ass,6395
rhinoceros,148
beaker,857
figma,149
alpaca,475
eel_girl,93
ribbed_shirt,6400
oasis,126
sharp_teeth,99213
hexagram,3495
imp,124
immobilization,911
sword_cane,110
wrestling_ring,1648
cupcake,5602
washboard,62
dissolving_clothes,931
galaxy,1627
pants_around_one_leg,820
wheelbarrow,1088
large_insertion,2486
smirk,30793
pew,253
ass_hair,633
shoejob,708
arch,4502
sex_toy,60491
vagina_dentata,52
cherry_blossoms,62701
kasugano_sakura_(cosplay),50
tail_ribbon,7566
milking_machine,2055
price_tag,917
whip_sword,887
helicopter,2324
panda_ears,2693
nobiiru_arm,101
apron_lift,1249
catfish,292
lynx,100
tail_bell,3078
planetarium,117
tyrannosaurus_rex,636
dog_boy,10105
super_nintendo,83
locker,7532
soda_can,5405
hypnosis,7827
rocking_chair,366
rose_petals,7849
mg34,178
punching_bag,510
breast_suppress,6559
snot,4833
american_football,256
projectile_cum,9134
swordfish,193
legs_over_head,1628
exhausted,2596
rough_sex,3374
cumdump,981
collapsed,162
water_slide,607
deviruchi_hat,169
lampshade,737
hot_air_balloon,644
oversized_clothes,14750
against_glass,7912
shoe_dangle,4091
bust_cup,1102
popcorn,2106
urban,1119
sleepover,348
eggshell,779
racing_suit,884
henohenomoheji,188
pouring,7319
somersault,170
yagokoro_eirin_(cosplay),82
strap-on,3024
against_tree,2757
capybara,469
super_robot,2869
contact_lens,87
thong_bikini,8282
tunic,13512
gas_station,219
floating_city,185
haze,214
floating,49523
smog,100
showgirl,64
profanity,4852
lich,195
unbuttoned,19248
cling,76
sybian,121
cum_bath,239
humming,369
crumbs,1910
sleeveless_shirt,181774
polka_dot_panties,7429
koto_(instrument),248
smell,4820
cat_o'_nine_tails,445
diving_helmet,270
riverbank,734
distant,63
easel,1862
eavesdropping,217
adjusting_hair,23511
wolf_tail,49795
happy_sex,18353
anaheim_electronics,93
chemical_structure,1820
bursting_breasts,7580
lime_(fruit),1218
crystal_ball,1582
hitodama,17748
gym_shorts,6668
hanamaru,60
reeds,426
frottage,2111
transparent,13070
tripping,3133
ouendan,389
hot_tub,75
bare_back,19676
tape_gag,3719
fish_tank,958
hair_up,14193
purple_ears,53
flashlight,2338
majorette,115
scimitar,461
lava,2083
batter,294
nia_teppelin_(cosplay),53
bad_proportions,2303
fondue,84
condensed_milk,103
shoulder_pads,10603
yuki_onna,731
no_pussy,5691
bat_ears,3729
bite_mark,6969
notes,439
venice,204
journal,72
pinned,1964
reversi,117
barber_pole,128
bikini_jeans,86
stacking,806
open_dress,4916
pikachu_(cosplay),591
moriya_suwako_(cosplay),144
minnie_mouse_(cosplay),55
denki_anma,152
mailman,296
covering_breasts,24452
team_magma,790
bookshelf,22990
thigh_sex,4412
badminton,153
fireball,929
scabbard,15706
converse,1361
cleave_gag,1951
rubber_boots,4529
polka_dot_bikini,5554
cat_costume,1359
robot_joints,10508
rotting,178
snowball_fight,509
mythological_creature,96
tape_bondage,1077
sheet_grab,11001
crescent,60589
popping,66
panzerfaust,227
yes,2370
bowing,2501
looking_back,315086
perky_breasts,4841
oboe,173
cockatrice,55
scylla,1267
ran_ran_ru,73
parakeet,297
praying,4771
picnic_basket,2532
leaning_tower_of_pisa,55
typo,3777
handkerchief,2616
super_famicom,322
crotchless_panties,3451
shared_scarf,3049
toe_ring,1955
huge_dildo,1173
carrying,54099
ungagged,269
m16,949
skyscraper,9387
black_skin,10771
multiple_4koma,6269
desperation,119
production_line,62
freezer,176
:>=,6106
1985,89
remote_control,5707
bowling_ball,360
leg_hold,2568
pigeon,1632
father_and_son,6179
beehive,102
signature,355783
jolly_roger,1209
saigyouji_yuyuko_(cosplay),169
onozuka_komachi_(cosplay),64
capelet,139460
long_toenails,1019
tongs,1544
tasting,576
evoker,843
winchester_model_1897,193
kukri,271
tearing_clothes,1540
adjusting_swimsuit,4933
computer_keyboard,7580
sexually_suggestive,15027
forked_tongue,3472
nightcap,4764
gazebo,420
gunlance,130
torn_thighhighs,19976
meeting,88
armpit_sex,1094
cum_on_hair,24778
cum_in_ass,17476
clothesline,1240
ankh,2210
potted_plant,25911
ship's_wheel,549
tail_masturbation,267
derringer,131
no_nipples,6844
used_condom,16265
message_in_a_bottle,162
valley,413
open_fly,18581
biwa_lute,884
larva,150
ribbon_choker,14253
wrist_cuffs,176686
sleeve_cuffs,21304
photo_booth,109
dodging,949
bucket_hat,2644
polka_dot_bra,2341
loading_screen,471
rubbing,696
:q,36835
lounge_chair,2330
simple_background,2217165
stitches,15607
tail_rape,52
coif,2914
no_anus,216
4girls,124536
ticket,1360
steering_wheel,4098
bomber,458
panzer_iv,1102
vulcan_salute,245
playing_games,9069
tissue,2596
prison_cell,971
pet_bowl,1734
cupless_bra,2761
wrapping,182
rubble,3381
arm_garter,9767
honeypot,252
fencing,97
chimera,1528
buffalo,86
gaping,5422
soccer_ball,3853
tadpole_tail,143
sequential,1669
puffy_cheeks,2018
trembling,89177
purikura,218
paper_hat,384
humping,1349
hand_under_shirt,1691
leaking,176
adjusting_buruma,811
template,418
string_pull,436
inflatable_raft,1220
two-tone_hair,305844
worm,919
scuffed,87
leg_up,93749
cum_swap,212
bait,121
latex_gloves,2966
crotch_zipper,1279
ammunition,2004
elbow_spikes,234
d-pad,3223
deep_penetration,7258
wakamezake,885
footprints,3699
planet,11709
breasts_on_glass,3542
:c,902
breast_envy,7298
kusarigama,250
electricity,22505
;p,8574
spiked_hair,84557
sheryl_nome_(cosplay),88
horse_mask,187
gamepad,2227
vibrator_bulge,142
x-ray,13608
cum_on_ass,9108
cum_on_pussy,1536
anomalocaris,102
dangling,266
cum_on_hands,2828
cum_on_clothes,14124
love_potion,129
aburaage,646
symmetrical_hand_pose,500
cat_feet,184
mustard,457
penis_head,64
sentry,108
shirt_down,254
gunbelt,59
gensokyo,366
buttjob,2594
spider_girl,2804
helm,3708
hair_over_eyes,25758
aiming,12661
padlock,3803
strip_poker,86
arm_wrestling,453
ass_freckles,572
confetti,24087
script,179
purple_shirt,40558
tako-san_wiener,638
exercise_ball,1226
impossible_shirt,6113
pink_boots,11458
cashier,506
barcode_scanner,706
convenience_store,1723
zentradi,576
water_yoyo,730
neck_ring,13934
chest_mouth,64
lazy_eye,1021
recording,10443
howling,240
overgrown,2937
farmer,266
twilight,7894
blueberry,3455
flintlock,856
single_thighhigh,67941
train_attendant,67
sideways,4153
armchair,7333
broken_armor,1046
jester_cap,9878
looking_down,113363
harlequin,248
symmetry,2863
clumsy,563
m249_saw,217
team_aqua,530
eyelashes,213062
dirty_feet,1363
sulking,340
v-neck,12759
necron,59
animal_costume,17983
corpse,4262
radio_booth,129
gokkun,1401
stinger,518
hangover,124
yagasuri,2844
dualshock,726
photo_(object),15830
spiral_power,131
red_sky,3867
torn_pants,11261
torn_shirt,13530
class_change,69
genocide_cutter,53
ammunition_belt,1856
morichika_rinnosuke_(cosplay),151
radio_tower,237
sidecar,227
earthquake,107
spirits,98
musketeer,116
denim_shorts,39775
dry_humping,905
strap_lift,1586
pinky_swear,644
omikuji,1373
wrapped_up,629
toast_in_mouth,1522
merman,1280
;o,11137
cat_on_head,2316
bangle,19483
arrest,383
raptor,141
paper_child,272
heart_(organ),1681
bayonet,1610
healing,310
dressing_room,269
keyhole,3901
sharingan,884
christmas_present,1807
convenient_leg,7968
very_long_hair,1141456
donburi,122
bridal_gauntlets,57874
denim_skirt,4580
serious,32602
sleepwalking,75
striped_shirt,39321
age_difference,41856
shell,13448
white_tiger,1429
duckling,1231
tennis_ball,1682
towel_slip,122
aerith_gainsborough_(cosplay),127
kagiyama_hina_(cosplay),84
pizza_delivery,191
cum_on_chest,626
o3o,3822
dark_penis,2231
wok,931
zashiki-warashi,114
ripples,12788
waves,8795
tripod,1014
ogre,466
cellphone_strap,235
skating_rink,239
after_sex,43165
stuck,3545
virtual_boy,62
cum_on_back,751
panda_hat,272
squat_toilet,677
cubism,111
gate,2862
sea_urchin,222
pet_play,3008
virtual_reality,694
acoustic_guitar,2578
mandolin,56
double_neck_guitar,70
iroha_karuta,68
plaid_skirt,107683
cum_on_floor,767
cum_string,10076
yamaha,571
park_bench,3081
mall,320
oppai_oppai,86
shaman,139
hitting,2009
glowing_penis,124
tied_shirt,17187
kazami_yuuka_(cosplay),95
monkey_tail,4953
single-lens_reflex_camera,301
between_thighs,2909
swim_cap,1489
cum_on_feet,2890
crosswalk,2909
thick_thighs,123299
bandage_over_one_eye,6706
wallet,1536
testicles,109044
frilled_skirt,90409
bull,860
male_masturbation,7413
rainforest,77
england,225
spain,153
rural,1023
air_hockey,52
kupaa,601
dao,118
trigonometry,53
stakes_of_purgatory,572
bra_strap,10068
invisible_man,1306
sakazuki,9985
himemiya_anthy_(cosplay),107
iphone,2153
compass,1016
fading,939
rug,4400
diving_mask,2999
expressionless,146825
frostmourne,54
inspecting,72
yakumo_ran_(cosplay),153
upright_straddle,6134
sock_pull,836
leotard_aside,7001
roulette,252
yellow_skin,5916
big_hair,11131
whistling,736
unlikely_accident,273
spell,286
drinking_fountain,220
from_below,96794
teamwork,643
barbarian,254
no_feet,3771
sprain,217
nose_blush,121899
spear_the_gungnir,2269
highleg_panties,24278
psychedelic,439
delinquent,2660
cabin,247
barbell,836
industrial,508
scary_sex,173
breakdance,344
joui,147
shelf,10818
turban,3596
vectors,71
pear,805
rugby,60
sliding_doors,12926
mad_scientist,94
countdown,3017
sailboat,629
stopwatch,1227
hip_bones,4272
spray_paint,816
huge_weapon,11815
spiked_club,2241
toga,1559
convenient_censoring,45341
shell_bikini,1854
tortoise,290
against_wall,16863
center_opening,23304
pasta,2148
product_placement,3125
harpoon,496
piloting,331
venus_bikini,126
spinning,3373
ushanka,2953
veiny_penis,31461
housewife,751
head_grab,5360
leg_grab,14546
no_eyes,11134
egg_laying,912
broken_mirror,1273
cardboard_box,10167
5girls,65423
wavy_hair,123941
game_boy,1314
game_boy_color,245
game_boy_advance,316
game_boy_advance_sp,167
nintendo_64,177
playstation_2,299
torture_instruments,98
fried_rice,1026
circuit_board,403
seikan_hikou,595
link_(cosplay),320
ranka_lee_(cosplay),70
cow_tail,9506
teaching,416
pajamas_pull,416
crossbone_vanguard,114
moss,4386
cum_in_eye,120
cum_in_throat,263
angel_(evangelion),456
full_moon,46310
sports_bikini,2871
satin,1456
swimsuit_over_clothes,151
chloroform,218
golf_ball,181
beaten,365
gigantic_breasts,12296
uwabaki,9013
dark_nipples,7425
safety_pin,4001
paper_bag,5971
come_hither,4449
rowboat,696
dark_magician_girl_(cosplay),244
slimy,221
film_strip,862
glory_hole,731
photo_background,10795
hat_with_ears,1433
large_buttons,424
toggles,1058
ass_press,830
object_on_head,10253
prayer_beads,3204
stomping,930
booklet,72
traffic_officer,84
f4u_corsair,96
chabudai,500
mini-hakkero,2736
diary,428
chest_hair,12440
scientist,554
racket,3315
brass_knuckles,970
shiritori,93
leap_frog,66
banana_peel,901
clima-tact,320
bit_gag,3732
wedding_ring,18353
animal_print,80854
:t,30740
pelt,1295
amusement_park,1043
ship,7486
gondola,299
art_room,70
wooden_sword,2421
factory,574
paint_stains,428
clothes_in_front,630
disposable_camera,69
dark_labia,931
cauliflower,62
radioactive,59
guinea_pig,413
poker_table,943
nose_ring,1749
tupet,568
pile_bunker,323
anal_fisting,305
tnt,265
racecar,1654
parasite,341
viewfinder,7894
sakura_mochi,556
unitard,1741
horse_penis,2789
moth,1729
closet,1003
bunny_slippers,569
phone_booth,673
thigh_holster,8759
croissant,1232
placard,390
remote_control_vibrator,4953
public_vibrator,678
no_testicles,2336
hermit_crab,351
submerged,4393
fire_flower,300
magical_girl,88783
pulling,3168
naked_overalls,1455
magic_carpet,128
vegeta_(cosplay),61
son_goku_(cosplay),102
tasukete_eirin,105
charm_(object),14764
beak,6724
horse_head,100
gendou_pose,613
dullahan,774
penis_milking,343
sukiyaki,119
cool_your_head,61
eiffel_tower,402
card_game,424
fur_coat,4267
finland,139
through_wall,2855
ikebana,51
bear_tail,1428
clitoral_hood,7825
silk,6682
liquor,628
yellow_panties,6306
lace-trimmed_panties,13477
bow_panties,48998
grey_panties,5955
flapping,988
typing,780
time_machine,141
2012,1638
medium_hair,479490
house_of_cards,130
white_bikini,112870
fingernails,216069
stepped_on,2280
hologram,1657
bandaid_on_clothes,216
shiny_clothes,28845
bougu,193
leaning_forward,134164
butt_crack,26033
fat_man,9745
triple_anal,75
epaulettes,37591
kiseru,5253
omelet,4837
alligator,328
palms,3017
spread_nipple,151
liquid,3527
tying,1004
revealing_clothes,61516
blue_skirt,208201
plectrum,6273
hard_hat,1730
palette_swap,415
brother_and_sister,33246
shamrock,127
omnitrix,328
pitching,697
roller_coaster,594
moped,221
hooded_jacket,72636
runway,240
denim_dress,135
tsuchinoko,335
orange_juice,880
carnival,148
embers,5457
buster_sword,2013
glyph,56
lion_costume,245
atmospheric_reentry,81
wagashi,14669
calling_card,158
petrification,588
trailer,270
coffee_maker,638
paizuri_under_clothes,6295
paizuri_over_clothes,351
markings,703
moogle_(cosplay),65
firecrackers,313
finger_to_mouth,44225
fetal_position,4167
patch,3846
voodoo_doll,274
bra_on_head,203
double_handjob,7299
double_footjob,128
zero_(code_geass)_(cosplay),77
poodle,140
uzi,377
forehead_tattoo,1745
rocking_horse,183
muffin,905
tetrapod,168
i_am_l,62
payphone,644
between_toes,1542
nest,533
montage,132
tiara,74457
calculator,235
boxing_ring,726
tapir,446
id_card,20983
popped_collar,11961
double_vertical_stripe,1658
single_vertical_stripe,2970
pole_dancing,2989
mega_milk,173
mawashi,114
messenger_bag,1751
bear_costume,1500
mugshot,784
spine,2703
plasma_sword,76
universe,156
rivets,129
minidisc,58
medical_eyepatch,7082
large_bow,8421
sunbeam,12021
lava_lamp,140
hyena,177
tangzhuang,3495
shadaloo_dolls,247
knee_boots,73575
poi,646
baseball_mitt,2872
curtsey,2267
alternate_costume,522812
takuan,178
sly,92
gears,7209
fake_screenshot,12037
execution,370
cheekbones,1676
head_tilt,152376
locked_arms,6926
spas-12,364
balancing,1902
austria,54
market,582
director,59
butterfly_swords,176
glansjob,1285
arched_back,21348
mini_cooper,236
spiked_gloves,547
tail_fondling,138
leather_jacket,8493
lute_(instrument),1543
acid,103
capoeira,102
stapler,687
sweater_vest,50755
sitar,54
tomahawk,69
blitzball,83
jaguar,168
on_stomach,75672
hornjob,76
penguin_costume,817
flat_color,10585
no_socks,7623
blue_oni,818
red_oni,1500
jack-in-the-box,158
polka_dot_swimsuit,1580
koi,1567
checkered_bikini,372
senbei,827
cargo_pants,1574
!?,30572
bookmark,2131
erect_clitoris,1332
removable_censorship,59
first_aid_kit,1237
three_section_staff,215
pussy_peek,7618
horn_grab,1104
crater,672
shed,209
if_they_mated,3103
fanny_pack,4358
cheek_squash,2214
dreadlocks,4321
earthworm,161
super_saiyan,5881
frozen,1193
yunomi,4086
making_faces,215
broken_heart,2175
organs,878
victory,274
balaclava,848
table_tennis,523
purple_lips,9809
angel_and_devil,2253
gym_storeroom,2900
oonusa,791
skeptical,97
taiwan,304
atom,365
begging,572
plank,444
mexico,551
floating_castle,180
string,15851
dio_brando_(cosplay),115
kujo_jotaro_(cosplay),235
0_0,10228
reporter,192
soccer_uniform,5371
folding_chair,2510
baby_bottle,1357
akg,250
studded_belt,3932
finishing_move,190
dancer's_costume_(dq),225
pink_leotard_(dq),70
o_o,25798
urethral_beads,244
geisha,200
bad_hands,3083
stubble,35533
angel_leotard,87
day,391279
log_pose,1277
paperclip,703
karate,359
film_reel,245
red_gloves,52970
sphinx,367
measurements,718
veranda,2737
headpat,20170
heavy_breathing,43118
stroller,207
you_are_already_dead,67
torso_grab,11231
messy_room,1517
kasane_teto_(cosplay),111
highleg,137683
flyer,280
acorn,1473
gigantic_penis,906
short_dress,107861
mold,118
sinking,759
hippie,88
ambush,80
:/,14008
stomach_bulge,12089
combat_boots,1822
severed_penis,58
road_bicycle,107
laundromat,470
baseball_helmet,707
living_clothes,1668
polka_dot_thighhighs,148
dishes,437
shun_goku_satsu,127
tongue_piercing,5439
surgical_mask,6409
double_anal,563
masu,968
drifting,377
hospital_bed,2108
karaoke_box,526
checkered_bra,79
entangled,1033
boned_meat,2394
cherub,163
push-ups,567
revealing_swimsuit_(dq),115
backbreaker,67
tarantula,97
flick,371
signing,109
boston_crab,60
full_nelson,3415
cum_on_food,333
miso_soup,544
adjusting_bra,556
666,200
caveman,209
delivery,744
father_and_daughter,9139
throwing,5598
checkered_flag,1588
imitating,732
hockey_mask,678
police_car,1065
fuse,305
resting,607
clenched_hands,49164
beach_volleyball,837
toy_gun,375
zabuton,1751
red_button,137
neckerchief,206442
stand_(jojo),7075
frilled_panties,9838
gear_second,63
pill,5034
wyrm,92
tapestry,157
shiitake,446
anniversary,16231
convention,258
cum_on_tongue,8326
urethral_insertion,1381
friends,2436
mural,274
basketball_uniform,2098
kame_house,71
breast_pump,409
shiba_inu,2412
game_over,405
nose_bubble,3788
railgun,584
smock,584
despair,702
doguu,65
hay,726
crazy_laugh,94
purple_tongue,1738
solar_eclipse,306
d:,9688
sprinkles,1412
knees,11969
centipede,986
hotel_room,624
crawling,1276
timpani,54
flannel,401
leopard_print,8289
yo-yo,1871
lipstick_mark,5867
multiple_persona,13965
leg_belt,3222
buck_teeth,3549
light_gun,64
xd,9266
speech_bubble,352448
leg_wrap,1880
kamina_shades,726
welsh_corgi,746
body_piercings,59
sailor_shirt,26280
triangle,7483
fluffy,4837
floorplan,250
cassette_tape,555
namek,88
office_chair,7188
solid_snake_(cosplay),79
marriage_proposal,1072
ballet_slippers,2302
jitte,172
parental_advisory,123
academy_city,61
:>,16614
dinosaur_tail,826
lovestruck,652
defeat,9908
canteen,928
sailor_moon_(cosplay),580
nuzzle,698
pin,853
no_smoking,364
nori_(seaweed),701
rumia_(cosplay),87
cut-in,608
pedestal,290
track_and_field,1245
dust,3503
orange_panties,1826
cigarette_holder,231
alternate_hairstyle,124698
sweeping,571
3_3,246
scarlet_devil_mansion,2094
urethral_penetration,51
destroyer,452
yakitori,396
vial,3555
microscope,205
spots,578
pig_snout,100
pouch,42904
summoning,524
competition_swimsuit,33994
laundry_basket,1132
delorean,118
ahegao,23018
error_message,776
museum,307
eye_pop,478
veins,49538
old_woman,2785
heckler_&_koch,1819
headgear,91350
city_lights,5410
skirt_hold,26721
freddy_krueger_(cosplay),56
exercise_bike,93
eargasm,364
multiple_insertions,403
radar,683
you're_doing_it_wrong,2528
living_room,1086
wardrobe_error,810
raccoon_tail,12655
thigh_strap,193912
funeral_dress,742
sunscreen,2229
under_covers,17922
lemur,107
tug,246
gorget,3781
shide,5760
hockey_stick,114
legband,1179
from_above,116857
mvp,304
symbiote,661
tail_ornament,25611
shoulder_guard,1019
arabian_clothes,4342
bird_nest,277
under_fire,130
licking_lips,25428
physics,109
deep_skin,13632
skindentation,136259
pocky_kiss,2429
feather_duster,502
tail_wrap,3420
squeezing,942
torn,2255
o_x,102
party_whistle,78
seahorse,407
huge_testicles,2086
wince,15858
coat_of_arms,405
vaio,56
goose,569
ass_blush,142
wet_pants,159
bob_cut,114798
guard_rail,1274
pen_holder,111
backscratcher,54
wet_dress,1590
leopard_ears,2367
phimosis,3622
omamori,581
faceplate,102
hand_in_bikini,161
lion_tail,6694
wool,656
razor_blade,265
rave_party,114
nightgown_lift,94
clothes_on_floor,893
cow_horns,20626
horizontal_bar,371
behelit,189
cheek_pull,1624
cum_milking,88
big_head,663
mime,93
red_rose,36335
broken_sword,1025
smegma,858
tic-tac-toe,261
hime_cut,26090
junkyard,190
pale_skin,61176
gloom_(expression),6103
gunpla,597
soot,155
dress_aside,421
fangs,125360
bending,163
gun_to_head,1354
open_collar,9965
candy_apple,5758
lei,761
spiked_collar,14877
fishing_lure,182
fishing_line,1129
lowleg_pants,1526
spitroast,5484
clinic,83
gas_can,218
high_kick,2242
green_nails,17921
glock,1553
korean_clothes,3954
on_side,103030
jumping,28070
star_rod,196
hacking,114
bend,170
nagae_iku_(cosplay),59
mikumikudance,176
magitek_armor,112
peeking,4014
welding,82
crocs,1878
doorway,7270
pitfall,226
cover_page,54060
butter_knife,325
vegetable,5967
drooling,64569
frontal_wedgie,1132
self_wedgie,783
garrison_cap,13485
shako_cap,4176
peaked_cap,52690
tokin_hat,40363
rice_hat,1233
mining,93
porkpie_hat,3940
soapland,355
dougi,10122
buckle,57625
arm_warmers,22084
alraune,393
mimic,821
saddle,1695
loose_thighhigh,663
shirt_slip,512
|_|,23266
mentos,58
bling,83
fn_fal,313
mp40,408
rust,1083
2boys,369466
plug_gag,251
ukraine,393
scope,5944
cocked_hammer,158
laser_sight,750
hong_kong,139
tiger_costume,661
fairey_swordfish,152
marriage_certificate,108
beretta_92,1437
vertical_foregrip,875
sage_(dq3)_(cosplay),102
beretta_93r,51
bullpup,4673
folding_stock,335
rifle_cartridge,320
casing_ejection,926
firing,8722
dimples_of_venus,7510
taxi,434
knitting_needle,561
desert_eagle,915
magazine_ejection,81
locked_slide,187
bass_guitar,5538
ascot,164836
grand_piano,2865
uneven_twintails,1424
satire,100
disassembly,124
recoil,64
walther,1087
luger_p08,444
entrails,236
porsche,378
topknot,11820
w,22750
stab,2855
fur_hat,7864
thick_eyebrows,116288
staring,5474
prehensile_hair,2888
chocolate_bar,2795
utensil,561
open_pajamas,631
bipod,934
sickle,1192
wine_glass,18286
ankle_boots,20916
xbox_360,282
seasons,294
achievement_unlocked,196
water_gun,8565
shin_guards,2298
cafeteria,214
trashcan_lid,77
strappado,131
pixelated,1541
naval_uniform,13781
emblem,20708
x_x,2675
deel,159
grappling_hook,197
grimoire,1730
holographic_interface,2430
layered_skirt,17688
panda_costume,481
chemistry,296
notepad,2772
glasgow_smile,828
string_phone,396
yearbook,54
youkan_(food),199
bun_cover,20862
upside-down,29776
finger_twirl,107
cutting,1034
smith_&_wesson,172
toyota_supra,189
mobile,300
food_on_face,23863
toe_scrunch,6255
brushing_teeth,2431
bobbles,115
smoke_ring,86
studded_collar,1076
bedside,193
drowning,994
garlic,375
artillery,637
male_harem,288
hospital_gown,1771
lolita_fashion,35371
tabard,27950
gong,81
neon_lights,3071
pastels,105
hagoita,2303
multiple_moons,328
huge_clitoris,164
hair_bobbles,60847
penis_hug,121
mother's_day,593
headbanging,120
+_+,33742
rappelling,121
unraveling,217
ok_sign,4639
two-handed_handjob,1492
!!,13556
spiked_mace,498
decorations,495
ferrari,391
vibrator_under_panties,2060
neck_grab,652
2009,1375
canoe,149
wrong_hand,267
ovaries,468
chewing,2815
long_nose,2016
referee,135
stork,82
cameo,3291
slug_girl,512
wolf_girl,39254
houndstooth,1542
chemistry_set,53
santa_costume,38033
painttool_sai,213
skunk,53
power_suit,1478
fanta,266
pedophile,215
plant_girl,2871
;3,3953
fairy_wings,21865
forniphilia,100
cosmetics,5075
hand_mirror,1695
prostate_massager,83
genki_dama,81
gusset,2463
doorbell,208
plesiosaur,62
head_wreath,17291
cross-eyed,1139
=_=,29801
juice_box,3442
mantle,87
no_nose,26589
cowl,309
unconscious,2842
arched_soles,402
autocunnilingus,109
matches,519
snow_leopard,287
piglet,499
sneaking_suit,210
lamborghini,327
scissor_doors,64
hair_bun,296763
crotchless_pants,788
glitter,1229
wasabi,283
bowser_(cosplay),71
dim_sum,177
capri_pants,4473
green_sky,949
visual_kei,174
shorts_aside,722
empty_pool,552
volkswagen,423
smiley_face,3641
abduction,193
gunbuster_pose,556
colt_python,137
santa_hat,40324
shorts_around_one_leg,1443
pollution,60
cow_print,22186
chihuahua,213
toe_socks,109
curtain_grab,2981
mexican_standoff,212
leg_warmers,15888
prostate_milking,562
seven_deadly_sins,85
black_thighhighs,428134
size_difference,25724
dentist,159
koyukkuri,100
slot_machine,367
outstretched_hand,27924
front-tie_top,47086
tasuki,12507
dog_tags,9815
pink_pantyhose,3788
porridge,103
hands_in_pockets,28476
pince-nez,6300
ascii_art,245
bag_on_head,150
tiger_print,13096
spit_take,1381
dentures,101
flying_kick,1618
pink_bra,22998
leather_boots,2086
tanuki_costume,91
concentrating,752
broken_glass,4998
multicolored_eyes,49734
cow_costume,858
australia,123
underwater_sex,289
small_nipples,794
hot_sauce,208
sakata_gintoki_(cosplay),99
brown_panties,1781
touching_toes,53
upright_piano,297
piano_print,733
pipe_organ,87
microphone_stand,8306
sock_dangle,320
steak,1407
robin_(bird),77
lion_dance,468
resurrection,52
maggot,147
dragon_tail,35618
when_you_see_it,2960
bouncing,846
lace_panties,4987
arena,270
human_tower,340
masochism,1428
milk_bottle,4044
black_pantyhose,248353
fighter_jet,3077
matador,167
projector,246
nautilus_(animal),180
fake_mustache,2547
horizon,25435
time_lapse,301
swept_bangs,139076
animal_slippers,1850
comforting,2062
cordless_phone,337
bean_bag,67
traffic_cone,2112
track_jacket,46011
typewriter,410
aneros,149
artist_self-insert,11052
soil,300
hunchback,58
tuna,700
leaning_back,22298
string_bikini,56532
jenga,180
dithering,1804
tiltrotor,70
wedding_cake,135
stone_wall,2690
fake_scrollbar,88
archery_dojo,92
stielhandgranate,264
gasoline,86
winged_hat,4385
bikini_armor,20413
horse_tail,86752
strapless_bra,3225
flats,4951
robe_slip,50
udder,178
rising_sun_flag,1322
giga_drill_break,50
crane_game,1612
1995,97
manatee,63
short_twintails,71389
neet,379
mother_and_son,7378
narcissism,198
megurine_luka_(cosplay),162
multitasking,1067
soccer_field,205
hand_under_clothes,5814
waving,31512
light_switch,489
testicle_grab,1232
suction_cups,6519
sheep_horns,10783
talking,20344
sideburns,32604
facial_hair,142420
penis_on_face,6767
theater,329
cowbell,14223
shishio_makoto_(cosplay),62
oiran,513
nebula,1368
dress_tug,2410
softball,50
finger_gun,6248
miko_embrace,149
trench,197
wet_lens,89
blue_lips,5973
snowflakes,15428
standing_on_one_leg,99716
sucking_male_nipple,696
muffin_top,1010
shepherd,130
hand_over_face,786
awkward,433
relay_race,103
sputnik,60
satellite_dish,692
basin,524
disco_ball,623
overpowering,66
prostitution,3271
drinking_glass,47721
beer_mug,8406
fiat_500,154
persona_eyes,273
unsheathing,7328
flying_boat,231
trapeze,57
bus_interior,820
sleep_molestation,3673
mechanical_wings,6753
buruma_around_one_leg,345
hitachi_magic_wand,3725
body_blush,7412
curled_up,1348
hair_over_breasts,10505
scam,52
armbinder,1007
rubber_gloves,1457
canal,660
depth_of_field,113470
sparrow,1348
pink_bikini,24929
red_bikini,39045
playstation_3,212
snort,352
stuffed_toy,99543
ivy,1310
damaged,7687
naked_sweater,3869
su-37,52
facejob,98
feet_up,10079
dual_wielding,34747
hand_puppet,2756
pile,383
moonbeam,56
usb_cable,59
mesa,75
no_eyebrows,2355
hair_censor,11193
panties_on_penis,537
spread_arms,23531
buddhism,267
mandala,112
pagoda,1177
za_warudo,93
sewing_machine,386
wind_chime,3163
hummer,71
downpants,374
crossdraw_holster,68
rose,122722
top_pull,427
spider_web,6281
legs_on_table,206
spell_card,1593
sukusuku_hakutaku,957
one_eye_covered,51729
tiles,30285
lily_pad,5442
pirate_costume,802
static,926
politician,271
one_eye_closed,504252
swallowing,740
sousaphone,55
squinting,2017
monkey_costume,109
pages,467
snowing,30550
koropokkuru,76
thunder,298
headscarf,15421
reference_sheet,18280
cleft_chin,753
selfcest,3226
ear_wiggle,2276
skewer,4068
cricket,50
mickey_mouse_ears,423
power_cord,100
floppy_disk,372
cum_on_body,107514
model_building,103
pliers,597
held_up,237
mobile_suit,9478
scolding,684
treasure_chest,2766
thompson_submachine_gun,487
tube_top,22339
green_jacket,49067
sakura_card,99
cum_on_bed,151
ant,619
apple,26051
balloon,22173
banana,5558
dummy,147
red_sash,11221
time_stop,798
bloodshot_eyes,1463
poster_(object),8624
kneepit_sex,359
happy_new_year,18510
blank_eyes,14245
buzz_cut,3843
padded_walls,105
alternate_hair_color,15760
handshake,1066
scowl,5378
cash_register,1040
team_galactic,477
tongue_suck,79
large_penis,34987
public_use,1357
bloomers_around_one_leg,199
tango,121
thought_bubble,42399
peeing_self,4505
chinese_new_year,1910
golden_shower,338
no,506
after_rape,2150
animal_nose,17828
plum,159
small_penis,5034
vhs_artifacts,436
sockjob,146
cure_berry_(cosplay),61
hand_between_legs,30306
illumination,63
mansion,845
cuddling,4164
walrus,109
straddling,82453
merry_christmas,10040
between_legs,42334
angry_sex,196
bobby_socks,10999
snack,1680
zero_gravity,1107
cervical_penetration,836
mazda,694
old,14868
deodorant,74
three-legged_race,98
hurdle,218
exhaust,550
tareme,45628
servant,83
mudra,588
shinkansen,146
target,650
juggling,379
squiggle,18752
photorealistic,1280
anal_hair,2049
excavator,132
flare_gun,119
apple_pie,510
oven,968
pink_bow,91953
white_bra,38482
poking,6839
maid_headdress,169832
no_shoes,106862
spice,80
chessboard,1176
training_bra,1788
vs,471
torn_cloth,67
white_socks,173378
randoseru,16363
parka,1223
pencil_case,1712
sugar_cube,1425
quad_braids,745
pee_stain,993
iron_cross,9946
jukebox,161
severed_arm,693
spacecraft,5923
bird,124742
book,159900
bouquet,33732
bruise,10649
bubble,38962
bug,82045
building,70883
bullet,6358
butterfly,63912
cable,23272
can,31545
carrot,15956
chain,119724
cherry,11914
clone,7773
cloud,338235
coin,14455
cookie,12678
cucumber,2468
cup,215346
dandelion,1956
dolphin,2620
eel,1044
egg,10775
flower,729133
frog,15015
hair_ribbon,684784
injury,33031
instrument,67522
knife,75192
monster,35772
mountain,27712
musical_note,61856
palm_tree,26994
peach,12495
pillar,10455
pillow,168838
plant,86198
polka_dot,70442
ribbon,1240348
seagull,5965
shooting_star,6954
skull,30445
sparkle,181498
split,13289
strawberry,29226
sunflower,25057
tattoo,167793
tomato,6595
tree,195297
hat_ribbon,72595
cattail,785
stretching,18804
head_wings,75407
tight_clothes,20341
holding_hands,119782
body_pillow,616
bento,4292
crying,92106
underwear,882912
ofuro,150
cat_girl,118536
dog_girl,36576
breastfeeding,1632
tanlines,35733
china_dress,65672
ball_gag,10746
small_breasts,579684
kyuudou,870
sprite,874
groucho_glasses,397
crossdressing,44690
pee,11964
sleeveless_sweater,6006
antennae,23729
trash_can,5376
lab_coat,31696
snow_rabbit,1204
race_queen,10338
crossed_legs,89068
rabbit_ears,268135
closed_eyes,844241
ear_cleaning,610
biting,13632
muscular,163426
spanking,2927
voice_actor,2689
squatting,102234
video_camera,3068
cutoffs,12315
defloration,5393
cum_on_legs,4662
surprised,61337
rabbit,32190
age_regression,1721
cum_in_pussy,118205
cum_on_armpits,568
kitsune,13682
album_cover,7152
hazel_eyes,117
fishnet_thighhighs,20424
wine_bottle,7772
laughing,18548
bound,90542
autumn_leaves,16571
object_insertion,29692
floppy_sleeves,110
ao_dai,1471
invisible_penis,2236
sparks,3398
sweet_potato,3037
spider_lily,7114
burger,12549
cherry_tree,530
collarbone,919323
tarot_card,857
slime_girl,4787
wristband,61235
ear_tag,6271
tundra,50
belt_collar,13405
walkie-talkie,3411
sun_hat,35111
strangling,4856
fitting_room,1173
volleyball_net,1132
...,62097
horn_ribbon,8191
;d,78112
hoop_earrings,35978
mosin-nagant,834
lectern,584
spiked_bat,258
thank_you,8203
stomach,327003
bra_slip,374
pantsing,311
magnetism,180
license_plate,1411
dotted_line,2769
yawning,11337
crystal,29669
uppercut,612
fleur-de-lis,943
congratulations,1005
handgun,43899
beer_can,6013
embroidery,1803
highleg_leotard,64690
belt_bra,2473
carriage,540
terrace,68
cue_stick,859
sake_bottle,4764
black_rose,3980
salad,1329
possessed,2738
tall_hair,761
decantering,383
mount_fuji,1176
japanese_flag,2437
mine_(weapon),345
cow_girl,12325
knees_up,66259
kiss_chart,238
clothes_pull,91478
penis_ribbon,526
neck_ribbon,168098
;q,5424
spread_toes,6040
jiangshi,9373
tengu_mask,988
furnace,204
sparkler,3170
mixing_bowl,2268
dress_slip,83
cat_paw,207
side-tie,62
sadism,1320
long_sidelocks,11970
hangar,790
pinecone,635
fortress,168
brown_dress,31336
gift_wrapping,542
torn_skirt,6768
arms_behind_head,59885
paper_lantern,9590
a5m,89
onion_rings,146
double_bun,148030
ranunculus,190
melon_bread,1287
tutor,82
coral,3565
tape_recorder,115
pith_helmet,3182
paw_gloves,18586
flower_wreath,7169
pushing,1594
poem,243
swiss_army_knife,68
pool_table,740
screaming,4604
oxygen_mask,732
split_screen,2261
kicking,13277
rice_bowl,3677
tohsaka_rin_(cosplay),223
2koma,36360
frustrated,615
weasel,550
fist_bump,1151
headstand,107
mixing,209
milk_carton,3740
jingle_bell,50685
hair_wings,708
freefall,61
blue_thighhighs,21493
amplifier,1687
white_chocolate,318
sticky_note,1490
striped_gloves,2537
apollo_chocolate,124
smack,129
role_reversal,2358
linked_collar,591
open_towel,317
paw_print,18093
tiger_stripes,3345
sleepwear,5230
death_star,95
family_tree,81
doujin_cover,33602
navel_hair,9292
facepaint,16045
looking_at_viewer,3940755
high_five,933
garter_straps,95105
raised_eyebrows,39581
badminton_racket,361
knights_templar,52
rabbit_tail,73083
energy_drink,1924
bare_legs,155946
recycle_bin,440
oven_mitts,2030
ah-1_cobra,52
uh-60_blackhawk,117
pretzel,481
glowing_eye,13589
incoming_kiss,901
open_pants,3030
http_status_code,143
t_t,348
glue,192
ballet_boots,233
rocket_punch,173
jealous,4536
molotov_cocktail,207
on_one_knee,15345
pencil_skirt,45868
rito,569
musket,896
spiked_dildo,336
kama_(weapon),227
out_of_character,1156
intersection,104
stug_iii,158
plastic_bag,4924
bunny_headphones,177
bands,102
spaghetti_strap,28004
1girl,6947596
barre,274
torn_gloves,1981
board_game,3066
gecko,273
gun_in_mouth,172
iguana,176
pancake,5675
cube,3628
insecticide,60
demon_horns,106480
pink_nails,57793
red_bow,255014
deadpan,144
egg_implantation,201
depth_charge,729
armbar,124
purple_socks,3082
grandfather_and_granddaughter,464
acrobatics,126
covering_face,9154
arabic_text,153
digital_camouflage,431
hair_tie,27542
hallucination,124
eyeliner,34251
tea_ceremony,77
rubber_band,600
treble_clef,5245
bass_clef,1565
ducking,78
sailor_mars_(cosplay),168
multiple_tails,58538
nuka_cola,113
over-kneehighs,8782
red_socks,7601
disintegration,466
tail_bow,10699
black_bra,71662
haramaki,1157
frog_costume,428
stop_sign,773
pollen,78
clinging,765
enma_(mythology),60
machinery,30064
blue_screen_of_death,482
wryyyyyyyyyyyyyyyyyyyy,206
pumps,7890
before_and_after,1891
pastel_colors,3484
debris,6188
searchlight,1235
okonomiyaki,288
cum_in_clothes,1923
patting,445
konjiki_no_yami_(cosplay),70
polka_dot_pantyhose,117
cum_on_stomach,5223
physical_examination,305
dump_truck,52
container,750
cross-section,14331
shirasaya,50
battery,625
short_sleeves,741230
white_pants,53864
baguette,3428
sheep_costume,671
dying,768
broken_arm,343
intestines,1466
priest_(dq3)_(cosplay),129
mage_(dq3)_(cosplay),51
turtleneck_sweater,44434
sneezing,1244
froth,140
skull_and_crossbones,4289
action_figure,261
highleg_bikini,19181
raspberry,1080
drum_(container),1405
tail_pull,367
toeless_socks,163
hammer_and_sickle,2421
stained_panties,2175
carnation,741
thrown,76
wooden_floor,33837
snake_girl,1019
photographer,175
open_cuffs,133
ovum,3442
arm_hug,6325
huge_thighs,91
naizuri,716
female_masturbation,30666
inset,2895
black_sclera,28454
cleats,459
small_testicles,167
side_braids,14149
long_shadow,89
tombstone,4099
large_cross,152
celtic_cross,357
doily,1591
crate,2201
sail,689
arisaka,667
konpeitou,505
grey_socks,8371
red_thighhighs,23857
red_bra,9240
green_bra,4732
lace-trimmed_bra,14408
multiple_panties,78
yellow_bra,3007
blue_bra,14018
print_bra,2333
print_thighhighs,12934
artificial_vagina,3059
volkswagen_beetle,214
maxim_tomato,327
purple_bra,8667
frilled_bra,9859
lace-trimmed_thighhighs,14440
hoe,403
blue_socks,11691
mandarin_orange,6264
bow_bra,16709
camellia,2949
imperial_japanese_army,1024
all_the_way_through,340
dragon_wings,9543
yellow_thighhighs,4460
pink_socks,5150
green_thighhighs,6827
wrist_guards,3311
orange_thighhighs,3575
;),27944
oarfish,238
rape_face,721
nipple_ribbon,93
clitoris_piercing,1926
hand_to_hand,193
car_interior,4627
watching,1178
panda_tail,298
two_tails,15539
pointy_hair,8101
nipple_leash,76
tissue_box,6115
flirting,958
water_cooler,107
clothes_lift,235941
tooth,997
cooler,2129
downblouse,8850
roulette_table,451
mullet,1239
gelatin,642
grapple,57
flapper_girl,56
coin_purse,914
itano_circus,154
frilled_thighhighs,11736
leg_ribbon,14697
path,4783
sol_badguy_(cosplay),74
prostate,301
shared_earphones,1063
headphones_around_neck,16076
affectionate,1640
blowing,1462
mother_and_child,522
plume,2452
black_ribbon,158104
explosive,8864
mitre,1380
tate_eboshi,12971
straw_doll,435
cutting_board,2099
apocalypse,230
carp,201
crescent_moon,13726
front_ponytail,8573
traffic,696
finger_sucking,929
brown_thighhighs,28479
black_gloves,535052
white_gloves,354092
peace_symbol,1430
blu-ray_cover,405
planetary_ring,671
white_robe,10751
speaker,4831
yatagarasu,137
brown_pantyhose,49720
swim_ring,41643
cat_hat,5021
frogman,77
doppelganger,398
checkered_thighhighs,177
quiff,400
arm_up,248705
button_badge,5548
very_long_sleeves,4760
whirlpool,118
lifestream,150
hunched_over,1426
trench_coat,6790
chocolate_cake,1437
striped_scarf,7655
hula_hoop,400
bare_arms,161111
pantaloons,66
guide,327
dress_ribbon,1001
dissolving,1326
kissing_hand,2051
grandfather_clock,490
ankle_grab,1393
under_skirt,328
drop_trap,171
komeiji_satori_(cosplay),113
brushing,209
bandaid_on_pussy,3866
short_ponytail,40831
through_clothes,3075
obelisk,130
breastplate,34344
spire,474
hotel,272
arms_behind_back,101184
column,2912
colonnade,92
seed,803
green_water,56
turntable,589
ledge,202
hand_on_breasts,57
from_ground,60
ravine,70
saber_(weapon),1415
black_hat,168799
traffic_light,3240
crosier,508
dart,415
lens,114
striped_sweater,3525
lily_white_(cosplay),61
fujiwara_no_mokou_(cosplay),101
mizuhashi_parsee_(cosplay),51
reiuji_utsuho_(cosplay),71
kaenbyou_rin_(cosplay),65
komeiji_koishi_(cosplay),175
koakuma_(cosplay),106
hinanawi_tenshi_(cosplay),85
inubashiri_momiji_(cosplay),86
dark_room,938
foaming_at_the_mouth,492
oyster,304
showering,5627
biker_clothes,3343
subway_(company),112
kurokote,5244
kote,8947
regeneration,77
green_fire,1150
dowsing_rod,2140
pinky_out,8638
evil_eyes,628
sode,4830
suneate,685
kusazuri,2353
floral_print,105237
against_door,352
taokaka_(cosplay),65
bush,22789
ice_cream_cone,9331
talons,5798
totem,133
pilot_uniform,84
battoujutsu_stance,353
torn_swimsuit,1342
spray_can,1939
cleavage_cutout,99792
hair_lift,3174
tuxedo_jacket,86
raised_eyebrow,9329
beagle,120
toy_mouse,101
detached_pants,698
tongue_grab,504
morning_wood,124
large_hat,5460
hakutaku,88
drum,6070
red_hat,54806
birthday_cake,5084
white_ribbon,70728
nihonga,1115
brushing_hair,3251
sheathed,30357
chainmail,3302
sumi-e,166
axolotl,525
white_wings,46100
nose_art,290
chinese_zodiac,18992
black_panther,320
pickle,303
webbed_feet,424
tea_party,486
expression_chart,867
leather_suit,315
rainbow_hair,1839
rainbow_eyes,503
fare_gate,211
panties_around_ankles,592
shouryouuma,164
bad_perspective,1702
basket_on_head,52
rooster,745
track_uniform,1142
ready_to_draw,1651
adobe_photoshop,176
alfa_romeo,121
anti-materiel_rifle,2854
flood,559
title,3812
double_v,33439
skirt_tied_over_head,79
striped_sleeves,4388
checkered_background,10716
2010,1567
rolling_eyes,16121
kepi,1988
striker_unit,2891
bent,79
disc,117
hostess,262
cutting_clothes,113
sleep_mask,3632
branding_iron,60
head_hold,115
contrast,1051
straight_hair,79744
bed_sheet,107250
medal,4800
stripper_pole,3861
hair_bell,26279
euphonium,538
teasing,3549
collared_shirt,572829
miclone,83
maclone,113
impossible_dress,3158
t-34,397
feast,136
light_bulb,4124
sweet_pea,108
mukyuu,615
leg_brace,74
pheasant,84
raised_fist,2425
sailor_dress,42617
necktie_grab,2447
bird_wings,19358
secretary,82
lacrosse_stick,131
tricorne,3441
horn_(instrument),559
baggy_shorts,297
single_glove,48366
white_headband,7663
raised_fists,220
fine_art_parody,3537
revenge,195
conveyor_belt,307
low_twintails,135452
game_link_cable,89
stamen,71
sex_slave,56
plaid_blanket,192
nail_biting,192
gem,85705
white_shoes,72304
circle,6574
love_handles,213
severed_limb,1340
fiery_background,792
nintendo_ds_lite,71
f-4_phantom_ii,114
recharging,232
tiger_paws,532
strap_pull,7441
sleeves_past_wrists,192320
4boys,38411
purple_thighhighs,23364
hadouken,206
stapled,320
rice_cooker,568
shapes,178
keyboard_(instrument),3476
one-piece_thong,1013
hirasawa_yui_(cosplay),54
trying_on_clothes,676
art_deco,87
marilyn_monroe_(cosplay),69
distracted,112
bear_print,2221
bubble_bath,627
shouji,5860
pogo_stick,56
gantz_suit,265
perching,103
x-ray_glasses,330
underground,686
bouquet_toss,98
fast_food,2248
akiyama_mio_(cosplay),76
mechanization,2059
:|,11441
hagoromo,5807
human_chair,393
vinyl_record,1260
washpan,89
acronym,377
steam_censor,3515
fish_cake,62
organic,97
5boys,17815
morse_code,107
progress_bar,227
warp_pipe,426
grey_bra,2677
constellation,5896
hand_in_clothes,70
hand_in_bra,101
jaw,202
nue,142
rock_paper_scissors,614
detached_wings,11677
stuffing,621
threat,528
labia_piercing,446
white_wolf,362
wristwatch,23319
broken_mask,879
disfigured,85
blood_stain,3328
sandwich_board,96
steepled_fingers,8936
arm_pillow,613
continue,50
facial_mark,118072
red_lips,30735
white_suit,5133
google_maps,113
horoscope,51
penis_awe,6411
rickshaw,103
flying_saucer,472
music_stand,360
hissing,153
tuxedo_kamen_(cosplay),82
caution,425
face_in_ass,788
korg,51
stage_lights,5299
teardrop,8970
wagon,412
raw_meat,423
marching,211
hands_up,217028
nazrin_(cosplay),76
awesome_face,95
triangle_(instrument),292
motorcycle_helmet,2057
striped_leggings,490
drum_set,2494
plasma,150
drumming,235
contrail,5405
crayon,1789
striped_skirt,8240
battle_damage,811
breast_padding,1444
game_controller,13059
rescue,184
bad_food,1610
face_hug,135
adhesive_bra,265
tailcoat,4567
2d_dating,94
penis_on_head,698
plaid_panties,1564
space_elevator,101
movie_theater,978
parkour,61
facing_away,32790
adult_baby,336
bicorne,1799
tusks,5457
beaver,114
white_eyelashes,3825
joints,22593
black_suit,14613
structure,155
belt_pouch,15173
long_pointy_ears,6740
flight_deck,5093
caution_tape,2700
swimsuit_lift,441
puffy_lips,178
platypus,142
kinchaku,1298
jason_voorhees_(cosplay),191
caduceus,130
shards,2308
high_collar,50003
missing_tooth,1048
birthmark,2703
egyptian_art,266
muslim,147
chain_belt,666
skirt_grab,274
ominous_shadow,210
yellow_rose,6335
nipple_tag,378
gradient_eyes,10078
head_ornament,97
pavement,2659
fawn,180
pornography,2027
dismemberment,438
mini_top_hat,11458
fish_tail,21877
clockwork,360
backless_panties,733
neko_nabe,81
haraegushi,136
nipple_press,347
carton,1050
impossible_pants,74
tatara_kogasa_(cosplay),55
imagining,6867
bulletin_board,1584
sunburn,232
frilled_bikini,44948
single_earring,54930
moe_moe_kyun!,745
american_flag,9857
condom_wrapper,15613
lamb,465
tobacco,187
pelican,128
winding_key,2706
wind_turbine,975
folding_bicycle,83
fn_scar,373
panties_in_mouth,291
leg_lock,4910
deer_ears,5543
deer_tail,1438
chocolate_milk,145
sidelocks,743854
nose_piercing,4238
cream_puff,705
suicide_bomb,57
bear_trap,498
cleavage_reach,546
four-leaf_clover,4665
heavy_metal,342
inn,50
back-to-back,19774
side-tie_swimsuit,787
backless_pants,454
arm_cuffs,1539
air_mattress,556
mat_play,124
disembodied_head,4003
changing_clothes,555
maple_leaf,12438
naked_shirt,17615
fern,1364
transparent_background,124989
clothes_grab,12324
sigil,183
washing_back,335
fainting,555
kung_fu,647
architecture,17741
diner,341
overflowing,228
heart_hands,29223
martial_arts,1018
woof,57
german_shepherd,273
white_rose,17132
candle_wax,324
1998,150
video_game,2062
trading_card,8445
curling_iron,172
exercising,5090
clothes_hanger,4409
stepping,586
denim_jacket,2209
pastry_box,642
seven-branched_sword,94
finger_heart,2614
locking,76
cuff_links,1161
catapult,65
grey_dress,24877
silver_dress,1116
shared_coat,186
hotpot,948
blood_splatter,9881
back_hair,305
plant_wings,192
policeman,1295
zookeeper,161
motherboard,64
automatic_door,75
puffy_pants,3298
white_boots,49908
hieroglyphics,977
coffee_mug,8629
vacuum_cleaner,1032
digital_thermometer,709
on_lap,4630
gauze,3093
chiton,751
military_jacket,10140
daisy_(flower),4470
naked_cape,2407
support,57
tie_clip,7034
panther_ears,2838
faceless,54202
fuwafuwa_time,143
calculus,75
matryoshka_doll,280
cadillac,64
brown_gloves,53962
artificial_wings,100
assembling,81
unsheathed,5682
pulley,103
no_mouth,16778
red_bandana,4805
rivalry,617
bearhug,229
ear_sex,207
hook_hand,768
panda_girl,620
vibrator_under_swimsuit,50
bamboo_forest,4130
clitoris_torture,93
aqueduct,80
3boys,86910
breasts_on_head,2577
uncomfortable,157
overcast,3371
cloudy_sky,88474
doorknob,828
pig_tail,466
long_dress,38437
cow_hat,371
judo,156
shoshinsha_mark,492
face_down,1120
scorpion_tail,769
star_destroyer,65
nostrils,3995
imminent_death,475
calling,288
searching,386
lamppost,11745
pincushion,593
wing_collar,72343
shoving,80
hover_bike,342
colosseum,276
cavalry,170
eye_reflection,1302
sitting_on_lap,14424
under_tree,1677
leather_pants,1766
studded_bracelet,1546
tentacle_sex,10505
rope_walking,273
father's_day,194
railroad_crossing,976
arm_above_head,1554
inkwell,1826
tape_measure,1405
leg_hair,6165
spiked,233
hair_over_face,833
world_map,113
purple_jacket,24118
signpost,782
polishing,160
googly_eyes,586
face_punch,764
thailand,104
scrunchie,90416
cleft_of_venus,38863
slap_mark,3367
sleeveless_vest,93
felyne,873
skull_mask,2599
purple_cape,6472
blue_cape,21493
luchador,228
sprite_(drink),74
frozen_frog,370
starfruit,78
un_tan,78
flamenco,68
paopu_fruit,67
letterman_jacket,5917
rainbow_gradient,2460
pelvic_thrust,136
ankle_socks,8331
invisible_object,70
hands_in_pocket,1109
canopy_bed,1234
tongue_clamp,62
mortarboard,858
impossible_hair,479
lazy,92
water_balloon,520
bodyboard,66
red_jacket,73226
fourth_wall,3407
hand_glasses,86
corsage,1030
limousine,69
diploma,708
long_sword,454
costume_chart,357
motion_lines,95047
bald_eagle,738
alternate_uniform,141
popsicle_stick,877
violin_case,185
platform_boots,4543
whiskey,1283
ducati,127
hedgehog,1565
field_radio,162
corded_phone,3899
glowstick,5918
strong,982
breast_pillow,712
resurreccion,135
scone,332
instant_ramen,205
knee_blush,672
blowing_smoke,912
arms_around_neck,8515
gryffindor,667
hufflepuff,208
slytherin,533
dress_grab,272
bunk_bed,470
bulletproof_vest,4766
extra_arms,12342
apple_rabbit,288
disembodied_hand,18006
vodka,782
pool_of_blood,1784
sleevejob,69
valve,240
partially_colored,17117
fingers_between_toes,122
head_bump,2731
against_fence,595
sleeping_bag,668
souryuu_asuka_langley_(cosplay),789
hokkaido,127
rice_paddy,1022
howa_type_89,315
odst,61
dachshund,140
choke_hold,989
onbashira,1272
lane_line,933
afterimage,14486
dragonfly_wings,421
smoke_trail,2443
mashed_potatoes,72
blue_sky,239662
bottle_cap,425
prehensile_tail,2364
shading_eyes,3717
arrow_in_head,310
bugle,124
wash_cloth,185
crime_scene,102
table_flip,80
computer_mouse,4535
ant_girl,204
tail_insertion,348
grado_labs,70
colored_tongue,7021
on_bed,135605
cowgirl_position,48197
penis_ornament,86
blue_bikini,50180
bodyguard,177
switch,219
horseback_riding,4089
balloon_animal,244
cropped_jacket,61752
impossible_sweater,636
burrito,56
gym_shirt,14592
pie_in_face,201
ground_shatter,443
lanyard,11359
skinny_jeans,168
lasso,417
cheek_bulge,2151
head_fins,14972
striped_clothes,273610
hat_tip,1852
world_war_i,408
santa_dress,5997
i-beam,89
sleeves_rolled_up,47899
painterly,6151
arwing,57
standing_sex,17462
muzzle_flash,1241
brace,61
shampoo_hat,220
sleeves_pushed_up,5348
watermelon_print,503
server,107
dark_persona,13162
spicy,435
long_table,92
tug_of_war,138
groin_tendon,2920
glass_slipper,812
gashapon,554
flat_cap,14622
sports_panties,1362
bar_censor,183122
lace-trimmed_bow,467
behind-the-head_headphones,1275
towel_on_head,6458
jitome,40246
loose_panties,97
orange_dress,9614
nintendo_dsi,83
grey_thighhighs,13871
plaid_dress,7250
landing_gear,206
frilled_dress,115797
orange_bra,934
gyaru,22356
yellow_socks,3167
moaning,13058
bolo_tie,2781
red_necktie,92396
chocolate_banana,798
fn_fnc,165
long_neck,1506
curry_rice,1875
tadpole,193
face_between_breasts,1288
heart_tail,2567
picture_frame,14384
pepperoni,387
almond,151
puffin,55
coelacanth,174
unbuttoning,328
dress_suit,138
lemon_slice,4189
see-through_panties,1069
scrape,559
layered_dress,18282
homeless,104
snail_girl,190
tentacle_hair,36338
drawer,3533
banquet,51
over_shoulder,14048
plaid_shirt,10027
forehead_jewel,20614
marching_band,472
theft,1541
lion_(macross_frontier),54
chasing,2984
gps,62
police_hat,5184
farming,160
christmas_ornaments,5833
printer,237
long_toes,179
power_fist,428
playing_card,13513
irezumi,645
game_console,5269
hobble_dress,197
kneeing,222
cocaine,69
dollar_bill,361
timestamp,3048
handprint,1473
feather_boa,5900
striped_pants,5603
lsd,95
sega_mega_drive,163
passport,127
miyafuji_yoshika_(cosplay),111
hakama_pull,141
finger_frame,1749
kaioushin,54
military_vehicle,20174
head_rest,36887
sun_tattoo,780
pussy_press,221
red_water,61
food_in_mouth,23121
winged_boots,628
character_select,237
wolf_costume,752
clogs,81
ribbon_hair,91
dumpster,174
grasshopper,415
mobile_trace_suit,272
monkey_ears,1920
credit_card,541
taking_picture,9151
long_fingernails,41194
red_scarf,39116
one-piece_swimsuit,156402
firefly,424
purple_wings,6718
snoring,364
horse_legs,66
haagen-dazs,217
purple_ribbon,29422
shared_umbrella,2741
utility_pole,10121
uvula,1934
hobble_skirt,83
spot_color,49021
2011,1504
gingham,1080
camera_phone,532
shiny_skin,138937
m203,195
makizushi,1963
mouth_piercing,1528
on_shoulder,5149
faux_traditional_media,4319
wasteland,179
hat_over_eyes,977
soda_bottle,2013
braided_ponytail,38587
black_cloak,10204
black_coat,71557
hydrangea,7038
futa_on_male,1968
hickey,4310
flexing,3967
creepy_eyes,261
stitching,179
shared_pocket,73
broom_surfing,220
practicing,79
sprite_art,242
skirt_around_one_leg,3046
crazy_smile,3904
rider_belt,2265
bellflower,793
lily_(flower),9856
swing_set,722
pea_pod,525
noel_vermillion_(cosplay),60
autobot,2452
shockwave,230
tulip,4231
hair_slicked_back,16822
throwing_knife,1096
shot_glass,616
london,200
wanted_poster,1235
spool,538
inflatable_toy,3664
duct_tape,894
honda_s2000,62
bikini_under_clothes,22402
mystic_eyes_of_death_perception,514
nectar,124
velvet_room,80
gimp_mask,325
orchestra,110
sitting_on_wall,203
open_hoodie,9023
arm_around_neck,5706
static_cling,88
fine_art,65
fluorescent_lamp,983
philosopher's_stone,267
zebra_print,839
areola_piercing,196
big_bad_wolf_(cosplay),379
nissan_skyline,409
abandoned,1195
kabuto_(helmet),1524
biohazard_symbol,289
multiple_legs,1403
negative,123
emoticon,1110
izakaya,372
orange_(fruit),8308
no_navel,304
gliding,57
impossible_swimsuit,1930
maze,113
._.,2820
depressed,1010
spiked_wristband,150
tequila,87
cookbook,149
hiking,185
master_sword,2354
colored_pencil,470
grid,1174
fainted,478
newtype_flash,507
checkered_dress,1097
face-to-face,16271
red_flag,394
stationery,304
beach_mat,1071
blue_moon,242
automail,239
backlighting,38634
wringing_clothes,1323
pointy_breasts,1857
wringing_skirt,478
fingerprint,228
weight,431
buckler,461
crotchless_bikini,261
bo_staff,1501
happi,2259
edogawa_conan_(cosplay),50
hummingbird,139
ipod_nano,643
cum_puddle,97
blue_nails,59488
riding_machine,100
indirect_kiss,389
test_score,459
height,1956
interrogation,115
surgery,137
surgeon,84
refraction,993
thrusters,3662
clock_hands,390
penis_grab,5609
blue_ribbon,90694
panty_peek,8879
mini_crown,20287
fakemon,589
red_nose,1530
manhole,249
naked_bandage,3130
plastic_wrap,255
jacket_on_shoulders,28139
light_persona,399
implied_sex,11956
jacket_over_shoulder,711
decal,66
male_underwear,18940
cool_&_sexy_(idolmaster),343
cosmic_&_funny_(idolmaster),151
cute_&_girly_(idolmaster),1006
short_sword,3314
crack,10225
saiyan,1281
orange_skin,2793
makinami_mari_illustrious_(cosplay),116
backbend,81
frontbend,232
burning,3997
adjusting_clothes,29231
vandalism,59
turnaround,3942
orange_skirt,12374
ainu_clothes,3321
burning_paper,117
fez_hat,177
russian_flag,726
palace,229
red_shorts,18459
file_cabinet,214
wrinkled_skin,3686
scratching_head,1170
thumbtack,130
green_socks,3964
dell,51
ecstasy,176
blush_stickers,122233
headpiece,23237
crotchless_swimsuit,314
japan_maritime_self-defense_force,350
trap_door,120
working,316
broken_cup,245
wet_floor,737
frost,203
dome,673
copyright_notice,35180
fire_truck,87
holding_breath,1157
sword_hilt,146
twig,727
butterfly_net,1905
nipple_rub,1187
black_boots,144567
cracker,403
hokage,78
lip_piercing,3696
dahlia,359
sitting_backwards,1354
steeple,143
breathing_fire,2674
shochuumimai,607
hazmat_suit,450
rabbit_costume,1203
war_hammer,1054
x-wing,89
evil_smile,18248
clothes_pin,1023
fist_pump,930
tie_fighter,99
mahjong_tile,2279
shelter,77
holding_back,100
tennis_net,334
mirror_image,320
very_short_hair,28189
flower_ornament,4144
blood_sucking,149
for_adoption,576
stone_lantern,2165
paper_texture,869
crossed_swords,456
buoy,113
aks-74u,273
skorpion_vz._61,213
netorare,8752
torn_dress,8192
folding_screen,578
breastless_clothes,4105
berry,2711
sombrero,569
cum_on_sheets,138
gibson_sg,392
black_hole,1018
lipgloss,1180
breast_massage,146
dog_costume,512
39,2303
fallen_down,2635
smash_ball,219
long_braid,11914
camera_flash,778
surfboard_(wrestling),70
kinniku_buster,160
art_gallery,117
orchid,668
lalafell,2129
wehrmacht,391
stahlhelm,820
heian,362
karaginu_mo,291
long_nipples,406
package,798
anachronism,587
sweater_around_waist,3246
peacoat,94
tartarus,72
in_container,14100
cappuccino,104
body_hair,2267
card_(medium),24447
folded,13484
blinking,10432
pink_hat,22802
miqo'te,10550
paper_roll,124
levitation,1762
fossil,383
endless_eight,63
wing_ears,984
blood_drop,363
blood_on_face,46266
gasp,276
whisker_markings,16774
bird_girl,5531
blue_wings,8283
broken_window,1283
dress_shoes,2254
roaring,465
tail_wagging,11268
frog_panties,104
eye_piercing,99
eyelid_pull,2217
hyur,3304
elezen,1908
roegadyn,488
glaring,10256
balding,1361
heaven_condition,93
kakera,128
treadmill,302
paint_splatter,6149
yellow_shirt,49631
bullet_hole,1631
pedal,57
tongue_out,336015
hachimaki,9492
cum_bucket,97
zanshomimai,575
ribbon_in_mouth,2281
handrail,681
bungee_jumping,62
unhappy,811
shihakusho,537
latte_art,432
kagura_(gintama)_(cosplay),56
damage_numbers,341
shrinking,97
l85,333
red_skirt,130467
low-cut,628
ear_wings,66
goblin_mask,74
paw_shoes,4793
slicing,98
half-skirt,1539
fire_hydrant,287
kanchuumimai,78
fusion_swords,236
bondage_gear,85
film_grain,19509
ninja_mask,2228
cephalopod_eyes,2197
stalactite,380
burp,361
m1911,1721
ice_sculpture,79
punching,9595
chupa_chups,485
redesign,3164
hands_on_hilt,1261
fuuma_shuriken,129
mashin,65
kaiju,1915
looking_outside,2054
eiserne_jungfrau,246
scissorhold,616
load_bearing_vest,2311
princess_carry,15840
kirigami,139
breast_mousepad,496
digital_dissolve,995
hollow_mask,92
subaru_impreza,136
duel_disk,1451
spray_bottle,824
chanel,177
cum_in_bowl,245
mucus,85
compound_eyes,1871
dog_paws,493
bar_stool,2151
torn_sleeves,5267
lily_of_the_valley,2376
lotion_play,80
through_screen,1226
tote_bag,667
gift_box,23985
weathergirl,63
pull_out,307
thigh_grab,6788
ring_toss,54
tally,4635
relaxing,765
prisma_illya_(cosplay),194
shepherd's_crook,188
hoop_skirt,345
jacket_around_waist,7062
giant_leaf,99
thong_leotard,6037
weapon_over_shoulder,10006
umbrella_gun,312
brown_shoes,70766
military_hat,28365
tri_tails,2701
tribal_tattoo,1399
egg_yolk,751
doormat,240
ankle_cuffs,3592
storm_attacker,115
hedge,748
no_symbol,647
bee_boy,75
monster_boy,11212
glint,31207
paper_crane,1440
charisma_break,634
voile,1021
zanpakutou,445
fishnet_gloves,2970
sailor_mercury_(cosplay),154
yellow_bikini,18413
yellow_belt,4142
emperor_penguin,400
caramel,152
family_crest,1714
aqua_panties,2202
chess_piece,8267
goat_girl,2836
yellow_skirt,16266
lovebird,61
calligraphy_brush,5360
freediving,1973
siamese_cat,381
walkway,186
purple_pantyhose,10110
hand_under_swimsuit,516
frilled_sleeves,94160
bursting,67
piano_keys,1015
cookie_cutter,146
pork,287
mousetrap,825
harpoon_gun,107
pocket,49531
watering,574
tentacles_under_clothes,1723
formal_clothes,73043
novelty_censor,5816
megastructure,182
eruption,154
belt_buckle,41821
hachikuji_mayoi_(cosplay),62
m14,440
lewis_gun,58
browning_m2,358
m79,70
multishot_rocket_launcher,193
dodge_challenger,52
dodge_charger,59
honda_integra,72
cum_overflow,30934
horn_bow,4315
autopaizuri,207
electrostimulation,227
side-by-side,12664
hard_drive,69
health_bar,3195
cow_boy,2374
halberd_(airship),63
nobori,346
jiaozi,800
penis_in_panties,1020
water_wheel,211
dialogue_box,2906
yellow_boots,5509
batarang,64
on_floor,31363
held_down,416
nail_gun,95
futaba_riho_(cosplay),50
carrot_juice,56
forced_orgasm,1736
burnt_clothes,1888
deaf,92
death_note_(object),422
impossible_clothes,31032
tying_hair,10852
double_chin,381
brown_boots,60694
holding_paper,12114
battle_rifle,1954
sand_sculpture,1763
splashing,11351
:i,4805
upside-down_kiss,226
easter,1346
peg_leg,281
breasts_out,73456
plaque,125
inflatable_whale,790
yukianesa,123
incoming_hug,1254
d-wheel,90
garage,325
hand_over_heart,209
pitcher_plant,121
falling_star,247
swim_trunks,5353
pikachu_costume,109
blue_pupils,6137
flashback,1862
tenbou,374
armored_vehicle,516
griffin,557
devil_fruit,104
tehepero,349
orange_bikini,7997
character_name,241730
comic_sans,509
gavel,295
privacy_screen,256
landing,457
murasa_minamitsu_(cosplay),64
border,179367
from_side,264754
blank_speech_bubble,2717
holding_nose,84
tornado,339
betrayal,134
red_queen_(sword),81
super_mushroom,739
locomotive,1006
butt_crush,50
eyelid_piercing,73
head_on_chest,1523
grimace,4089
zzz,12666
clapperboard,270
arm_behind_back,44326
single_shoe,9783
single_pantsleg,3110
single_sock,10884
single_elbow_glove,8804
single_wing,10657
single_kneehigh,5207
urameshiya,65
alternate_form,5458
arm_guards,11525
ghillie_suit,72
pestle,337
sweater_lift,9062
oktoberfest,328
heart_in_mouth,4480
untucked,98
pimple,71
metal_gloves,684
predicament_bondage,339
shushing,9151
symbolism,1495
gambling,277
ronald_mcdonald_(cosplay),51
reverse_spitroast,994
dieselpunk,61
coat_lift,265
paramedic,50
biting_finger,303
crotch_plate,3048
squirrel_girl,4636
hovercraft,64
hayabusa_(spacecraft),111
urethral_fingering,118
aqua_bow,12653
white_tail,5294
masked,1617
magazine_(weapon),5369
long_arms,738
bird_on_head,5182
fake_censor,333
afloat,5429
rebellion_(sword),325
glowing_hand,1035
cross-laced_sandals,424
multiple_views,206555
cockatoo,141
superman_(cosplay),54
malaysia,56
flight_suit,626
pedestrian_bridge,300
asymmetrical_bangs,38116
finger_puppet,116
ero_guro,1186
broken_horn,4286
hip_hop,240
hug_from_behind,31308
greyscale,567529
exoskeleton,979
asteroid,634
tabasco,127
lyrics,2335
cross_necklace,16824
cat_print,4354
crushed,263
holding_condom,4696
left-handed,4895
codpiece,271
naked_scarf,1251
mutation,386
lawnmower,66
introduction,100
pink_shirt,54271
plaid_bra,1061
holding_bra,1141
related,56
mattress,504
exposed_bone,545
uno_(game),555
grey_sky,6078
storage_room,188
after_kiss,5138
polo_shirt,3008
black_pants,190094
progression,474
torn_shorts,4627
cum_on_self,2091
kuudere,135
white_background,1832397
radiator,175
throne_room,202
milkshake,657
sperm_cell,2052
green_skirt,70725
hacksaw,257
covered_nipples,177889
knees_to_chest,6519
panther_(tank),168
cook,54
head-mounted_display,4972
playstation_1,206
striped_dress,14262
naked_shoes,2874
boeing_747,65
colt_commando,111
coattails,7530
lever_action,475
black_nails,94176
harbor,549
frog_print,2044
stickam,184
sos,82
shorts_lift,173
asymmetrical_clothes,13848
claymore_(mine),108
drum_magazine,816
transformer,397
playstation_portable,1639
clothed_masturbation,2456
bindle,113
shimenawa,14535
staple,234
backboob,8925
hijiri_byakuren_(cosplay),82
tassel,81388
style_parody,31424
white_coat,51542
stack,452
biceps,12483
body_modification,170
cum_on_tail,170
bmw,486
imminent_kiss,15019
emaciated,542
living_armor,110
fake_cover,1861
outstretched_arms,77635
death_flag,162
groom,1430
opposing_sides,209
captured,1214
moose,130
macaron,6837
shipyard,91
sea_spray,189
clitoris_pull,52
fim-92_stinger,117
tokusatsu,4822
dimple,111
hanfu,18316
changpao,1390
oversized_object,11849
skinsuit,127
torn_bra,448
leaf_panties,92
multicolored_thighhighs,1900
striped_hair,1409
anglerfish,1141
plum_blossoms,4297
spiked_belt,870
blue_hood,1891
bowgun,131
aunt_and_niece,1065
winter_coat,7298
small_head,230
sponsor,399
food_as_clothes,348
pumpkin_head,59
shadow_puppet,394
hatch,299
outstretched_arm,77183
impossible_skirt,104
purple_bikini,19734
blue_boots,18718
white_beard,192
fleet,443
red_star,1072
cheesecake,588
large_forehead,156
candy_corn,106
anemone_(flower),1318
peony_(flower),1549
shibuya_(tokyo),407
lowleg_shorts,716
flower_pin,137
covered_mouth,25216
black_leggings,6836
bad_apple!!,170
dust_cloud,2555
ainu,899
chisel,786
battroid,99
anilingus,2599
bayonetta_(cosplay),83
pokedex,424
lupin_dive,88
mismagius_(cosplay),90
coffee_table,782
yarn_ball,1628
good_morning,128
yellow_pantyhose,1658
metal_skin,1897
silver_skin,660
obese,1066
ryona,2580
arm_slave_(mecha),106
boulder,818
chaos_(warhammer),595
cotton_boll,81
short_bangs,5753
afterburner,251
white_belt,19470
decepticon,1720
barricade,114
after_battle,670
grate,598
vietnam,165
cruiser,256
peas,154
toenail_polish,32162
on_table,4905
alternate_universe,8296
pc_engine,52
mindflayer,130
black_lips,6979
white_lips,279
naked_coat,3251
cum_inflation,1439
monowheel,57
pikmin_(creature),2331
toramaru_shou_(cosplay),78
cowlick,8461
hide_and_seek,128
beam_gun,101
heat_hawk,221
fennec_fox,271
pink_skirt,51469
white_skirt,108660
white_flag,787
beard_stubble,8698
qbz-95,237
grey_wolf,140
blue_fire,9882
face_in_hands,172
salmon,545
baseball_jersey,898
pkm,106
mango,264
shoulder_massage,273
pig_nose,332
female_orgasm,11467
sound_effects,34702
bespectacled,26830
gunkanmaki,221
canned_food,558
wiping_tears,2645
pink_ribbon,52143
dalmatian,128
cupboard,1013
backless_dress,17209
m21,69
color_guide,5918
ptrd-41,119
winged_helmet,3761
husband_and_wife,9472
slit_pupils,77558
skull_print,3964
church_bell,56
half_updo,47740
handjob_over_clothes,407
eotech,656
mammoth,120
pleated_shirt,700
ear_piercing,86723
cursive,1748
osechi,364
nengajou,3005
blu-ray,83
black_feathers,5503
6_9,198
pussy_juice_trail,5829
chestnut,508
meltrandi,407
character_profile,5418
on_head,22429
walther_ppk,319
wreckage,950
air_pump,88
otter,1174
playing_with_hair,238
grills,90
tart_(food),997
swirl,861
kanabou,1918
persimmon,804
celery,76
centauroid,2310
wheat_field,1381
sun_glare,452
counting_money,80
upshorts,1638
crushing,1041
naked_towel,14963
u.n._spacy,676
s.m.s.,168
daifuku,309
silo,51
kick_scooter,125
sea_cucumber,159
clone_trooper,126
gunpod,485
multiple_wings,8441
treehouse,300
poses,140
umbreon_(cosplay),60
glider,137
parent_and_child,486
candelabra,999
type_90_(tank),55
starry_sky,43944
micro_bra,1043
fn_f2000,130
hand_grab,5009
bloomers_pull,539
dragonslayer_(sword),604
flower_pot,5385
cleaning_brush,363
dustpan,257
grapefruit,159
henna,50
wii_remote,308
radio_telescope,58
red_(pokemon)_(cosplay),115
they're_not_panties,125
macbook,85
sewing_needle,1004
m4_sherman,417
omurice,3266
sheep_tail,945
all-out_attack,210
fried_egg,3718
hair_between_breasts,971
pinstripe_pattern,13142
fishing_net,343
red_panda_ears,878
thanksgiving,100
broken_leg,155
hamster_ears,439
belt_skirt,852
lip_balm,84
pug,234
ear_ornament,21565
hat_bow,66180
yoko_littner_(cosplay),269
pop-up_pirate,128
cotton_swab,336
box_art,1128
shiny_pokemon,9683
score,100
fur_jacket,1520
sig_556,561
folding_fan,23263
food_on_breasts,1390
hand_net,2150
black_moon,77
tabletop_rpg,142
microskirt,22640
age_progression,3305
teleportation,318
hakurei_shrine,1037
moriya_shrine,240
unfastened,917
nail_art,2723
interlocked_fingers,56085
switchblade,67
black_shirt,276617
plant_boy,119
vine_whip,115
princess_daisy_(cosplay),58
hands_on_feet,1736
clown_nose,1318
saboten_pose,61
white_fur,26500
santa_bikini,3540
cake_hat,109
spike_ball,350
bike_jersey,656
pig_costume,105
penis_piercing,543
beef,373
too_literal,819
portmanteau,92
shirai_kuroko_(cosplay),64
is_that_so,565
cbt,663
butcher,85
smokestack,5058
scratching,743
brand_of_sacrifice,83
print_socks,852
orange_socks,1915
vomiting,777
stg44,244
energy_tank,222
lolita_hairband,14776
dakimakura_(object),1975
blood_on_breasts,1121
misaka_mikoto_(cosplay),118
self_hug,1174
coyote,74
print_dress,11240
pleated_dress,26546
multicolored_dress,12567
multicolored_panties,401
multicolored_bra,267
multicolored_socks,438
leather_skirt,457
brown_socks,4523
new_york_city,336
checkered_skirt,5462
dragon_ball_(object),850
uzumaki_naruto_(cosplay),78
bandeau,22651
flare,170
green_hat,32630
inverted_colors,331
letterboxed,61993
heart_panties,897
power-up,501
thighhighs_pull,1999
half-dress,125
ucc_coffee,57
yebisu,168
destroid,75
cockatiel,276
oversized_shirt,4620
carrier,152
print_bikini,29547
child's_drawing,2009
tengu-geta,6767
dslr,101
licking_finger,3454
basketball_jersey,1008
unconventional_guitar,158
cum_in_panties,486
chain_blades,125
double_insertion,147
crazy_grin,404
canvas_(object),2056
pantyhose_around_one_leg,364
green_ribbon,28335
grumpy,279
body_armor,1728
turian,84
quarian,130
pointy_shoes,1185
human_furniture,636
magazine_(object),3630
naked_sheet,2734
arm_over_head,1062
handbell,197
tied_skirt,129
han_juri_(cosplay),84
radio_controller,105
yamato_(uchuu_senkan_yamato),197
christmas_wreath,942
christmas_stocking,1189
animalization,15696
ashes,385
salt_shaker,591
troll_face,1106
triple_bun,124
dildo_under_panties,573
four_eyes,122
one_breast_out,16217
ray_gun,942
red_pantyhose,6996
soft_serve,1181
padded_room,58
holding_shoes,3657
hand_in_mouth,157
manila_envelope,192
flat_ass,3374
purity_seal,360
sailor_venus_(cosplay),128
sailor_chibi_moon_(cosplay),56
sailor_jupiter_(cosplay),117
sailor_uranus_(cosplay),51
drone,3700
bedroll,250
witches_5,67
smudge,114
solar_panel,234
boxing_shorts,301
hand_wraps,1301
sequins,285
proton_pack,64
ootachi,1864
maid_apron,61544
cellphone_charm,1366
asparagus,154
fake_animal_ears,181362
covered_eyes,21786
arm_behind_head,41978
tight_dress,2189
jack-o'-lantern,19222
fluffy_tail,746
spinning_bird_kick,125
clitoris_clamp,82
clitoris_leash,84
clitoris_slip,406
glowing_hair,1979
water_stone,68
thunder_stone,95
fire_stone,84
orange_jumpsuit,1381
ostrich,472
shamoji,909
sawed-off_shotgun,127
starfighter,644
foot_on_head,546
tinsel,172
ace_of_diamonds,583
latex_dress,449
kneepits,25659
sith,364
corruption,6278
shijuuhatte,111
crested_ibis,87
matchbox,169
riot_shield,257
calves,247
terrarium,151
checkered_floor,11769
high_heel_sandals,2996
single_hand,83
extra_breasts,286
tickle_torture,610
orange_pantyhose,2537
trolling,722
stechkin_aps,106
lace_bra,3824
spilling,3646
stirring,649
arm_under_breasts,26745
arms_under_breasts,10777
prehistoric,95
hakama_skirt,42113
sprout,764
maus_(tank),79
gold_armor,3832
foliage,2801
windsock,794
anal_hook,265
public_masturbation,394
burmecian,248
gradient_background,160229
mouse_girl,13283
kemonomimi_mode,43152
dog_on_head,184
multiple_heads,1929
polka_dot_socks,200
lounge,54
aviator_cap,1096
barrett_m82,429
apron_tug,251
listening,211
long_bangs,37919
netherlands,102
millennium_ring,140
fencing_suit,56
2020,3999
inkstone,92
seams,254
bee_costume,330
knight_(chess),1039
unbuckled,97
audio-technica,100
weather_vane,229
tiger_panties,93
black_rock_shooter_(character)_(cosplay),220
changing_room,826
batman_(cosplay),91
yotsubato!_pose,203
acid_trip,98
covering_crotch,14450
trigger_discipline,11145
dragging,1424
covering_ass,1375
undersized_clothes,4564
waist_apron,58272
sitting_on_object,2445
turn_pale,8958
extended_magazine,98
milky_way,1275
areola_slip,61509
cable_tie,273
sukeban,841
open_hand,19989
adjusting_gloves,3598
serving,275
trowel,757
backstage,181
swallow_(bird),473
pac-man_eyes,484
ass_expansion,73
finnish_flag,209
bubble_filter,121
kitchen_knife,2497
reins,2312
glands_of_montgomery,751
edamame,214
surrounded,1274
body_horror,1358
boonie_hat,229
iceberg,205
cocktail_dress,2304
popped_button,1321
coupon,80
v_arms,29099
brick_wall,13312
cum_on_skirt,138
sandstorm,125
calendar_(object),3856
absolut_vodka,50
piano_bench,712
two-tone_eyes,13264
palanquin_ship,274
powder,71
airplane_interior,525
hair_intakes,163081
leucochloridium_paradoxum,56
thumb,59
wooden_pencil,263
mini_hat,30858
^^^,58291
pillbox_hat,3286
traditional_dress,129
humanization,11440
warship,3026
eating_contest,58
ballroom,213
breast_pull,83
makeup_brush,1306
bell_pepper,786
trim_brush,280
kefir,51
hakama_lift,282
jaws,96
beer_bottle,1241
breast_pocket,24858
raccoon_costume,83
vss_vintorez,101
red_sclera,7314
smoke_grenade,439
body_markings,12201
art_brush,1483
tomato_sauce,89
shoebill,191
boom_microphone,153
scoreboard,242
paper_towel,114
hand_over_eye,1415
upturned_eyes,4530
veterinarian,52
butterfly_hair_ornament,28985
trypophobia,155
navel_insertion,214
wrist_blades,190
cramped,260
bren_lmg,301
leaf_(pokemon)_(cosplay),56
neo_zeon,786
mecha_on_girl,79
cotton_ball,155
snake_tail,4173
crotch_kick,438
extra_legs,738
flower_bed,655
floating_breasts,344
status_bar,62
cupping_hands,2368
ipad,542
tablet_pc,7371
yatai,655
traumatized,418
colored_sclera,56464
cheek_press,2604
determined,2233
moth_wings,694
fluff,482
savannah,354
bicycle_helmet,412
torn_hat,891
ikayaki,659
cloche_hat,102
crossed_fingers,308
thigh_belt,7191
tendril,702
objectification,1756
lace-up_boots,32514
watching_television,1432
arm_blade,3082
symbol-shaped_pupils,196083
helping,212
coat_dress,1375
howa_type_64,142
shoulder_belt,3153
clueless,1252
stasis_tank,552
imi_galil,76
teeth_hold,1313
trompe_l'oeil,83
poke_ball,32654
blunt_bangs,348021
track_pants,8076
soybean,294
game_show,105
bamboo_broom,1879
kitchen_scale,94
buri_hamachi,114
master_ball,369
shorts_under_skirt,11899
chinese_food,132
jockey,198
charger,401
flagpole,771
cheek_rest,763
toyota,1131
on_ground,19399
black_smoke,99
shared_food,2135
comb_over,150
strapless_dress,62499
manga_cover,2203
black_flower,10454
disappear,151
black_bird,1366
cat_nose,478
full_armor,9103
grater,107
asymmetrical_hair,33352
haniwa_(statue),1894
hat_feather,16553
barking,240
paper_stack,1745
collision,177
cracking_knuckles,650
slovenly,91
tube_socks,277
bean_sprout,111
dick_in_a_box,67
three_monkeys,156
lipstick_tube,3367
nail_polish_bottle,810
perfume_(cosmetics),144
height_difference,36784
remembering,927
kindergarten_uniform,4942
overpass,324
white_hat,112394
window_shopping,65
h8k,99
heineken,117
zouri,12239
imminent_rape,6518
cherish_ball,50
ultra_ball,1296
quick_ball,132
heavy_ball,64
moon_ball,102
friend_ball,73
luxury_ball,371
net_ball,61
lure_ball,51
premier_ball,307
great_ball,535
dusk_ball,774
love_ball,263
poketch,613
dive_ball,349
shaped_pubic_hair,726
oxygen_tank,543
heart_pasties,10276
feather_hair,6106
bagel,238
coughing,663
record_store,51
hand_up,430965
insignia,3532
night_clothes,129
tiger_girl,8429
blue_headband,3466
drop_kick,167
barista,499
living_weapon,228
eyelash_curler,70
fur_trim,188800
sleeping_upright,3687
naked_chocolate,596
wide_face,793
plain,233
skort,179
devil_bringer,98
ranking,53
incoming_gift,3185
walther_p99,86
high_ponytail,97891
wasp,249
samus_aran_(cosplay),304
bamboo_shoot,940
judo_throw,52
triangle_choke,103
hair_scarf,292
tail_between_legs,2004
willow,429
cum_on_crotch,141
turtle_shell,3989
invisible_wall,252
fleeing,3651
different_reflection,4044
puckered_lips,5580
8-bit,91
military_base,81
shoulder_grab,535
vampire_costume,1869
baggy_clothes,1896
arm_around_shoulder,7920
patterned_hair,807
rod_of_remorse,3885
ohagi_(food),85
pokegear,314
saber_alter_(cosplay),99
atm,60
shoulder_plates,993
spiked_knuckles,519
back_cover,494
american_civil_war,52
abstract_background,7273
hip_attack,254
1boy,1695562
;t,482
half_moon,359
caption,317
graph,541
kv-2,185
toilet_paper_tube,90
clamps,52
tegaki,2083
dancing_flower,59
welding_mask,412
kanzashi,5305
heart_hands_duo,4299
lotus_position,134
disgust,3068
konnyaku_(food),215
bad_leg,716
courtroom,261
mechanical_arms,19211
fishbowl,836
open_door,7450
button_eyes,2060
aqua_background,14099
robbery,108
yokozuwari,22445
namusanbou,144
wariza,93914
rotational_symmetry,2759
strapless_bottom,977
movie_camera,153
twin-lens_reflex_camera,140
doritos,372
bellows_camera,94
tv_camera,85
too_many_books,321
purple_nails,32234
rocket_ship,281
manga_(object),3251
polka_dot_dress,3169
runny_nose,1018
cigarette_kiss,281
blank_stare,2042
dashboard,55
bat_signal,285
petri_dish,54
cure_marine_(cosplay),95
cure_blossom_(cosplay),74
snake_hair,2109
red_cross,2926
furigana,2034
2015,2742
digital_camera,247
cowering,757
string_tie,153
body_chain,159
translucent_hair,577
hinamatsuri,765
nightstand,841
flipped_hair,31029
food_writing,397
chest_of_drawers,2208
no_humans,181356
against_railing,3471
sbd_dauntless,85
nodding,394
page_tear,159
eye_chart,132
sobbing,799
manboobs,769
motherly,1432
elbowing,240
lungs,124
liver,69
spread_wings,3124
east_asian_architecture,14124
greco-roman_architecture,350
gothic_architecture,455
arc_de_triomphe,85
chrysanthemum,1246
eyebrow_piercing,4091
arm_markings,278
marigold,284
counting_sheep,69
shining_finger,83
bandaids_on_nipples,6145
crossed_bandaids,4431
real_world_location,3284
bolt_action,6193
gangsta_hold,163
ammunition_box,587
clip_(weapon),115
on_top_of_pole,156
wheelie,117
quadruple_wielding,207
minibike,146
human_pyramid,59
rotary_phone,1924
sprite_sheet,128
hat_over_one_eye,1806
exasperation,101
front-hook_bra,1005
wardrobe,407
bags_under_eyes,33813
initial,619
bowl_cut,3590
asymmetrical_wings,12582
backwards_hat,7284
paris,165
colored_eyelashes,41417
eye_poke,114
sculpting,81
>:),14795
eye_socket,399
penis_out,3008
wiping_mouth,944
crustacean,538
bunching_hair,1372
fish_girl,3900
flower_dress,111
scuba_tank,295
x_arms,759
messy_sleeper,371
rock_balancing,161
evolution_stone,254
coat_on_shoulders,15001
micro_panties,2545
zun_hat,50
iei,736
washing_hair,864
triple_wielding,360
hairstyle_switch,822
amnesia,70
sea_serpent,162
dorayaki,296
life_vest,326
railroad_signal,358
easter_egg,1764
candy_bar,261
aqua_skin,1180
curse_seal,80
blue_hairband,23760
huddle,67
text_print,974
taut_shirt,7837
snake_on_head,167
wisteria,2832
lever,192
sneaking,346
minimalism,408
shutter_shades,230
high_heel_boots,46640
pee_puddle,263
sleeveless_hoodie,2594
houjuu_nue_(cosplay),69
brown_bra,1331
chaos_emerald,400
ghost_tail,4272
black_belt,76701
studio_microphone,515
sabertooth_cat,69
twirling_hair,4856
happy_tears,3425
vintage_microphone,549
golden_egg,65
toad_(animal),217
heart_earrings,14627
hand_under_skirt,440
girl_sandwich,8297
mixed_martial_arts,151
cat_boy,13984
gingerbread_house,144
blue_bow,141934
penny_loafers,173
snowstorm,158
arcade_stick,415
print_shirt,21741
takenoko_no_sato,176
bunbunmaru,369
hanged,564
swarm,105
high_chair,52
orange_sky,7359
halterneck,121339
sos_brigade,611
shining,195
star_of_lakshmi,187
rolling_pin,381
cracked_skin,5229
two-finger_salute,1463
straight-arm_salute,81
short_yukata,680
fidgeting,1241
guided_breast_grab,2062
underwear_only,71704
incoming_attack,3854
headdesk,53
extra_ears,72404
jaw_drop,408
tsumami_kanzashi,891
side-tie_skirt,748
bikini_skirt,15616
shirt_on_shoulders,329
prism,95
drawstring,30634
reflective_floor,4116
knocking,567
misunderstanding,1416
excessive_cum,2999
beam_shield,64
extra_eyes,11273
heart_ahoge,11478
clothes_dryer,160
bucket_of_water,464
stargazing,517
bucket_spill,85
work_gloves,207
paper_boat,243
tail_raised,15385
winged_sandals,72
o-ring_bikini,14247
penis_growth,90
hobby_horse,51
swaying,378
upper_body,937996
shell_(company),133
pink_top,137
morning_glory,2033
flower_in_eye,1757
flower_eyepatch,521
uchiha_sasuke_(cosplay),71
pepper_shaker,293
sunburst,4242
open_hands,9071
patterned,1086
bare_tree,11371
wafer,358
breaking,1341
cz_75,210
lantern_festival,490
black_jacket,298899
platform,354
:v,51
indian_style,17698
t-72,56
paw_stick,476
measuring_cup,181
rope_belt,2235
purple_rope,2581
forehead_flick,200
blending,2237
splash_page,1801
target_practice,211
mast,1488
strawberry_print,3018
paint_roller,513
cuckoo_clock,103
nib_pen_(object),1457
hair_dye,209
bamboo_steamer,1876
uninterested,58
translucent,924
inflatable_orca,514
digivice,355
shouten_pegasus_mix_mori,77
spilled_milk,347
pinstripe_shirt,2642
ring_pop,71
puckered_anus,3096
arm_hair,7421
dual_drum_magazine,109
chile,74
excalibur_(fate/stay_night),4191
censored_violence,177
sitting_on_person,27915
enmaided,32013
chewing_gum,6645
frilled_socks,6294
listen!!,530
birthday_party,396
chain_necklace,8518
strawberry_milk,338
unsure,61
decora,1084
steam_locomotive,661
vocaloid_append,2051
block_(object),447
yes-no_pillow,2333
animal_head,1260
single_horn,43591
canopy_(shelter),92
grocery_bag,1758
satisfied,55
in_the_face,2291
cum_on_penis,4406
blue_pantyhose,6932
green_pantyhose,2421
arms_at_sides,31227
arm_at_side,51807
photobomb,445
lace-up_heels,84
heart_wings,97
workshop,153
unyu,355
nattou,342
cum_on_fingers,772
studio_lights,74
uneven_gloves,4719
ankle_lace-up,3519
red_bodysuit,12696
person_on_head,874
pi_(math),87
goalkeeper,402
goal,149
in_water,2415
sitting_on_face,4316
sitting_in_tree,2687
sitting_on_pillow,417
sitting_on_head,566
large_areolae,27604
covering_head,334
keypad,90
mini_piano,78
swimsuit_tug,230
musical_staff,4050
torn_wings,1207
compilation,109
rotating_light,81
menacing,88
>:(,6300
linked_piercing,2850
quintuplets,514
holding_flower,32636
keyring,730
form_change,61
side_slit_shorts,1722
oni_mask,3366
finger_ribbon,127
head_back,4786
convertible,872
m134_minigun,165
jelly_bean,492
wrist_ribbon,6561
checkerboard_cookie,2486
pillow_straddling,59
drawing_sword,2045
rafflesia_(flower),108
claw_foot_bathtub,786
convention_greeting,262
possessive,134
protecting,1204
cardiogram,927
arm_ribbon,10881
cosmos_(flower),815
transparent_umbrella,3999
mute,174
adjusting_earrings,106
rider_kick,204
floating_skull,827
body_soaping,113
fake_photograph,519
shack,163
broken_tooth,161
uchiwa,4823
gagging,53
kine,1694
hat_tug,457
blurry_eyes,62
biting_head,369
lace-up,417
lying_on_person,6453
foil,104
foil_(fencing),80
lace-trimmed_bikini,530
shirt_around_waist,1075
roadblock,79
aviator_glasses,54
updo,8093
deerstalker,2642
thigh_ribbon,3462
shudder,54
eye_drops,140
pastry_bag,1265
parted_bangs,243947
can_to_cheek,231
makise_kurisu_(cosplay),76
polka_dot_background,19047
bound_toes,383
billiard_ball,772
hand_drill,59
red_collar,13601
criss-cross_halter,28621
brain_freeze,429
pokemon_battle,274
c-string,661
sexual_dimorphism,74
detached_hair,1402
comic_cover,921
lace-up_thighhighs,125
trellis,399
seaplane,642
perfume_bottle,1512
in_cup,1635
parted_hair,6827
conical_hat,348
ntw-20,167
strapless_bikini,6591
open_book,32533
flower_bracelet,1586
flower_necklace,2442
monokini,162
guardian_chara,137
japan_air_self-defense_force,164
blurry_background,155059
halfling,892
jet_engine,229
forced_lactation,428
mining_helmet,346
ehoumaki,1069
unbuttoned_shirt,6590
cheek-to-cheek,5945
sharp_fingernails,29247
sleeveless_jacket,11922
pink_tail,3656
>_o,4802
purple_hat,19348
eye_twitch,99
crusader_(tank),172
food_on_body,6234
mole_on_breast,44840
dirty_face,4943
front-tie_bra,812
aerial_battle,429
ice_block,110
blue_leggings,476
red_leggings,262
mascot_head,268
role_play,54
man_face,173
late_for_school,402
rouge_(makeup),263
cobra_(animal),438
kirin_(company),50
dark_aura,2638
asymmetry,51
hand_sonic,134
hitbox,223
jockstrap,1533
suit_jacket,13217
black_shoes,207857
clothes_rack,464
fn_five-seven,263
flying_fish,1522
chili_dog,86
na'vi,53
motor_vehicle,52229
bikini_top_aside,638
canards,350
yamato_(sword),502
kendo_mask,56
arson,76
thighhigh_dangle,92
black_border,19938
surprise_kiss,2786
mapo_tofu,328
blocking,765
akatsuhara_empire,95
head_down,2885
parking_lot,574
pixiv_logo,2284
knife_in_mouth,220
heart_straw,746
girl_scout,65
deception,52
basketball_court,385
umbrella_riding,149
stingray,417
broken_condom,242
pillow_grab,3904
giant_hand,351
crystal_wings,4565
chain_gun,89
sword_of_hisou,3012
lace_trim,59702
pokemon_center,225
red_tail,2706
canadian_flag,310
dragon_radar,193
kokiri_sword,83
double_cheek_kiss,237
medical_scrubs,313
m3_submachine_gun,91
psychogun,69
convenient_arm,3047
electrical_outlet,1527
foregrip,555
gigandal_federation,99
safety_glasses,1009
knee_to_chest,355
an-94,472
sitting_on_stairs,3087
generator,68
gn_drive,128
isbn,88
sparkling_eyes,14733
two-footed_footjob,6181
pottery,158
dominoes,68
henshin_pose,802
stone_tablet,198
kyoto,354
horseback_archery,134
loose_belt,4367
ankle_wings,767
iv_stand,754
ford,417
ford_mustang,177
no_wings,2538
karate_gi,1059
mooning,92
alternate_wings,966
hand_on_glass,1751
puppet_strings,2274
wiping_face,2469
wiping_forehead,378
surprise_hug,143
strip_tease,50
mosquito_coil,356
ice_wings,15303
shark_fin,916
temari_ball,848
on_grass,10365
arena_(company),490
silent_comic,22902
white_armor,3980
critical_hit,65
peacock_feathers,923
casual_one-piece_swimsuit,14029
multiple_penetration,56
sig_sauer,2561
pinching,4637
cheek_pinching,3487
taut_swimsuit,954
slouching,669
sliced,173
animal_on_head,15197
core_drill,193
1997,130
shirt_tucked_in,39762
speedo_(company),198
janitor,93
sit-up,420
makankousappou,76
school_hat,3533
emphasis_lines,38095
surf,103
unownglyphics,132
broad_shoulders,952
hirschgeweih_antennas,582
pansy,715
iris_(flower),746
materializing,114
flashbang,358
red_buruma,8125
incoming_punch,880
equation,308
playing_instrument,16390
algae,234
cheering,2711
nest_ball,65
wing_flapping,54
baseball_base,160
unamused,2606
electrodes,507
purple_scales,246
clothed_pokemon,6005
can't_be_this_cute,762
double_blade,539
oathkeeper,58
allergy,97
hay_fever,104
panties_around_thighs,317
topiary,58
framed_breasts,5948
flapper_shirt,260
tool_belt,408
cat_hood,6486
rock_climbing,98
u_u,5821
character_doll,28818
white_pupils,86956
vignetting,1898
togruta,574
streamers,2630
partially_visible_vulva,23310
undone_sarashi,546
multicolored_skin,19681
a_flat_chest_is_a_status_symbol,78
narrow_waist,12995
arm_rest,7119
rock_garden,102
belly_chain,4472
nerunerunerune,76
soap_bubbles,7025
dated,220858
quicksand,63
planting,63
candy_store,103
covering_nipples,3324
breast_reduction,102
leg_cutout,757
duet,51
altar,264
nightclub,298
adjusting_mask,178
plaid_apron,669
group_battle,56
qr_code,2399
vegetation,488
reverse_cowgirl_position,10684
poppy_(flower),1185
striped_ribbon,7341
band_shirt,588
daffodil,619
leg_holster,165
cocked_eyebrow,290
bug_bite,180
chupacabra,135
shoulder_armor,81904
water_drop,30217
forced_smile,1075
streetcar,388
animal_skull,1979
jizou,448
clownfish,1156
coat_rack,172
limbo,68
male_on_futa,1071
vuvuzela,78
chevrolet_corvette,129
porsche_911,225
nissan_180sx,83
plaid_ribbon,1230
plaid_bikini,3280
sea_turtle,380
short_over_long_sleeves,18156
cupping_glass,525
lum_berry,75
thai_clothes,131
food_stand,1948
diable_jambe,71
vs_seeker,394
chibi_on_head,752
green_bikini,16293
dogfight,192
fluffy_hair,2840
satellite_cannon,50
arm_sling,767
surprised_arms,555
slapping,2139
blue_pants,44349
magpul,78
broken_plate,336
electric_toothbrush,93
bath_stool,1130
mont_blanc_(food),418
ch-47_chinook,61
kinoko_no_yama,177
jackal,158
argyle_pantyhose,3541
plaid_shorts,981
nintendo_3ds,1001
nagato_(battleship),68
dumbbell,2242
kongou_(battleship),58
octagram,381
yellow_bow,56245
juggling_club,226
ribbon_baton,460
marching_band_baton,293
relay_baton,533
twirl_baton,307
pamphlet,192
head_hug,625
waist_cape,10301
full-length_zipper,2393
dark-skinned_male,108720
swiss_cheese,225
braiding_hair,1227
italian_flag,1846
cure_sunshine_(cosplay),78
gameplay_mechanics,15443
necromorph,60
french_flag,1201
guided_penetration,1485
throwing_needles,518
yari,283
flower_umbrella,72
rabbit_vibrator,409
against_window,715
feather_fan,414
vibrator_in_anus,341
hand_on_hilt,3689
spraying,636
gumball,82
sitting_on_food,443
happy_facial,546
plague_doctor,161
frog_raincoat,118
mismatched_thighhighs,700
vertical-striped_thighhighs,9461
vertical-striped_pantyhose,3349
bad_reflection,224
fox_costume,220
labrador_retriever,71
playstation_controller,1963
print_pantyhose,8021
mismatched_socks,389
christmas_cake,213
romper,4977
panjandrum,68
wet_dream,156
united_states,1258
giant_snake,443
polka_dot_ribbon,1247
water_tank,247
turkey_(country),58
paint_can,990
forest_of_magic,103
color_contrast,1287
caustics,3322
projected_inset,2847
german_flag,1592
adjusting_leotard,689
white_leggings,2529
pink_leggings,381
purple_leggings,314
yellow_leggings,90
argyle_thighhighs,2686
bead_curtain,152
violet_(flower),417
pp-19_bizon,82
vertical-striped_socks,1332
skirt_basket,1196
floating_hair,155959
zoo,292
brown_leggings,173
multicolored_leggings,123
multicolored_pantyhose,782
vertical-striped_leggings,103
print_leggings,129
telstar,985
gold_thighhighs,271
fanning,434
super_saiyan_3,461
tropical_drink,1876
crazy_straw,1146
bed_frame,630
cum_on_lips,122
utaite,4259
covering_chest,658
goat_ears,3936
tentacle_in_mouth,648
dreamcatcher,345
tsuzumi,286
scar_on_face,81855
heal_ball,139
corn_dog,542
kilt,158
bitter_melon,107
numbers_(nanoha),753
loose_clothes,3317
kobe,70
jet_ski,303
studs,183
anger_vein,63021
single_sandal,735
part_time_job,72
giant_squid,63
color_coordination,457
ice_shaver,128
nose_tape,114
monday,51
hiccup,99
tanzaku,2113
single_sleeve,7782
multiple_girls,1760221
ghost_hands,346
collar_grab,720
rowing,265
adapted_costume,58431
hugging_object,28029
firefighter,593
fruit_tart,468
observatory,97
hikoboshi_(cosplay),50
alto_mare,98
lopunny_(cosplay),120
eevee_(cosplay),327
fake_nose,199
narrow_hips,138
6+girls,93635
limited_palette,21437
chili_pepper,1026
birdhouse,109
male_with_breasts,509
untucked_shirt,3940
cassette_player,625
portrait_(object),2301
painting_(object),7740
snake_armband,154
shikishi,5094
cross_pendant,402
laurels,587
yellow_card,66
receipt,234
keffiyeh,328
pointy_chin,69
autopenetration,68
sword_on_back,4826
cobblestone,1270
babydoll_t-shirt,114
maya_(culture),79
waffle_cone,370
cinnamon_stick,220
bokeh,9323
whammy_bar,125
cum_on_neck,66
hair_rollers,278
bird_on_shoulder,2876
animal_on_shoulder,8899
rice_porridge,66
churchill_(tank),281
punched,151
grey_pantyhose,11693
multiple_boys,558901
dizi,613
pipa_(instrument),439
anus_peek,6543
sleeveless_dress,183004
single_boot,1524
+++,22253
socket_wrench,64
shoulder_blush,1624
blue_tunic,2847
chicken_costume,262
moray_eel,80
spread_pussy_under_clothes,2376
hilt,214
flaming_eyes,732
washtub,84
uh-1_iroquois,72
beach_house,265
cutoff_jeans,480
blood_on_hands,13943
void_cube,64
condom_on_penis,4413
black_background,102377
pink_rose,15511
japan_ground_self-defense_force,292
green_pants,13893
magnolia,375
grape_hyacinth,53
crown_earrings,299
pine_tree,2532
heart_ribbon,105
gingerbread_cookie,104
swirl_lollipop,3936
shaped_lollipop,624
501st_joint_fighter_wing,221
flower_in_mouth,1424
giving_up_the_ghost,2085
neptune_(planet),131
basement,76
makarov_pm,161
rpk,113
vacuum_bed,106
taunting,313
glance,220
struggling,1979
kooribata,434
panty_dangle,113
long_shirt,4058
fur_bikini,829
indian_clothes,974
safety_razor,344
outie_navel,1502
stalk,68
box_tie,698
fur_collar,33300
kirin_(armor),1565
field_of_blades,596
webclap,133
bagua,306
front-tie_bikini_top,28461
captcha,129
red_armor,5563
sex_doll,174
triple_vaginal,68
crane_(animal),1289
komainu,507
rowan,225
gas_pump,116
oversized_zipper,271
backdrop,138
fiery_wings,1067
object_riding,73
swimsuit_costume,209
bandaid_on_knee,9186
group_pose,273
lavender_(flower),691
reverse_prayer,196
separated_arms,363
waterpark,244
jacket_over_swimsuit,1915
implied_pantyshot,667
hair_scrunchie,45916
kittysuit,761
carving,210
slipping,419
denim_vest,209
checkered_clothes,22526
protractor,176
flaming_sword,1630
team_plasma,333
closed_mouth,1481027
h&k_ump,1223
chipmunk_ears,782
chipmunk_tail,620
tied_dress,199
tsukumogami,297
mirror_twins,112
gold_chain,6021
tavern,644
collar_tug,592
splatter,1444
sword_clash,174
wide-eyed,39906
washing_hands,198
giggling,471
ankle_ribbon,4156
branded,354
the_end_(phrase),284
wall_of_text,1444
horseshoe_crab,54
bulldozer,51
cooking_pot,3668
masturbation_through_clothes,2065
radiation_symbol,1299
puffing_up,130
noh_mask,1884
deck_chair,217
japanese_armor,21510
idle_animation,127
rubbing_eyes,4443
white_scarf,27038
ayaya~,478
lilac,168
laser_rifle,142
heart-shaped_pupils,100458
6+boys,36277
hermitaur_(armor),93
rathalos_(armor),178
barioth_(armor),168
sheaf,166
star_earrings,15903
wire_cutters,105
crying_with_eyes_open,43964
bribery,93
armored_personnel_carrier,387
leaning_in,85
sos-dan_logo,60
shattered,704
goat_tail,874
sunflower_seed,315
symmetrical_pose,754
wrist_straps,726
las_plagas,88
food-themed_clothes,1969
cherry_tomato,846
mountain_climbing,58
zipping,294
reindeer_antlers,5874
smoothie,235
great_knife,184
shoulder_angel,180
shoulder_devil,164
beach_towel,4334
trash_bag,2230
ventilation_shaft,188
yukata_lift,97
wire_fence,131
shelf_bra,329
missing_limb,1326
thong_aside,1134
severed_hair,771
o-ring_top,13119
stare_down,181
myon_(phrase),477
mismatched_sleeves,2483
science_fiction,48884
mosaic_art,92
gingerbread_man,984
queen_of_clubs,73
ace_of_hearts,1891
wavy_mouth,88632
claw_(weapon),3427
detergent,125
prehensile_toes,70
statuette,141
ringed_eyes,26920
impossible_towel,269
surcoat,1239
hair_straightener,166
renaissance,75
grilling,874
bathroom_scale,155
multicolored_swimsuit,4733
rider-tan,428
flyswatter,156
bamboo_fence,444
behind_tree,204
kimono_pull,1849
o-ring_bottom,4811
basketball_hoop,703
nausea,125
gashadokuro,67
clenched_hand,70975
urn,181
folded_clothes,843
crowded,310
leaf_background,920
smelling_flower,693
glowing_wings,1678
millennium_puzzle,663
flesh,562
sotoba,264
torn_cape,4988
c:,2501
checkered_ceiling,61
cero,80
broken_bottle,273
wafer_stick,1029
sock_on_penis,211
blood_spray,709
bird_on_arm,1001
light_smile,88074
broken_ground,216
hands_on_lap,3776
jirou_(ramen),193
blood_on_clothes,27739
white_flower,115265
berserker_armor,269
adjusting_necktie,1830
aries_(zodiac),133
flower_shop,306
folded_fan,6140
naked_cloak,1002
raining_blood,120
macaw,228
semi-transparent,279
alternate_eye_color,17084
planter,325
straight_razor,127
roman_empire,193
legionnaire,90
swimsuit_under_swimsuit,78
pipe_wrench,66
tile_floor,19631
drying_hair,1963
mexican_flag,152
lace_collar,571
barnacle,109
exposed_muscle,613
legs_grab,156
neck_brace,141
puzzle_piece,744
ski_gear,141
hand_on_wall,1761
hand_on_lap,2181
pearl_earrings,4195
hand_wave,101
in_tree,4462
cryptid,68
hooded_top,166
chain-link_fence,9675
multiple_condoms,3079
lace_gloves,2192
fruit_print,6212
latex_thighhighs,937
latex_panties,248
latex_bra,141
group_incest,261
lamborghini_countach,90
humvee,104
bleachers,173
celebration,498
concentric_circles,94
paratrooper,96
impossible_armor,57
talking_on_phone,3288
black_tail,14191
kagura_suzu,759
cougar,51
pillow_bite,95
unibrow,307
drinking_straw,36164
6koma,312
suzu_head,73
calla_lily,362
floral_background,26362
open-toe_shoes,1373
leg_armor,2941
digital_media_player,5062
bulldog,111
striped_background,14249
laserdisc_cover,73
giving,4145
cow_skull,113
outstretched_leg,1937
pink_sweater,13479
shoulder_blades,16395
closed_umbrella,7035
garrote,124
nikon_(company),53
ace_of_spades,1452
pretzel_bikini,211
gaia_memory,168
israel,94
tail_ring,2185
white_pubic_hair,1304
adjusting_goggles,491
belly_rub,390
moon_rabbit,328
cd_case,706
blood_sword,161
looking_to_the_side,219977
first_ken,71
toe_cleavage,1135
towel_around_neck,7859
backstab,64
crash_landing,76
kanchou,263
frilled_apron,51790
sconce,62
hand_around_neck,389
shark_tooth,73
bat_tail,202
shishimai,186
hair_pulled_back,9825
print_swimsuit,886
big_dipper,468
stalagmite,208
mouth_guard,148
white_jacket,146021
green_tail,2381
akm,338
aged_up,31662
postage_stamp,518
dirndl,2423
jupiter_(idolmaster),143
plaid_scarf,8713
blue_background,149972
ishidaki,55
m1_garand,257
balkenkreuz,262
big_belly,6375
fruit_bowl,369
carnivorous_plant,170
stiff_tail,599
black_hairband,115213
blue_shoes,26423
arm_over_shoulder,482
ai_arctic_warfare,368
sv-98,98
spinning_top,295
bumping,262
low_wings,32872
visual_novel,881
horse_racing,50
stuffed_tiger,312
coin_flip,200
multiple_braids,3411
gold_bar,305
mooncake,392
puffy_sleeves,421286
mille-feuille,67
hishaku,1118
plaid_vest,9735
hand_to_forehead,376
covered_face,5519
smoking_pipe,11574
head_under_skirt,366
hardboiled_egg,489
m1_carbine,83
canister,553
metal_wings,511
slow_motion,76
coffee_pot,1007
m1903_springfield,420
cinnamon_roll,203
madeleine,58
soumen,121
clothes_tug,1264
crafting,54
twin_blades,91
mob_cap,85354
bad_face,166
stomach_growling,793
unmoving_pattern,7735
plugging_ears,54
face_stretching,62
pen_spinning,80
ojou-sama_pose,1712
lace-trimmed_gloves,1880
head_between_breasts,3390
children's_book,119
cum_through_clothes,896
vacuum_tube,54
moriya's_iron_rings,521
fingering_from_behind,637
lid,416
mutual_handjob,89
unaligned_breasts,5784
chimerism,122
;<,612
thistle,89
flower_on_head,2104
moon_phases,1215
adjusting_headwear,9758
ear_blush,14795
nemes,188
heart_eyepatch,622
arm_around_waist,6125
game_cartridge,404
ear_protection,1550
postmark,89
title_screen,108
fingering_through_clothes,2438
telekinesis,2199
goggles_on_head,41181
shiny_eyes,599
guitar_strap,425
wheel_of_dharma,79
ikamusume_(cosplay),86
choker_pull,92
cylinder,97
leaf_bra,114
turbine,89
zidane_tribal_(cosplay),53
garnet_til_alexandros_xvii_(cosplay),70
character_censor,1816
as_val,119
black_bloomers,421
black_cape,30839
moccasins,67
shark_girl,12723
black_sun,384
mofuji,83
cape_lift,405
pointing_up,7417
racetrack,472
clubroom,345
summer_uniform,31403
tv_show,199
mandalorian,181
matching_shanghai,196
yellow_hands,87
latex_boots,644
leaf_print,6970
character_mask,777
yakisoba_spill,56
penis_face,136
around_corner,248
striped_leg_warmers,165
camouflage_pants,2233
:s,697
pink_background,116544
saucepan,137
pizza_box,1378
shaded_face,67153
large_shoes,118
spoken_heart,57294
sword_over_shoulder,2605
spoken_sweatdrop,3214
head_on_hands,82
bridgestone,50
wooden_beam,123
veiny_breasts,3601
energy_gun,5755
set_square,345
bloody_wings,262
faceless_female,11209
mermaid_costume,335
ear_ribbon,6684
ankle_garter,822
inverted_cross,3104
stick_grenade,144
heart_tail_duo,253
pussy_juice_puddle,2818
awning,936
floatplane,402
jeweled_branch_of_hourai,1227
severed_leg,220
booby_trap,138
coconut_tree,1014
bound_ankles,4200
reach-around,3220
totenkopf,329
torn_sleeve,534
heads-up_display,1374
pip_boy,230
sprawled,63
neon_trim,4637
apron_grab,67
heart_background,7418
male_pregnancy,163
doll_house,106
picture_book,139
ak-105,56
prosthetic_leg,3266
rounded_corners,1350
extra_penises,629
penises_touching,1615
covering_anus,95
carapace,1107
mismatched_footwear,4913
penis_measuring,860
low_ponytail,63939
energy_wings,5081
face_in_crotch,213
beckoning,3109
yamamura_sadako_(cosplay),83
nixie_tube,92
meruru_(oreimo)_(cosplay),87
heart_hands_trio,82
shoelaces,3198
dining_room,260
starting_block,543
nanatsu-yoru,247
hand_on_headphones,1402
side_cutout,7037
miniature,351
nagant_m1895,146
historical_event,564
floating_object,10984
kourindou,471
burnt,812
vibrator_under_clothes,4204
windbreaker,105
hands_on_table,458
underwater_city,122
drop_tank,66
holographic_monitor,1018
cumdrip_onto_panties,267
bodice,2750
autofacial,562
hev_suit,103
sex_machine,2459
wolf_paws,606
irrumatio,6146
boxtie,65
epee,137
tuning_fork,80
toy_airplane,309
empty_bottle,122
sangheili,75
laurel_crown,7098
in_box,4977
bikini_around_one_leg,644
in_heat,1120
hat_on_chest,85
furrowed_brow,50112
vambraces,20377
holes,65
mason_jar,69
bell_tower,166
alternate_design,528
dna,360
bucket_on_head,454
monolith_(object),98
untied_bikini,9722
arm_strap,19948
water_dragon,72
toilet_seat,123
argyle_socks,642
purple_rose,7405
slashing,1760
red_flower,89674
hood_down,114045
lecturing,61
<o>_<o>,1407
argyle_background,6320
gradient_wings,1431
love_hotel,598
captain_america_(cosplay),101
kappougi,2720
spider-man_(cosplay),177
spider_web_print,5419
in_bucket,2324
impersonation,61
bikini_bottom_pull,1466
beretta_px4,82
clippers,138
1-up_mushroom,210
v_over_eye,7872
negative_space,1334
plait,60
inflatable_armbands,385
parchment,115
animal_feet,7252
m1_abrams,112
english_text,303194
x-ray_film,200
>3<,183
pinstripe_suit,1358
recycling_symbol,423
vat,65
kettenkrad,167
multiple_faces,52
apple_core,246
label,254
elbow_cuffs,66
horseshoe,1302
pincers,550
fake_beard,526
wet_pantyhose,511
goggles_around_neck,5622
black_sky,1790
bird_legs,3605
blood_in_mouth,819
c.c._(cosplay),54
leaf_on_head,11793
red_carpet,1105
neck_ruff,4537
is-2,117
kv-1,54
pumpkin_costume,372
glass_cockpit,50
apologizing,691
figure_stage,57
breast_cutout,2294
narwhal,122
alternate_element,262
flinch,298
crane_stance,85
united_nations,134
swinging_legs,215
heaven_(kanji),98
baked_potato,76
under_kotatsu,1916
black_thong,133
tangle,65
flying_paper,1433
orrery,62
see-through_(psg),92
disembodied_penis,7955
cat_on_lap,957
mole_(animal),273
incense_burner,434
ff_gradient,51
aa-12,160
naked_robe,610
colored_pubic_hair,6842
alcohol_burner,66
pitching_mound,68
mars_symbol,3177
venus_symbol,2540
nippleless_clothes,1596
panties_under_pantyhose,31804
personality_switch,1578
flapping_ears,147
navel_cutout,16672
kel-tec_rfb,95
type_89_i-gou,179
ensis_exorcizans,78
o'neill_cylinder,106
ghost_in_the_shell_lineup,149
shadow_(persona),346
finger_to_face,1991
b5n,72
double_amputee,1122
out-of-frame_censoring,12864
stocking_(psg)_(cosplay),107
ammonite,69
red_border,2416
red_background,74097
green_background,52686
yellow_background,79520
pink_border,3335
neck_hold,96
cheytac_m200,356
whale_shark,272
certificate,63
rice_on_face,1311
flame_print,3553
coke-bottle_glasses,1832
crayon_drawing,370
plaid_pants,3480
huge_ahoge,16966
leather_gloves,2452
ornate_armor,618
bird_on_hand,3770
fried_chicken,1346
waving_arms,1038
h&k_usp,312
master_emerald,81
waveform,116
orange_rose,2101
multicolored_rose,200
laundry_pole,235
saturn_(planet),659
meowth_(cosplay),59
cigarette_butt,391
head_out_of_frame,25027
sword_fight,89
nargacuga_(armor),356
tileable,79
expressive_clothes,1637
cure_melody_(cosplay),64
shoulder_holster,1903
bat_(animal),14990
hat_flower,29265
torn_socks,989
mind_break,501
spiked_anklet,671
bound_wings,112
panty_(psg)_(cosplay),95
m1918_bar,205
browning_hi-power,93
green_shirt,43300
star_(sky),69975
cat's_tongue,105
blowing_kiss,3977
uu~,542
serving_dome,267
backless_outfit,29886
window_blinds,3340
seesaw,144
naked_tabard,1023
green_sweater,8146
bone_armor,77
head_on_head,1257
human_(warcraft),257
troll_(warcraft),69
inkblot,154
hamaya,1790
title_page,244
uncle_and_nephew,362
uncle_and_niece,843
facial_tattoo,18062
sheet_bite,74
flower_panties,128
open_cockpit,192
hut,309
bladder,205
yeti_(creature),131
shared_blanket,819
ass_cutout,2145
sleeve_pull,115
hooded_cape,4614
shibuya_109,162
calico_m950,73
binder_clip,173
rod_of_asclepius,57
traffic_mirror,622
garland_(decoration),716
anal_tail,6738
maximal,147
predacon,115
sagging_breasts,7905
bird_print,1576
spiral_staircase,417
cat_on_person,183
thousand_sons,78
chainsword,350
bolter,381
heresy,123
plasma_pistol,80
herb_bundle,213
dvd_case,326
impossible_shorts,98
pigeon-toed,12938
tightrope,82
bear_head,55
casting_spell,1419
jacket_pull,1526
prosthetic_weapon,217
gradient_legwear,1889
gunshot_wound,175
native_american_clothes,82
native_american_headdress,408
shaking_head,897
esrb,73
blue_scarf,17564
blue_hat,47953
tokarev_tt-33,268
songover,679
hollyhock,120
red_card,65
hole_on_body,1530
panties_over_pantyhose,809
brazilian_flag,1387
space_wolves,65
winged_heart,1595
colt_single_action_army,207
nutcracker,127
pointing_down,739
stigmata,102
white_santa_costume,86
yakiniku,356
tiger_lily,104
paper_cutout,185
turkey_leg,58
sledgehammer,568
kissing_forehead,2642
hat_basket,236
war_fan,228
knifed,423
no_hairband,359
ceiling_light,5129
yin_yang_orb,2030
dropping,2000
ultramarines,207
family_portrait,153
corner,296
bnahabra_(armor),67
children's_day,99
darth_vader_(cosplay),63
spinach,52
mercedes-benz,451
knightmare_frame,260
boardwalk,105
nambu_type_14,115
parrying,78
spaghetti_and_meatballs,150
kissing_hair,421
lace_thighhighs,761
holding_belt,205
beretta_ar70/90,115
pixie_cut,1199
hyena_ears,1553
hyena_tail,732
prosthetic_arm,7445
fuuin_no_tsue,1611
hoshi_no_tsue,648
knee_to_face,57
spoken_blush,8475
dvd_(object),137
after_masturbation,1093
energy_weapon,711
in-ear_earphones,79
horned_helmet,5398
bunker,55
air_bubble,16736
nihongami,1127
detached_ears,117
cutting_hair,1718
ice_flower,179
royal_flush,94
butterfly_on_hand,3172
meowing,228
packet,320
death_korps_of_krieg,53
detached_collar,154067
testicles_touching,135
perineum,3130
light_rays,29326
hair_tubes,85584
hatsumoude,777
cheek_poking,3401
wolf_mask,133
tri_braids,1051
wooden_fence,3070
bikini_tug,618
after_fellatio,6460
table_humping,989
group_picture,3824
adjusting_scarf,1031
temple_gate,67
disappointed,493
hot_drink,213
beats_by_dr._dre,124
breast_zipper,662
philippines,138
against_mirror,214
ar-15,1596
baby's-breath,517
accessories,418
right-to-left_comic,985
huge_bow,2274
fading_border,699
mechanical_hands,3326
manzai,78
strawberry_jam,63
yellow_scarf,7424
skirt_aside,101
chinese_bellflower,473
nape,3803
male_pubic_hair,54535
auditorium,72
shoulder_strap,3257
webbed_hands,1197
haskap,71
out_of_frame,38016
hat_rack,78
vision_test,59
compass_(instrument),177
pouncing,276
hair_over_shoulder,64523
blue_blood,778
front_braid,177
wrestling_outfit,3560
citroen,94
green_bell_pepper,354
applying_lipstick,431
o_medal,102
axis_(gundam),97
s.e.e.s,503
sad_smile,1038
square_pupils,849
stuffed_cat,5004
mi-24,96
red_wine,1503
hand_on_window,453
star_print,18696
invisible_floor,866
dilation_belt,133
pavise,94
high_heel_sneakers,98
hand_on_goggles,159
sharpening,62
old_maid,287
milk_mustache,76
red_sweater,12671
heart_print,10295
contract,103
vertical-striped_panties,973
bladeless_fan,112
silence_glaive,432
grief_seed,497
spiral_heart_moon_rod,106
space_sword,129
tomoe_mami_(cosplay),419
lace-trimmed_skirt,2248
unwrapping,93
space_helmet,4005
eternal_tiare,87
garnet_rod,236
deep_aqua_mirror,140
gerbera,561
tamagokake_gohan,142
frilled_shirt,28830
fushimi_inari_taisha,90
tossing,502
map_(object),839
on_person,2283
madoka_runes,624
rope_ladder,90
biting_clothes,529
save_the_queen,58
kaname_madoka_(cosplay),786
purple_moon,113
pointing_at_viewer,13652
circle_formation,948
black_santa_costume,301
eye_mask,8870
mini_santa_hat,340
blue_santa_costume,155
green_santa_costume,79
large_clitoris,259
horse_costume,85
not_present,179
long_beard,3007
tool_kit,76
head_rub,119
plasma_cutter,101
rabbit_head,135
nude_modeling,273
dive_bomber,56
chest_stand,81
sunrise_stance,322
crank,89
misty_lake,206
hand_around_waist,365
penis_in_thighhigh,110
shaft_look,649
swirling,177
soul_gem,5918
paparazzi,231
between_fingers,10018
floating_screen,152
checkered_shirt,1331
vertical-striped_bikini,1450
snowboarding,249
volleyball_uniform,3034
fabric,366
oil_lamp,689
sitting_on_roof,351
unplugged,75
cat_panties,479
pant_suit,3681
skirt_suit,4732
vortex,236
head_on_hand,2247
snout,8373
rubbing_nose,120
lawn,67
pov_hands,33222
text_in_eyes,566
guzheng,131
hercules_beetle,82
heraldry,134
san_francisco,82
akemi_homura_(cosplay),561
spoken_star,485
united_states_navy,357
dappled_sunlight,12732
condom_box,1735
winter_daphne,52
soaking_feet,11015
blue_jay,68
chibi_inset,21927
balisong,142
mobius_strip,63
bead_necklace,15711
autodefenestration,101
stitched_mouth,1552
caressing_testicles,2569
squeezing_testicles,257
biting_testicles,53
osaka_(city),148
carry_me,198
nantaimori,132
split_ponytail,2628
coughing_blood,215
miki_sayaka_(cosplay),334
roasting,231
cropped_arms,1700
chocolate_on_face,753
tall_grass,802
scallop,249
mixer_(cooking),105
flailing,872
glowing_flower,1116
piston,391
pov_dating,236
arms_around_waist,2351
power_strip,352
hair_stick,20365
checkered_scarf,5769
arm_wrap,3373
stepladder,341
shirt_hold,320
punkish_gothic_(idolmaster),113
tentacles_on_male,1470
nutella,53
blowing_bubbles,1751
shower_curtain,462
arm_between_legs,1812
arms_on_knees,878
boxer_briefs,1876
downcast_eyes,147
social_network,301
lockpick,75
blood_writing,268
teabag,443
karakasa_obake,7600
catching,787
dying_message,382
whac-a-mole,61
green_rose,1047
shrimp_costume,52
column_lineup,2926
war_paint,51
mami_mogu_mogu,756
akita_inu,104
full_body,1008832
tape_dispenser,81
maxim_gun,75
snowdrop_(flower),132
mazda_mx-5,195
uncommon_stimulation,1584
palm-fist_greeting,232
red_mask,2900
multiple_belts,9334
rotisserie,108
witch's_labyrinth,623
themed_object,1120
heart_guitar,78
string_in_mouth,125
single_strap,2553
holding_food,118809
witch_(madoka_magica),1265
highleg_dress,432
animal_hug,2750
two-tone_skin,14994
dance_pad,64
blue_gloves,30656
chalk_outline,100
pink_lips,36588
hands_under_legs,211
implied_bestiality,162
naked_armor,246
forehead-to-forehead,2376
leotard_pull,3534
purple_skirt,43243
poop_on_a_stick,98
hand_to_head,1377
textbook,343
wavy_eyes,1636
bondage_outfit,3130
repairing,307
bunting,413
star-shaped_pupils,24714
flattened,98
bent_spoon,110
hat_ornament,36744
hooded_shirt,735
shared_clothes,3865
stairwell,422
catherine_cover_parody,74
pizza_cutter,88
sheriff_badge,589
self-harm,1446
guitar_stand,68
ornate,403
lace_choker,2580
implied_yuri,2701
puffer_fish,327
crotch_strap,294
glass_door,840
juliet_sleeves,81907
dogeza,1121
grey_shirt,81358
yokohama,137
crosshatching,1093
turkey_(food),660
dirt_road,823
uneven_eyes,7962
umaibou,228
huge_eyebrows,1894
constricted_pupils,15709
ginyu_force_pose,162
silhouette_demon,430
two-handed_sword,418
respirator,2999
claymore_(sword),102
fruit_basket,274
spider_gag,124
forced_kiss,253
push_down,93
opening_eyes,282
sound_wave,409
closing_eyes,111
sheikah,1465
m240,50
bubble_tea,4941
maple_syrup,331
chouchin_obake,128
bow_bikini,4371
mandibles,418
tanning_oil,127
at4,83
sidesaddle,2111
black_shorts,152639
dirty_clothes,4081
indonesia,164
cum_bubble,756
over_the_mouth_gag,629
knot_gag,171
"don't_say_""lazy""",1085
over_the_nose_gag,516
vajra_(object),163
dithered_background,130
embellished_costume,2057
homu,703
green_leggings,114
grey_leggings,264
orange_leggings,75
gradient_thighhighs,335
gradient_pantyhose,174
milkor_mgl,160
tiger_hood,299
sleeper_hold,51
bagged_fish,1401
roman_numeral,3946
reincarnation,189
goldfish_scooping,405
sherlock_holmes_(cosplay),121
polka_dot_legwear,1372
checkered_legwear,766
underbarrel_grenade_launcher,413
nail_file,88
on_desk,8693
ma5,107
happy_halloween,5247
auction,187
telepathic_sex,144
kyubey_(cosplay),166
brown_skirt,40858
wringing,120
fiat,247
white_cat,7082
toeless_legwear,22096
salad_bowl,74
toy_block,342
taiko_sticks,183
mismatched_legwear,17457
striped_pajamas,935
mortar_(weapon),123
orion_(constellation),249
plaid_background,3149
bow_legwear,3489
bodysuit_pull,322
black_moon_clan,142
velcro,53
pipe_bomb,118
mariachi,61
silver_legwear,76
horns_pose,624
saiga-12,72
after_insertion,228
white_snake,2933
salmiakki,59
no_legwear,5207
circular_saw,826
red_pants,17964
censored_food,399
tachi-e,45580
mouthwash,58
open_vest,11841
pink_cape,2452
windshield,195
pink_jacket,35549
finger_to_cheek,5564
carabiner,213
black_ears,292
green_bow,49900
applying_makeup,2386
pinching_sleeves,1908
blue_sclera,3027
shield_wall,56
hair_horns,5524
bag_of_chips,1702
dilapidated,368
blue_tail,3101
blowgun,74
on_water,794
single_shoulder_pad,1936
blue_vest,21365
green_gloves,11649
asymmetrical_legwear,44300
squirrel_costume,64
pink_gloves,13082
yellow_sclera,12720
bendy_straw,2274
afterword,825
aqua_dress,6278
aqua_vest,964
reverse_grip,7021
blue_suit,1579
multiple_cats,531
no_gloves,2025
jerry_can,221
green_eyeliner,124
type_10_(tank),80
rhinoceros_beetle,480
assisted_exposure,5656
grey_skirt,63737
orange_peel,360
uchikake,1611
bola_(weapon),299
purple_gloves,22839
zongzi,228
iron_fence,436
croupier,245
boys_anti_tank_rifle,239
monkey_bars,57
necktie_on_head,141
blood_from_mouth,9163
juban,1057
h&k_mp5,513
h&k_mp5k,247
h&k_mp7,483
pointy_boots,1065
food_on_clothes,573
red_sun,720
leather_belt,3156
pantyhose_under_shorts,15493
beam_cannon,1041
zener_card,181
grey_jacket,49438
blue_shorts,54079
lace-up_legwear,101
female_pov,6258
brown_pants,26523
wa_maid,5615
alternate_weapon,1790
legs_apart,40073
big_nose,2690
wrapped_candy,1518
handlebar,529
hifu,62
spread_navel,820
silver_gloves,126
sleeping_on_person,3733
launching,151
licking_blade,230
polka_dot_skirt,1547
brown_shirt,29348
pennant,1842
light_machine_gun,1629
tsukkomi,108
makoto_nanaya_(cosplay),60
yugake,3210
pink_sash,1714
pink_scarf,7470
dragon_costume,429
triptych_(art),54
border_collie,183
papyrus_(font),50
daihatsu_(landing_craft),59
yellow_pants,3554
traffic_baton,733
expandable_baton,176
sitting_on_shoulder,1163
yellow_gloves,11864
tumbleweed,59
aroused,4539
peanut_butter,73
facing_back,643
dirigible,794
you_gonna_get_eaten,227
gunbai,119
hair_beads,7182
orange_gloves,5765
announcement_celebration,888
drawn_on_eyes,62
intertwined_tails,744
blue_border,3211
miyako_yoshika_(cosplay),60
digital_clock,991
toaster_oven,146
nissan_350z,57
ears_down,7385
ebony_&_ivory,197
flogger,74
ass_on_glass,451
peeking_out,7311
zombie_pose,3603
mechanical_foot,134
blue_jacket,121543
dollar_sign,993
chinese_hat,133
kiddie_ride,87
world_war_ii,3716
ice_pick,162
sky_lantern,945
paper_balloon,135
table_tennis_ball,387
obscured_eyes,105
yellow_robe,416
half-track,94
knee_guards,553
sks,91
pulque,86
brown_jacket,47822
no_tail,2165
prehensile_tongue,367
combat_knife,1149
hollow_eyes,1881
hamster_wheel,102
loose_bikini,549
latex_legwear,1558
broken_shield,64
ice_cream_float,1584
tongue_hold,60
tentacle_grab,596
brown_rose,347
grey_rose,561
red_vest,27590
drawing_board,103
pepsi_nex,78
h&k_p30,365
pale_eye,119
step-siblings,1241
come_at_me_bro,77
sanbou,350
french_toast,99
insult,374
hair_weapon,155
eyepatch_lift,323
pale_color,3355
no_mask,1843
kindergarten_teacher,281
kuromi_(cosplay),171
brand_name_imitation,5958
time_bomb,83
russian_clothes,414
mandarin_collar,12870
cradling,108
;(,811
budgerigar_(bird),111
recurring_image,877
menma,97
in_refrigerator,100
dorsal_fin,1534
skirt_in_mouth,160
hetero,636112
eientei,132
lace-up_gloves,72
naked_suspenders,482
store_clerk,573
dental_gag,150
oversized_limbs,1236
protest,70
sun_wukong_(cosplay),148
scorecard,111
defibrillator,80
food_art,1401
orangette,93
scratched,50
renault,137
triceratops,207
anime_coloring,40674
official_style,12538
accidental_pervert,679
warts,56
muscular_female,29794
eating_hair,359
baseball_stadium,706
shortcake,173
canele,81
spring_(object),327
spring_(season),3288
cover_image,3541
hopping,251
chicken_(food),3283
swiss_roll,1549
personality_core,88
stifled_laugh,419
tiro_finale,97
bonk,234
spiked_helmet,767
pickelhaube,657
light_censor,2059
bubble_skirt,7894
creator_connection,3650
company_connection,9163
bikini_top_pull,900
glowing_weapon,6040
fender_telecaster,718
cape_tug,79
magazine_rack,56
yada_yada,64
flak_jacket,1102
brachiosaurus,57
stegosaurus,76
jackets,59
in_bowl,601
lightstick,110
lying_on_lap,1462
ceiling_fan,422
green_sclera,1852
boss_coffee,98
adjusting_collar,205
leopard_2,76
type_97_chi-ha,153
lasgun,117
dark_eldar,77
waraji,706
argyle_skirt,235
sky_print,943
adjusting_shoe,407
strap_gap,15218
haystack,59
crt,2479
wing_hug,222
leggings_under_shorts,878
teaspoon,359
imminent_fellatio,2674
sett,398
red_suit,1517
venus_(planet),177
aimpoint,100
awake,84
mouse_hat,99
bust_measuring,429
impossible_jacket,225
hina_ningyou,402
glitch,5860
grandmother_and_grandson,407
panel_gag,316
kingfisher,79
lounging,262
nissan_gt-r,124
vertical-striped_bra,622
pyramid_(geometry),538
rabbit_mask,451
whirlwind,73
stuffed_octopus,505
prehistoric_animal,282
bangs_pinned_back,5762
broken_bone,90
bikini_ribbon,98
print_boots,629
terminator_armor,99
triangular_headpiece,17197
aiguillette,9074
crystal_hair,1917
zweihander,374
mismatched_gloves,9996
pirate_ship,419
season_connection,1009
orange_slice,3132
grandfather_and_grandson,560
cropped_legs,57474
severed_finger,179
spoken_musical_note,10460
human_toilet,429
twi'lek,306
bird_ears,7825
chocolate_syrup,837
aragami,63
head_only,2935
enoshima,71
armored_gloves,3358
shared_drink,267
after_footjob,367
flying_car,192
covering_one_eye,1725
rugby_ball,121
rugby_uniform,267
naval_mine,51
acog,199
heavy_machine_gun,634
tank_(container),295
sword_of_kusanagi,168
pushing_away,1048
white_spider_lily,232
mechanical_broom,81
bruce_lee's_jumpsuit,635
shiny_gloves,54
k.o.,116
holding_ears,315
open_window,2797
standing_missionary,578
bandaged_fingers,1237
claw_ring,3041
turning_head,8902
skirt_set,53238
strawberry_bra,169
tiered_tray,2459
playstation_vita,421
wii_u,131
vocaloid_boxart_pose,409
jacket_grab,283
meandros,2911
jack_daniel's,371
one-armed_hug,88
fingers_to_mouth,648
peugeot,65
computer_tower,648
akabeko,141
massage_chair,130
ruffling_hair,1617
overhead_swing,63
model_train,50
striped_necktie,12929
dou,635
duffel_coat,2012
saddle_shoes,56
conservatory,154
used_tissue,2740
dress_in_mouth,230
chicken_nuggets,381
desk_lamp,3060
bowling_pin,173
human_tug_of_war,105
food_on_head,4759
leopard_tail,1645
liftoff,58
egg_carton,114
ragequit,132
kaine_(nier)_(cosplay),150
radio_antenna,9039
hakugyokurou,254
canned_tuna,94
finger_to_eye,641
bikini_shorts,1117
bound_leg,172
frilled_cloak,95
pumpkin_hat,1025
magpie,110
pearl_thong,993
butterfly_sitting,1303
no_parking_sign,211
broken_chopsticks,98
cutie_mark,576
compass_rose,169
sheathing,113
sashimono,123
pool_ladder,3385
tree_shade,3501
tropical_fish,2058
circle_k_sunkus,50
telepathy,117
mushroom_on_head,546
halftone_background,6839
head_on_ass,461
pillarboxed,7106
pussy_on_glass,75
sorceress_(dragon's_crown)_(cosplay),55
color-coded,191
fender_stratocaster,1277
kerosene_lamp,261
white_apron,91151
pointing_at_self,8282
flower_hat,101
toy_soldier,64
gauna,123
time_travel,96
outstretched_legs,700
matchlock,135
solar_system,188
key_frame,256
long_ribbon,1498
handle,373
canned_coffee,1057
arc_reactor,263
georgia_max_coffee,72
shedding,221
blonde_pubic_hair,2386
no_jacket,3178
hunting_horn,55
owl_ears,1498
time_tunnel_(madoka_magica),70
flower_head,51
oversized_forearms,833
hooded_dress,1600
octagon,71
grey_background,315256
pantyhose_under_buruma,114
extra_hands,434
bird_costume,235
buttoning,216
book_stand,96
glowing_pupils,276
tail_flower,425
blunderbuss,116
blue_tongue,3375
holding_feet,175
fake_wings,3805
naked_hoodie,2024
bandage_on_nose,114
alternate_headwear,3074
mirakurun_(cosplay),50
nagashi_soumen,123
wing_ribbon,84
mercury_(planet),91
purple_shoes,10231
hooded_sweater,2533
arm_held_back,4583
horrified,650
glove_pull,684
magical_musket,2298
american_flag_bikini,4156
head_on_knee,127
kriss_vector,779
bandaid_on_nose,10996
porthole,90
h&k_g36c,136
rectangle,457
western_dragon,2323
eastern_dragon,5735
swimsuit_around_one_leg,57
no_horns,368
stun_gun,305
pursed_lips,1636
dark-skinned_female,207570
matrix_of_leadership,106
stable,172
submission_hold,540
single_bridal_gauntlet,1445
fan_speaking,236
hands_on_headphones,707
type_3_chi-nu,66
flag_print,10372
cargo_shorts,503
corrugated_galvanized_iron_sheet,297
plaid_hat,3277
fake_pregnancy,74
bat_print,5833
pectorals,108575
bad_arm,639
heart_choker,7982
toy_robot,176
flamberge,105
imageboard_colors,315
fundoshi_aside,426
apron_pull,207
lottery,84
berserker_rage,70
text_background,6198
resisting,102
shrugging,1143
frog_hat,331
nontraditional_miko,32515
hugging_tail,1368
torn_leggings,481
o-ring_swimsuit,1100
book_on_head,462
nt-d,342
photo_inset,3421
broken_chain,2202
solid_eyes,2790
pointing_forward,1458
wet_buruma,63
light_particles,67597
adjusting_strap,141
broken_moon,250
goosebumps,56
star_pasties,1598
pencil_sharpener,103
robot_fish,111
body_switch,1158
table_knife,199
soviet_flag,271
twitching,6127
spacecraft_interior,840
spoken_expression,1393
rose_bush,624
massager,70
index_finger_raised,59965
buttercup_(flower),56
snapping_fingers,622
space_station,437
impossible_leotard,3162
peru,62
crayfish,131
raijuu,85
powered_wheelchair,352
cherry_print,832
pulling_back,55
prairie_dog,106
hand_mouth,208
casket,93
greek_toe,1245
animal_in_mouth,78
hot_chocolate,594
angelfish,650
frilled_pillow,5611
benishouga,98
lizard_tail,2830
disheveled,258
white_ensign,109
maple_tree,358
water_boiler,91
fish_bottle,121
1994,53
fish_hook,607
lined_paper,218
rattle_drum,105
mechanical_legs,5635
pants_rolled_up,2370
torn_ribbon,448
striped_underwear,105
school_bus,53
slingshot_swimsuit,12841
holding_legs,1593
saury,784
adapted_uniform,1083
2013,1715
khajiit,51
heart_tattoo,5560
thighlet,18220
see-through_silhouette,6497
hand_milking,762
novel_cover,2510
multicolored_stripes,769
large_syringe,877
arm_belt,9544
multicolored_bikini,8858
candy_stick,55
print_gloves,10418
ritual_baton,2558
dodo_(bird),104
in_food,2465
range_finder,186
forget-me-not_(flower),601
towel_pull,75
calico_cat,1678
yellow_moon,474
black_blood,516
skull_hair_ornament,9243
spoon_straw,210
stone_mask_(jojo),415
large_ribbon,429
fig_sign,223
heart_necklace,7931
beast_spear,69
waist_hold,102
taut_clothes,18086
ganbaru_pose,190
mechanical_tail,5347
white_cape,21462
jian_(weapon),615
penguin_hat,314
implied_rape,300
red_eyeshadow,17859
shirt_aside,188
muted_color,7508
apron_aside,92
bag_over_head,777
chicken_leg,813
effects_pedal,319
pump_action,1516
vanan'ice,54
jetty,69
fishnet_leggings,50
battle_standard,376
pokemon_card,1649
lace-up_top,332
clothes_in_mouth,5158
spoken_anger_vein,5882
pov_crotch,19338
alternate_hair_length,24074
detached_legs,192
cable_car,111
arcade_cabinet,1036
aqua_bra,1314
vietnamese_clothes,317
snow_white_(disney)_(cosplay),185
tiptoe_kiss,219
clasp,127
harley_davidson,75
ball_pit,110
toyosatomimi_no_miko_(cosplay),65
senkou_hanabi,748
boulder_badge,58
cascade_badge,73
badge_(pokemon),206
tomoe_(symbol),6733
potion_(pokemon),149
looking_at_another,333984
pantyhose_under_swimsuit,960
transforming_clothes,278
aerial_fireworks,10743
brush_stroke,364
bishop_(chess),1406
expressive_hair,2484
queen_(chess),1416
h&k_g36,332
hamster_costume,209
shooting_gallery,149
tomato_juice,112
white_lily,2675
element_bending,385
above_clouds,1541
handsfree_ejaculation,3409
proud,83
teacher_and_student,2221
stacked_hats,66
asymmetrical_breasts,319
faulds,8960
creeparka,296
inarizushi,189
hand_on_mirror,267
ramp,86
headboard,383
wiping_sweat,2336
warming,75
loose_necktie,7894
poke_flute,77
shotgun_shell,1200
subaru_(brand),345
chevrolet,308
web_address,57056
tentacle_pit,2681
white_leotard,35318
partially_submerged,38968
full-face_blush,26660
hungarian_flag,62
tidal_wave,75
nibbling,222
lancia_(brand),75
lotus_(brand),94
moomoo_milk,287
dragon_boy,7360
shorts_under_dress,2508
no_hands,251
reverse_upright_straddle,4945
travel,55
too_many_umbrellas,80
single_letter,252
hylian_shield,638
pyrokinesis,3689
purple_fire,2757
white_fire,138
black_fire,339
pokeblock,50
eyes_visible_through_hair,86281
power_level,85
narration,1609
pink_fire,847
blood_on_mouth,496
power_symbol,3233
micro_shorts,14807
grabbing_from_behind,25830
arquebus,118
fish_and_chips,60
submarine_sandwich,183
purple_background,51689
dress_flip,243
tail_piercing,2351
oxfords,577
penis_on_tongue,54
aiming_at_viewer,5433
dead_plants,124
shirt_under_shirt,1941
jupiter_(planet),297
holding_sign,4840
new_california_republic,51
fiery_hair,3679
polka_dot_pillow,414
striped_pillow,402
dark_background,13637
butterfly_print,3868
flock,2246
long_eyelashes,10475
minecart,172
outstretched_foot,113
chestnut_mouth,17118
rice_planting,131
mailbag,136
dashing,195
^q^,256
art_shift,543
sea_lion,149
spartan_(halo),437
assault_visor,6506
belly_dancing,345
smartphone,98013
joseph_joestar_(young)_(cosplay),75
tiger_pelt,95
not_afraid_anymore,74
i'm_such_a_fool,100
make_a_contract,207
bone_in_mouth,58
sex_from_behind,77879
finger_to_head,318
fishnet_leotard,326
prince_albert,89
firefight,64
flower_ring,233
fake_tail,42040
sleeveless_coat,2643
dojikko_pose,298
wall_clock,1844
heart-shaped_eyes,1344
pomf,59
orange_background,35297
seigaiha,3221
patterned_background,4299
braided_beard,420
futatsuiwa_mamizou_(cosplay),50
curled_fingers,3658
egasumi,5999
ultimate_madoka_(cosplay),123
powering_up,1367
double_arm_hug,187
no_hood,93
standing_on_person,495
single_tear,1375
pointless_condom,2652
tomato_costume,121
tissue_in_nose,51
polka_dot_shirt,1599
green_apple,393
company_name,20554
asa_no_ha_(pattern),1974
sayagata,1070
kikumon,1423
valkyrie_skirt,52
mess_kit,83
mask_on_head,23031
striped_shorts,3259
sabotaged_condom,210
yatteyan'yo,76
slit_throat,201
red_cape,33247
guqin,186
charro,119
cocktail_glass,4032
churro,345
hidden_camera,391
double_halo,720
devil_trigger,150
solid_circle_eyes,9703
mutton_chops,1005
brown_background,51935
adjusting_bow,193
flying_teardrops,1051
black_necktie,81039
white_necktie,10941
princess_zelda_(cosplay),166
moscow,54
;/,191
stuffed_dog,1134
carrot_on_stick,92
flying_sweatdrops,103077
look-alike,3452
too_many_rabbits,217
signal_flag,222
hanging_plant,1719
dog_hat,134
assisted_masturbation,146
reebok,91
film_border,60
announcement,132
gibson_flying_v,243
dragon_print,6825
ankleband,772
sideways_mouth,8291
paw_pose,30999
rabbit_hat,1385
heart_of_string,15981
bottle_to_cheek,403
clothing_aside,52640
triple_amputee,279
combined_attack,54
broken_wall,602
hole_in_wall,414
republic_of_china_flag,178
shichirin,331
griddle,175
stuffed_dolphin,413
spread_fingers,4217
window_shadow,3435
baseball_(object),1418
flying_whale,468
belt_boots,1850
hyadain_no_joujou_yuujou,86
crest_worm,225
hyadain_no_kakakata_kataomoi_-_c,93
boy_on_top,8739
lowleg_skirt,1070
flying_nimbus,500
spyglass,200
sitting_on_animal,723
single_breast,60
penis_in_pantyhose,96
grimoire_of_alice,997
multiple_swords,2600
tiger_cub,529
fruit_on_head,910
shotel,70
red_pupils,15763
large_feet,144
hydrokinesis,2238
aerokinesis,272
geokinesis,374
power_connection,972
wide_ponytail,4458
command_spell,6295
to_be_continued,800
floating_head,590
bougainvillea_(flower),180
full-package_futanari,2116
frog_mask,68
dating,1026
people's_republic_of_china_flag,281
urushihara_satoshi_(style),81
ash_ketchum_(cosplay),181
foreskin_pull,520
crystal_carillon,87
hair_wagging,218
slurping,246
clothed_female_nude_female,3922
clothed_male_nude_male,1202
refrigerator_magnet,138
toy_sword,205
party_horn,276
yandere_trance,786
boxing_headgear,80
invisible_chair,19339
shikoro,139
wet_swimsuit,4821
company_logo,594
japanese_macaque,99
behind_cover,61
wet_leotard,70
inugami-ke_no_ichizoku_pose,185
cossack_dance,63
spread_anus_under_clothes,241
train_conductor,971
kourindou_tengu_costume,1612
sleeve_rolled_up,715
dress_pants,2362
praise_the_sun,106
danish_flag,91
numbered_panels,607
under_bed,123
hash_browns,52
beluga_whale,109
aoki_ume_(style),255
frilled_underwear,133
animal_on_hand,1046
bird_on_leg,129
heart_ornament,511
d;,520
squid_girl,278
stuffed_panda,1075
chao_(sonic),619
unkempt,745
holding_card,12427
card_in_mouth,340
floating_card,1387
card_between_breasts,375
card_with_aura,87
handlebar_mustache,125
card_in_hat,68
shorts_tug,55
naked_pumpkin,55
clothed_male_nude_female,9716
clothed_female_nude_male,46148
table_tennis_paddle,781
no_lineart,4093
playing_card_theme,530
banana_costume,76
gathers,1337
white_sky,1558
creature_on_head,1179
card_background,73
mons_pubis,557
fist_in_hand,535
vertical-striped_background,1036
alphes_(style),15813
legs_together,32919
taut_skirt,287
too_many_pikachu,81
sugimori_ken_(style),485
too_many,6393
apple_peel,151
araki_hirohiko_(style),1332
hara_tetsuo_(style),193
brown_bikini,2425
v-fin,7229
saliva_swap,279
no_fingers,125
book_stack,10524
argyle_bikini,76
cinders,54
two_side_up,204712
cat_on_shoulder,1307
irisviel_von_einzbern_(cosplay),71
hoverboard,226
domino_mask,6052
muscle_car,334
flaming_skull,511
gari_gari-kun,56
bird_hat,305
sapling,243
plant_on_head,299
visor_(armor),2239
salaryman,1985
hanging_on,163
red_eyeliner,13599
strapless_shirt,5385
fallen_tree,184
circle_skirt,2843
one_side_up,123042
pencil_behind_ear,216
veil_over_eyes,153
crossed_out,323
back_tattoo,4693
small_pupils,466
bandana_over_mouth,540
toy_hammer,533
cradling_head,137
yellow_jacket,29198
torn_leotard,2640
tree_costume,76
multiple_tongues,86
arawi_keiichi_(style),171
pile_of_skulls,323
long_fingers,723
umezu_kazuo_(style),52
hammerhead_shark,178
bryan_lee_o'malley_(style),56
fujiko_f_fujio_(style),462
adjusting_skirt,130
ahoge_wag,1025
nomura_tetsuya_(style),88
flaming_hand,847
disembowelment,113
test_tube_rack,337
gold_teeth,363
russian_empire,210
blood_on_neck,964
bodysuit_aside,55
throat_bulge,619
spoken_skull,421
adjusting_sock,133
stag_beetle,258
genjiguruma,146
goshoguruma,202
knee_up,48306
glowing_mouth,771
sarcophagus,121
impressed,108
shippou_(pattern),994
fruit_hat,54
ankle_bow,1289
male_lactation,350
chijo,112
robot_dog,429
lifting_covers,459
speech_stab,273
swedish_flag,307
death_(tarot),127
spider_lily_print,413
cross_earrings,10598
pumpkin_pie,68
field_ration,167
frozen_lake,193
naked_jacket,4220
fox_girl,100858
bear_hat,376
stuffed_reindeer,135
stuffed_pig,248
iron_bars,505
caliper,63
deck_of_cards,228
hair_salon,64
pants_under_skirt,1658
police_badge,1615
hair_net,121
fake_facial_hair,2954
dirty_talk,271
mutual_orgasm,734
bath_of_blood,205
breast_biting,194
hand_on_own_cheek,29630
hand_on_another's_cheek,10031
hand_on_own_face,57680
hands_on_own_face,20728
hand_on_another's_face,24290
hands_on_another's_face,6797
hand_on_own_chest,72938
hands_on_own_chest,17614
hand_on_another's_chest,6821
hands_on_another's_chest,1240
saigyouji_yuyuko's_fan_design,499
yakimochi,136
blue_card,61
shuffling_cards,66
arm_between_breasts,2257
sanzu_river,97
too_many_flowers,369
card_pendant,88
hanging_scroll,822
shirt_in_mouth,2211
heart_bra,125
too_many_hearts,82
too_many_bats,57
too_many_knives,126
hands_on_own_cheeks,11104
hands_on_another's_cheeks,3010
heart-shaped_hole,70
bandages_over_eyes,519
storm_cloud,167
star_(symbol),287497
f6f_hellcat,148
segment_display,189
person_on_shoulder,172
shared_straw,57
animal_penis,6019
assassin_(fate/zero)_(cosplay),53
renaissance_clothes,122
cat_mask,1196
fur_boots,1227
lion_mane,696
holding_on,103
doll_on_head,234
sea_slug,312
flower_box,52
spoken_animal,539
bouncing_hair,233
panties_under_buruma,1382
candlestand,4848
rainbow_order,2636
spoken_clothes,63
back_cutout,8017
mercury_symbol,234
flower_tact,108
pussy_cutout,702
fish_hair_ornament,4092
spoken_object,2625
male-female_symbol,577
spoken_food,1476
saturn_symbol,155
pluto_symbol,89
neptune_symbol,149
uranus_symbol,128
jupiter_symbol,260
arm_cutout,2007
different_shadow,1043
rabbit_background,313
crotch_cutout,1900
spitting_blood,234
yellow_suit,210
double_fingering,52
bass_drum,69
petunia_(flower),55
sitting_on_hand,217
sitting_on_arm,255
standing_on_shoulder,114
artist_name,473838
chastity_bra,63
pikachu_ears,270
o-ring,59513
cream_on_face,1291
stuffed_penguin,1194
lamborghini_aventador,64
cryokinesis,827
dinosaur_costume,693
saber_lily_(cosplay),106
primarch,762
snake_costume,117
swan_boat,71
white_cardigan,5356
hair_between_eyes,1404776
love_guitar_rod,102
miracle_belltier,58
lunging,80
hand_on_own_elbow,1863
knees_together_feet_apart,35930
okinawa,76
playing_sports,1491
bound_together,1524
necktie_between_breasts,13156
poke_ball_theme,1273
orange_sclera,828
shachihoko,162
suiten_nikkou_amaterasu_yanoshisu_ishi,144
middle_w,560
holding_book,56415
wooden_chair,2148
open_belt,2567
breasts_apart,51926
muneate,13300
baby_carrier,183
azoth_knife,73
prelati's_spellbook,172
removing_glove,358
mixed_harem,104
wireless,298
custard,86
licking_armpit,1514
mechanical_ears,2725
black_tank_top,19880
g-clef_(suite_precure),56
naked_paint,548
book_focus,377
black_vs_white,1032
bowling_alley,117
hair_in_another's_mouth,126
dress_of_heaven,325
lace-trimmed_socks,286
under_umbrella,435
eldritch_abomination,1634
angled_foregrip,108
spoken_squiggle,6459
covering_own_mouth,27026
sledding,81
inward_v,639
poker_chip,3135
scarf_over_mouth,1903
butterfly_on_head,499
color_connection,3044
omega_symbol,252
dodecagram,100
etwahl,53
cracked_glass,1236
kantoku_(style),169
zooming_in,286
withered,176
ski_goggles,1069
pikachu_tail,213
mourning,201
feather_skirt,60
mg3,64
energy_arrow,274
norwegian_flag,76
rainbow_background,901
leaning_on_person,8456
ice_cream_sandwich,93
no_ribbon,64
shared_sweater,57
forked_tail,1287
arctic_fox,53
heart_cutout,11909
rabbit_girl,40328
photo_shoot,160
butt_bump,53
aqua_shirt,7455
knees_apart_feet_together,3468
fur_cape,2184
apple_tree,218
dot_nose,66477
opening_door,2890
baking_sheet,501
cowboy_shot,676927
studio_ghibli_(style),83
diamond_(shape),15941
namekian,311
aqua_skirt,6352
business_card,229
shared_jacket,93
yellow_nails,11692
planted_sword,7117
wilted_flower,284
fukutaichou_badge,143
aqua_nails,16513
holding_poke_ball,19996
taichou_haori,758
too_many_weapons,104
waist_poke_ball,304
grey_belt,3817
throwing_poke_ball,200
open_poke_ball,151
butterfly_ornament,1297
deer_costume,72
highleg_buruma,158
lost_child,101
open_bag,535
spoken_flower,135
horn_bell,77
pink_belt,4622
glowing_sword,3547
ankle_strap,2794
spread_cleavage,240
face_hold,55
fingering_through_panties,1106
lotion_bottle,2505
defenestration,55
slam,158
blank_page,276
fiery_tail,925
floating_book,1305
mini_wings,7483
object_namesake,4618
akihabara_(tokyo),228
frog_hair_ornament,19712
crumbling,137
konohagakure_symbol,2378
akatsuki_uniform,995
uchiha_symbol,185
amegakure_symbol,51
iwagakure_symbol,93
sunagakure_symbol,134
kirigakure_symbol,96
kurumada_masami_(style),66
beetle_horn,69
ice_dragon,83
palms_together,2932
caterpillar_tracks,3309
spanish_flag,151
straw_hats_jolly_roger,230
cutlery,200
walther_wa_2000,471
tankard,604
character_pillow,309
penetration_gesture,651
tooth_gap,383
brown_ribbon,4974
adjusting_bowtie,202
dragon_dance,57
thumbs_in_pockets,62
animal_hood,28577
fake_antlers,3233
honeycomb_background,1088
listening_to_music,1089
naked_necktie,557
jamadhar,352
plant_monster,342
name_connection,11849
tokkuri,3620
dragon_hat,83
bra_in_mouth,59
red_thong,62
sun_symbol,4417
implied_masturbation,1158
exit_sign,527
crossed_ankles,6435
qinglong_yanyue_dao,61
lee-enfield,365
holding_another's_foot,1037
holding_own_foot,960
rebar,234
takahashi_rumiko_(style),118
rare_candy,102
brown_bag,9885
shoe_soles,15479
wooden_wall,3175
banging,97
holding_spoon,13827
aestus_estus,1483
sweater_pull,879
anal_fluid,1474
door_handle,649
naked_belt,343
naked_vest,97
female_pubic_hair,100504
spiral_background,244
armored_dress,16418
blood_angels,150
dark_angels,75
naked_kimono,2203
hand_on_own_neck,2616
hand_on_another's_neck,4499
holding_fishing_rod,2711
standing_on_object,499
between_labia,518
bent_back,537
pretzel_pose,156
neck_garter,856
orange_ribbon,6885
waist_ribbon,1328
grey_ribbon,2790
aqua_ribbon,4888
taking_cover,176
lotus_root,182
portable_barricade,98
bachi,387
headwear_switch,466
no_headwear,41923
dot_pupils,285
ruyi_jingu_bang,715
tail_censor,2494
golden_week,1125
stuffed_dragon,276
parted_lips,592973
plaid_necktie,4495
umakoshi_yoshihiko_(style),99
lace-trimmed_dress,4766
horn_ring,1728
condom_left_inside,684
kariginu,9744
koa_(phrase),216
taut_dress,2980
open_can,93
rafters,90
scrambled_egg,60
aspear_berry,110
pecha_berry,543
leppa_berry,258
oran_berry,754
sitrus_berry,505
yuzu_bath,245
ink_splatter,52
karuta_(card_game),164
open_magazine,183
green_wings,2380
tiger_hat,82
aqua_gloves,2047
implied_cunnilingus,861
dragon_horns,54333
sweater_tug,484
jaguar_(car),66
god_knows...,87
on_finger,59
english_flag,108
finch,273
holding_own_tail,2294
holding_another's_tail,841
arowana,65
single_greave,111
sandwiched,10642
sleep_talking,189
ribbed_sweater,41143
thick_eyelashes,5287
coin_slot,54
cure_peace_(cosplay),66
multicolored_ribbon,927
impossible_vest,169
microdress,5481
dx,576
removing_legwear,324
white_umbrella,2844
hand_to_own_mouth,18995
checkered_wall,270
facing_viewer,77386
no_headgear,366
onsen_symbol,211
petal_in_mouth,130
glowing_hands,302
at-at,52
green_shoes,7676
saiyan_armor,1710
pumpkin_shorts,64
paw_ornament,108
torn_paper,311
candy_wrapper,1808
holding_gift,14493
animal_collar,14262
carrying_under_arm,2505
hand_on_own_ass,9016
hugging_doll,4629
spot_the_differences,94
luchador_mask,330
side_part,2737
pile_of_books,493
sitting_on_books,124
bug_spray,143
cross-laced_legwear,1282
cross-laced_shoes,2058
dandelion_seed,522
breast_awe,609
age_switch,289
fruit_background,341
sitting_on_torii,248
multiple_torii,1231
choice_scarf,58
holding_fruit,16206
strawberry_background,160
aqua_bikini,4226
shoveling,61
chocolate_on_foot,191
finger_wagging,200
familiar_(madoka_magica),332
black_sheep,68
hair_spread_out,35672
posture_collar,54
monkey_d._luffy_(cosplay),113
spiral_notebook,54
flower_basket,766
animal_hair_ornament,907
heart_bikini,167
suspenders_pull,606
stuffed_mouse,263
euphemism,266
striped_bandeau,275
mitsudomoe_(shape),5711
grey_bikini,2653
plaid_socks,643
plaid_sweater,111
sprout_on_head,251
w_arms,6290
widow's_peak,1035
artificial_flower,279
punishment_game,72
iced_tea,251
sitting_sideways,988
dog_hood,468
tearing_paper,134
giving_birth,492
labia_clamps,56
hand_on_own_head,19215
kataginu,710
holding_fork,13913
light_trail,4669
pushing_down,241
nipple_cutout,1144
blackberry_(fruit),230
patterned_legwear,704
scratching_cheek,1044
spasm,446
hikimayu,3445
scale_armor,1061
holding_umbrella,40953
burn_scar,5583
plate_armor,2974
hand_on_another's_chin,9057
waist_hug,608
oversized_animal,3890
helmet_over_eyes,1195
biting_hair,219
real_life_insert,3490
visor_cap,29770
dalmatian_print,51
milk_churn,236
hagane_vocaloid,115
large_ears,1958
single_pauldron,7645
kobold,57
neglect_play,337
elbow_rest,9021
coffee_beans,560
fake_blood,249
wiping_nose,165
bandaid_on_face,31197
medium_breasts,1012533
head_removed,50
cure_happy_(cosplay),54
water_tower,220
pecking,98
metal_bikini,364
mouth_beam,188
imagine_breaker,64
in_bottle,491
in_bag,566
hand_on_another's_mouth,405
tenugui,478
lace-trimmed_sleeves,3788
shell_to_ear,60
undersuit,914
holding_pen,10980
arm_bow,230
bird_on_lap,69
left-hand_drive,282
checkered_vest,286
powder_puff,132
pom_pom_(clothes),56909
holding_knife,31340
tied_sweater,254
removing_helmet,111
banister,123
white_border,114748
meteor_shower,1148
barding,614
tied_jacket,1981
ghost_costume,2296
blowing_nose,114
multiple_monochrome,1689
detached_arm,497
torn_vest,380
animal_on_lap,2142
shallow_water,2652
torn_umbrella,168
cunnilingus_through_clothes,534
triangle_mouth,18670
broken_weapon,1697
dent,66
lexus,86
tied_nipples,131
groin_attack,73
broken_umbrella,175
hand_between_thighs,186
streaming_tears,10214
aqua_thighhighs,1242
pointing_sword,416
clothes_down,3713
climbing_tree,166
bat_hair_ornament,4634
pullups,106
contrapposto,33184
stalk_in_mouth,1767
hole_in_chest,1155
holding_bag,29505
metal_wire,88
weeds,497
futa_with_female,18489
futa_with_futa,2731
futa_with_male,3813
amazons_quartet,100
stuffed_duck,231
search_bar,120
droopy_ears,637
lariat,61
wrist_wrap,2062
accidental_kiss,138
no_penis,153
tying_necktie,175
tractor_beam,137
japanese_postal_mark,282
rope_train,103
holding_weapon,324118
hand_on_another's_head,41346
pop-up_book,133
eyes_out_of_frame,10864
under_bridge,158
boiling,189
ironing_board,51
headphones_removed,735
holding_stomach,209
long_finger,114
holding_pencil,4266
cross-laced_clothes,25586
chocolate_clothes,129
clothes_writing,49781
clothes_between_breasts,1601
tactical_clothes,3319
operating_table,89
webbing,74
happy_valentine,4963
toy_car,443
crew_cut,272
coiled,240
bat_girl,2716
hand_on_another's_shoulder,33055
chocolate_on_body,2854
adjusting_headset,92
adjusting_headphones,247
pocketbook,60
body_bag,91
panties_around_one_ankle,629
licking_ear,1269
tearing_up,55143
inside_creature,305
money_gesture,456
rebreather,250
amabie,76
stuffed_shark,2766
combo_counter,89
hair_ears,3349
clover_(flower),506
purple_eyeshadow,4044
stuffed_frog,748
south_korean_flag,393
sloth_(animal),102
brown_fur,12089
stuffed_raccoon,81
test_card,105
jacket_lift,1218
vans,84
striped_footwear,334
paisley,83
flab,52
soul_patch,182
cardigan_vest,759
taskbar,126
pink_kimono,18305
void_(guilty_crown),179
bkub_(style),707
lace_border,699
scaffolding,396
shimekazari,109
person_on_back,57
lighting_cigarette,675
condensation,1103
matching_outfits,4841
fgm-148_javelin,63
offering_hand,1735
dog_slippers,57
cat_tower,184
uneven_bangs,343
ferret_tail,256
child_abuse,73
v-22_osprey,62
towel_rack,275
heart_attack,173
slice_of_life,10338
coffee_grinder,234
flaming_eye,3764
australian_flag,160
blue_bird,1116
leaf_wings,212
broken_egg,225
matt_groening_(style),51
buruma_under_skirt,224
pov_legs,366
green_choker,4135
kouhaku_nawa,1960
large_tail,4282
hand_rest,2274
palm_leaf,3447
goat_horns,12950
covering_body,116
snow_on_head,727
cornflower,159
crocus_(flower),86
gladiolus,196
primrose_(flower),115
hood_up,61463
putting_on_gloves,550
neck_warmer,456
falling_leaves,9761
glasses_case,57
ass_smack,559
confident,236
denial,141
gift_bag,1708
naked_dress,368
potato_wedges,122
starry_sky_print,4088
zouni_soup,569
receding_hairline,307
breathing_ice,54
manhole_cover,536
pop_art,60
dress_bow,10914
large_testicles,2912
green_blood,328
king_saw,175
feathered_wings,80200
clutching_chest,484
red_bloomers,70
cinderella_girls_card_parody,426
elbow_on_knee,1200
juice_carton,81
sitting_on_leg,70
futaba_anzu_(cosplay),61
shibuya_rin_(cosplay),71
tetrahedron,74
batman_symbol,425
holding_toy,1556
adjusting_shirt,95
underworld,100
book_on_lap,835
dial,195
open_cardigan,21414
flamel_symbol,146
moon_reflection,114
plastic_bottle,1532
copyright_name,146084
puffy_dress,297
licking_own_finger,760
frilled_ribbon,4428
arms_on_head,192
frilled_gloves,8292
turning_page,268
sadamoto_yoshiyuki_(style),67
hood_over_eyes,108
wolfsbane_(flower),60
rolling_suitcase,2189
sky_surfing,154
cinder_block,117
in_palm,1558
dragon_horn,133
no_hair_bow,431
tourniquet,74
;>,384
nervous_smile,8850
kissing_neck,1474
bident,693
frilled_hat,9247
on_roof,1439
zun_(style),1645
running_track,1384
sharing_food,790
platform_sandals,12282
asymmetrical_footwear,7007
face_squeeze,108
chocolate_fountain,110
pokephilia,5584
striped_hat,474
checkered_pillow,133
taxidermy,129
plaid_coat,508
licking_penis,13664
gibbous_moon,256
golden_retriever,326
removing_bra,504
webpage,73
people's_liberation_army,360
very_long_tail,570
anchor_symbol,19020
isopod,332
school_chair,9047
underboob_cutout,6850
finger_to_another's_mouth,1343
sitting_on_water,790
tentacle_girl,86
multiple_earrings,7244
brown_wings,2911
samue,140
pensive,184
group_profile,208
bullet_in_mouth,128
testicle_sucking,1460
star_hair_ornament,41810
tank_interior,215
vehicle_interior,998
volkswagen_type_2,149
torn_bike_shorts,925
too_many_birds,414
audio_jack,965
core_medal,61
naked_skirt,828
double_thumbs_up,493
macuahuitl,115
naked_cardigan,322
clam_shell,514
maneki-neko,1489
aunt_and_nephew,511
fetch,68
shared_thought_bubble,450
n7_armor,65
shared_speech_bubble,1651
hand_on_own_chin,22653
spines,875
white_lotus,87
business_casual,346
seeing_stars,159
toy_horse,58
genkan,201
bitten_apple,379
headband_around_neck,156
x-ray_vision,576
goodbye,150
bleached_hair,70
greatsword,4008
inflatable_chair,71
tying_headband,100
catchphrase,1213
solid_oval_eyes,11767
faux_figurine,2030
skull_and_crossed_swords,185
paru_paru,150
stone_pillar,246
picnic_blanket,707
spoken_sparkle,296
closed_curtains,86
special_type_2_launch_ka-mi,58
brown_hat,35175
censored_text,1319
curry_bread,59
eyestalks,111
no_undershirt,84
wet_towel,1314
pocky_in_mouth,2212
graphic_equalizer,71
panicking,1650
no_goggles,55
tight_top,481
lion_cub,117
carrying_person,11401
mind_reading,393
fan_over_face,181
golden_apple,1053
walking_away,703
like_an_ero-doujin,79
broken_screen,214
cracked_screen,562
adam's_apple,3355
foot_focus,29862
color_trace,952
arm_across_waist,1083
striped_suit,477
purple_sclera,796
takeuchi_takashi_(style),851
grilled_eel,317
nipa~,83
picket_fence,275
clear_sky,1862
robe_lift,150
ibaraki_kasen_(cosplay),142
rock_cannon,147
heart_hair_ornament,32321
chireiden,286
karakusa_(pattern),271
light_frown,18640
youkai_mountain,86
dotted_background,1327
^3^,99
playing_piano,1248
makai_(touhou),73
double_\m/,1250
forced_hug,118
detached_leggings,1045
hands_on_another's_shoulders,6992
poking_self,77
lit_fuse,457
title_parody,1608
aoyama_goushou_(style),72
dilated_pupils,675
wall-eyed,684
amano_yoshitaka_(style),123
hair_extensions,2664
ass_mousepad,78
removing_sock,243
bras_d'honneur,258
cum_in_nipple,79
newhalf_with_male,345
flower_earrings,6499
futakuchi-onna,147
super_soaker,947
mosaic_censoring,237876
spoken_exclamation_mark,16234
geoduck,86
swim_goggles,601
hand_on_another's_hip,5383
hand_on_another's_leg,2594
extra_mouth,2219
claw_pose,22367
pilot_chair,129
lipstick_writing,82
carrying_overhead,600
fireman's_carry,134
carried_breast_rest,809
carrying_over_shoulder,3712
hand_over_another's_mouth,930
head_swap,53
golden_gun,105
cat_hair_ornament,7868
grey_suit,1777
bundeswehr,88
wooden_table,3829
sandogasa,458
jingasa,4435
ajirogasa,2219
peeking_through_fingers,584
floral_dress,292
poke_ball_print,3691
lobster_claw,58
glass_shard,74
ambiguous_gender,7881
gradient_sky,8060
c4,75
perpendicular_paizuri,1961
arm_around_back,1467
spoken_question_mark,24334
credits_page,926
warp_star,348
looking_at_mirror,4231
kibasen,77
sports_festival,642
puffy_long_sleeves,76700
puffy_detached_sleeves,5437
puffy_short_sleeves,209494
gold_trim,56421
connect_(madoka_magica),61
grabbing_another's_ass,25311
grabbing_own_ass,7925
stroking_beard,107
forced_perspective,241
sam_browne_belt,1225
short_tail,2270
hands_on_another's_hips,1712
funeral_veil,51
tourmaline,88
news,305
creeper_(cosplay),64
recorder_case,138
frilled_bow,20125
blazblue_insignia,83
hand_on_another's_back,7885
landship,89
rocket_boots,132
vitarka_mudra,312
laser_cannon,91
sheep_boy,392
binder,562
canon_(company),108
palette_knife,209
shiny_legwear,1742
broken_finger,77
tucking_hair,5281
faceoff,523
two-tone_background,53516
gift_card,257
single_tooth,197
round_table,1820
licking_back,80
cat_day,2409
fungi,97
shinsengumi_(gintama),235
cooking_oil,121
back_pain,92
email_address,722
fur_cuffs,996
bodycon,486
folded_wings,91
fogged_glasses,82
duel_avatar,54
pink_sleeves,5558
encasement,287
half_gloves,22952
plaid_thighhighs,133
standing_on_swing,136
undone_necktie,2829
hatching_(texture),9872
toyota_86,124
butterfly_on_nose,286
sunflower_field,2396
spiked_hairband,1735
energy_spear,154
armillary_sphere,456
nuclear_weapon,177
israeli_flag,81
wide_oval_eyes,1110
tokonoma,90
dark_areolae,990
swiss_flag,250
balancing_on_head,242
pussy_juice_stain,5658
round_window,2041
myouren_temple,110
stuffed_crocodile,91
quad_drills,762
wringing_hair,75
ice_crystal,579
ar-57,64
chicken_wing,118
bridge_piercing,294
floor_tiles,59
bird_feeding,71
audi,174
partially_undressed,7390
hands_on_own_head,4696
short_eyebrows,32594
breast_strap,928
candy_jar,137
holding_shirt,1294
panda_print,280
combat_shirt,81
...?,1437
exploding_clothes,966
chopsticks_in_mouth,236
striped_bike_shorts,170
colored_smoke,652
black_car,382
foot_massage,249
implied_futanari,2939
frankenstein's_monster_(cosplay),530
spiked_armor,845
tiger_mask_(object),58
computer_chip,303
stuffed_bird,845
hand_on_belt,170
salmon_(fish),145
holding_cross,1346
multi-tied_hair,7940
purring,135
bobby_pin,259
double_barrels,74
toriyama_akira_(style),1053
spiked_choker,3114
kansaiben,583
tokyo_skytree,189
adjusting_legwear,1579
control_stick,79
licking_panties,57
white_sleeves,65564
snake_hair_ornament,15858
chonmage,245
half-closed_eyes,112505
gamilas,98
date_pun,331
number_pun,605
overskirt,5087
hanging_from_tree,99
holding_pillow,3494
wet_shorts,270
spring_rider,246
long_face,57
rainbow_text,263
clutter,115
dhyana_mudra,68
king_(chess),1451
vibrator_under_pantyhose,90
fake_halo,991
immersed,135
plaid_jacket,3200
low-tied_long_hair,49926
pop_filter,421
warming_hands,275
swimsuit_skirt,676
licking_hand,495
sake_barrel,68
body_bridge,224
lace-trimmed_apron,539
striped_tank_top,481
tarpaulin,207
hand_on_table,1587
nashi_pear,70
papaya,62
tress_ribbon,24576
energy_axe,60
smelly_armpits,300
aphrodisiac,444
vibrator_on_nipple,1442
anteater_ears,339
anteater_tail,273
crystallization,195
erlenmeyer_flask,1044
flower_collar,121
crab_print,91
monster_energy,2367
purple_sky,4777
spinning_teacup,71
polka_dot_apron,253
wooden_lantern,548
missile_pod,1452
jet_boots,82
chin_guard,74
hip_flask,219
mahjong_table,384
camouflage_legwear,78
celtic_knot,443
confessional,171
yellow_sky,2305
transparent_censoring,915
gaiters,488
on_tree,245
jack_of_hearts,96
collar_tabs,428
peppermint,54
hand_in_own_panties,1208
kashiwa_mochi_(food),225
at_gunpoint,655
shouryuuken,191
foreskin_insertion,431
penis_bow,55
cum_in_cup,745
weapon_connection,311
monado,423
vincent_van_gogh_(style),89
saddlebags,102
belt_bag,638
marble_floor,74
bonesaw,58
gold_dress,390
scarab,143
high_tops,1614
pink_moon,216
penguin_hood,1199
sheep_hat,83
fir_tree,252
lor_starcutter,91
master_crown,210
giant_tree,361
holding_headphones,582
feet_on_chair,801
suspender_shorts,5006
culottes,333
charles_schulz_(style),265
fiery_ears,271
pants_under_dress,847
tezuka_osamu_(style),97
sun_shower,222
surrendering,64
ofuda_on_head,1688
choko_(cup),3022
stone_torii,112
triple_vertical_stripe,117
alternate_legwear,3578
weaponized_instrument,115
green_armor,1425
leaf_fan,142
absurdly_long_hair,25523
firewood,327
east_germany,156
excalibur_(fate/prototype),288
sleeve_grab,1302
on_animal,310
chinchilla_(animal),265
urasawa_naoki_(style),56
thigh_sheath,384
panther_tail,1958
galaxia_(sword),429
iron_man_(cosplay),86
striped_hoodie,1513
floating_rock,1016
cat_ear_hairband,2397
ripple_star,73
cold_war,118
daijoubu_da_mondai_nai,62
tiger_ii,229
elbows_on_knees,536
african_clothes,85
biting_foreskin,70
candlelight,1133
fender_jaguar,68
torogao,10265
sewer_grate,293
fire_escape,67
cum_on_object,191
finger_writing,62
overflowing_bath,51
core,596
animal_on_face,103
planking,141
golden_gate_bridge,55
corset_piercing,405
uniform_vest,148
lass_(pokemon)_(cosplay),53
landsknecht,118
alternate_footwear,481
red_clouds,309
blood_in_hair,3195
hijab,455
frog_girl,979
mismatched_pubic_hair,3138
hakama_pants,3351
clitoral_stimulation,4657
bubble_background,670
planted,10049
plaid_bow,10767
blood_on_body,650
my_melody_(cosplay),141
checking_watch,73
fourth_of_july,164
millennium_rod,79
squishing,359
smelling_penis,854
smelly_penis,75
lace-trimmed_shirt,1600
chained_wrists,1301
tiger_i,635
leaf_in_mouth,144
green_collar,902
white_sash,5370
white_outline,39604
single_slipper,129
bulging_eyes,1123
cummerbund,244
head_mirror,229
lorem_ipsum,91
trans-am,65
rabbit_panties,339
throwing_food,95
antelope,80
bow_bloomers,141
lace-trimmed_swimsuit,68
money_bag,411
excessive_pussy_juice,863
intercom,91
planted_arrow,161
gold_bikini,8520
attic,80
no_toes,124
crab_girl,129
leather_vest,266
camouflage_bikini,592
vdv,55
snail_shell,184
scuba_gear,401
bubble_gun,75
averting_eyes,12269
datsun,64
waving_hands,225
storefront,1462
no_image,103
pushing_face,244
ithaca_m37,78
window_fog,355
cherry_panties,93
nissan_skyline_gt-r,265
holding_sword,136863
multiple_piercings,3105
inflatable_shark,267
browning_m1919,127
showgirl_skirt,11765
knife_in_head,355
thumb_in_pocket,328
honda_nsx,119
kokushi_musou,69
hand_on_own_knee,14568
strawberry_pocky,125
peanut_mouth,834
celestial_being_uniform,432
diamond-shaped_pupils,8267
censer,227
oversized_food,2756
paneled_background,268
sharp_toenails,2032
squeeze_bottle,270
zero_(inazuma_eleven),66
unlimited_shining,95
ancient_dark,94
raimon,1594
protocol_omega,191
four_of_a_kind_(touhou),495
water_dress,117
inazuma_japan,238
hakuren,103
arakumo_gakuen,56
aincrad,71
energy_cannon,1305
frilled_cuffs,3002
kokoshnik,105
crab_on_head,368
ju_87,84
meringue,54
picking_up,602
see-through_clothes,177945
halloween_costume,19934
imminent_anal,2074
spiking,78
lifeguard_chair,302
pocky_day,2983
boston_terrier,165
elbow_gauntlets,92
shoulder_spikes,5343
castella_(food),100
madoromi_no_yakusoku,73
stray_pubic_hair,4532
cropped_vest,3678
in_hat,97
olympic_rings,94
finger_in_another's_mouth,4973
winged_hair_ornament,725
short_braid,719
watermelon_bar,1864
growling,203
colt_1851_navy,130
ultra_sword,62
power_drill,205
bolverk,381
kabuto_zecter,52
phoenix_wings,90
ben-day_dots,983
asuna_(sao)_(cosplay),66
bandaged_arm,36737
holographic_keyboard,94
holographic_touchscreen,198
belgian_flag,99
chemicals,119
weighing_scale,2470
durian,58
boutonniere,864
raincloud,56
tipsy,105
white_bow,111033
flaming_arrow,65
calendar_(medium),2844
side_cut,71
molten_metal,167
jewelry_box,172
snare_drum,107
pov_across_table,2641
nipple_bar,4454
overall_skirt,1237
arima_kinen,64
angel_(kof)_(cosplay),60
spider_print,862
necklace_in_mouth,100
sailor_bikini,4065
holding_cat,5574
pencil_to_face,56
watermelon_seeds,295
naked_raincoat,283
cork_gun,79
kaomoji,392
dragon_fruit,121
ribbed_leotard,1902
type_99_cannon,105
ass-to-ass,1215
hazard_stripes,210
championship_belt,435
imminent_vaginal,6716
holding_ribbon,2212
akms,59
sega_dreamcast,245
giant_skeleton,132
leaf_hair_ornament,16367
multicolored_wings,6841
model_ship,185
towel_around_waist,951
star_bit,118
princess_peach's_castle,79
yoshi_egg,150
windfish's_egg,67
famicom_cartridge,50
famicom_gamepad,160
super_famicom_gamepad,222
propeller_hat,115
following,315
sorcerer's_sutra_scroll,1749
alternate_size,555
apple_slice,671
red_nipples,75
kazakhstan,60
hooded_track_jacket,1258
choujuu_gigaku,313
nut_(hardware),314
holding_to_chest,96
earphones_removed,614
khopesh,88
beehive_hairdo,776
character_signature,1283
tramp_stamp,378
goodyear,102
diving_board,79
armored_boots,20655
holding_cup,85066
occult,51
nut_(food),435
water_wings,53
bisected,417
panda_hair_ornament,545
hex_grid,109
adjustable_wrench,278
gauge,458
spoon_bending,52
millennium_necklace,100
medicine_bottle,273
goldfish_print,230
fish_print,2063
ring_box,549
holding_jacket,2559
print_umbrella,262
triquetra,752
vtol,85
fake_horns,30383
rattail,136
armored_skirt,866
hair_knot,69
cereal_box,165
cross_punisher,117
pixiv_id,3132
full_mouth,661
partially_underwater_shot,2465
play_button,347
open_sign,151
frilled_leotard,2404
cross-shaped_pupils,14054
mogura_(nichijou),71
mouse_boy,638
scrotum_piercing,76
felching,98
condom_packet_strip,2879
white_horse,467
ring_necklace,967
ak-74m,240
dianthus,93
covering_nose,87
taekwondo,180
erection_under_clothes,12630
pumpkin_skirt,125
tile_wall,10286
extra_tails,301
finger_on_trigger,5339
floating_stairs,58
three_sizes,393
compound_bow,388
mini_4wd,54
fuzzy_handcuffs,71
toecuffs,53
stone_stairs,1551
school_emblem,3574
licking_weapon,354
aston_martin,110
consensual_tentacles,1606
double_inward_v,83
object_on_breast,1014
tiramisu,139
pilder,120
araizumi_rui_(style),60
blue_armor,4047
chiaroscuro,251
mutual_breast_sucking,94
orange_tree,133
fishing_gear,62
green_pubic_hair,701
eurasian_tree_sparrow,581
common_kingfisher,58
mallard,56
hand_on_another's_hand,2190
occluder,68
monokuma_(cosplay),71
blue-and-yellow_macaw,58
scarlet_macaw,90
checkered_necktie,3033
czech_flag,51
polish_flag,112
turkish_flag,68
ukrainian_flag,435
butterfly_girl,138
wormhole,76
crystal_sword,530
tile_ceiling,1092
glacier,192
mismatched_wings,744
harley_quinn_(cosplay),114
hand_on_another's_knee,883
joy_(pokemon)_(cosplay),114
alternate_skin_color,4211
holding_finger,194
sleeveless_blazer,134
java_sparrow,136
lace-trimmed_kimono,282
japanese_white-eye,186
heart_arms,626
model_airplane,99
baumkuchen,166
lace-trimmed_ribbon,355
kimi_ni_matsuwaru_mystery,77
torn_bodysuit,4761
breast_punch,58
naked_hood,118
wrong_foot,956
o-ring_panties,686
frayed_clothes,126
flat_top_chef_hat,342
school_festival,125
flattop,876
hand_on_own_hip,183465
playboy_bunny,123480
humboldt_penguin,158
fanning_crotch,461
fanning_face,805
cyberspace,93
fanning_self,1748
yellow_hat,9914
the_best_schoolmate_(idolmaster),55
toque_blanche,492
coral_reef,647
fox_shadow_puppet,9977
striped_bowtie,13168
zeus_(inazuma_eleven),197
string_around_finger,700
nipple-to-nipple,863
odd_one_out,1550
tail_removed,139
kaleidomoon_scope,98
pink_moon_stick,68
3;,242
orange_shirt,16294
firelock,1106
caplock,51
antique_firearm,1754
red-crowned_crane,246
strawberry_tart,128
dracula_(cosplay),58
clothes_on_bed,287
dominator_(gun),165
freesia_(flower),271
split_image,81
camel_clutch,61
security_camera,292
shirt_over_head,115
removing_shoes,373
sparkling_daydream,109
right-hand_drive,268
indian_flag,75
taut_bikini,59
hand_on_own_shoulder,2681
skeleton_costume,84
stuffed_sheep,752
floodlights,157
striped_tail,5016
puffy_chest,507
katsudon_(food),209
bait_and_switch,489
checkered_kimono,2900
toothbrush_in_mouth,764
clothed_bath,451
crocodilian,1422
clothed_animal,5316
belly_grab,2071
trait_connection,11096
print_leotard,614
silhouette_target,54
thigh_cutout,3230
infinity_gauntlet,123
mummy_costume,2948
torn_bikini,687
glass_shards,1668
bare_hips,4169
princess_melody_(idolmaster),70
ah-64_apache,96
wet_bra,130
soaking_hands,79
striped_bow,36999
hair_undone,303
countdown_timer,218
pussy_piercing,2366
great_grail,71
yellow_shoes,7785
pumpkin_hair_ornament,1038
red_stone_of_aja,214
banbi,176
hair_half_undone,387
wrestling_mask,639
crotch_seam,22689
luminous_(madoka_magica),133
cross_hair_ornament,13900
no_eyepatch,1579
gravel,105
hand_on_another's_thigh,6714
stuffed_cow,212
wet_thighhighs,456
2014,1794
tank_shell,572
torn_jacket,2060
kidokawa_seishuu,80
outside_border,71899
m3_lee,185
ball_and_chain_restraint,1180
hand_on_another's_stomach,3772
mangekyou_sharingan,96
snake_bondage,368
type_95_ha-gou,99
chin-chin,75
sports_car,3135
thighhighs_over_pantyhose,1698
green_boots,5703
infinity_symbol,1502
menu_board,1227
red_theme,12953
panty_tug,315
eclair_(food),185
rectangular_mouth,2599
extension_cord,101
animal_helmet,1029
the_genesis,54
tairyou-bata,57
red_light,587
teikoku,51
leaf_clothing,225
graph_paper,150
ear_covers,27236
turning_around,565
post-apocalypse,1584
long-tailed_tit,474
black_materia,55
scarf_grab,494
babysitter,91
deer_head,102
duel_monster,23082
head_on_arm,727
against_fourth_wall,1103
shoe_print,130
lanchester_smg,392
voice_actor_connection,12006
cheek-to-breast,165
strawberry_cake,1007
naruko_(instrument),99
akali_(cosplay),52
no_headband,67
fishnet_swimsuit,78
stutter,328
argyle_scarf,239
comforter,91
camisole_over_clothes,333
steam_from_nose,59
seidouzan,50
thighhigh_removed,70
fake_box_art,280
dixie_cup_hat,2676
extra_nipples,91
decorating,164
jodhpurs,231
jacket_tug,366
grape_stomping,81
defensive_wall,107
argyle_sweater,1204
kelp,218
checkered_bow,1141
ichimegasa,375
austrian_flag,81
indonesian_flag,216
irish_flag,50
wooden_spoon,681
puff_and_slash_sleeves,1485
holding_own_arm,8605
up_sleeve,347
page_number,25266
aurebesh,58
dripping_eye,304
nazi_flag,88
nazi_war_ensign,59
pommel,83
hand_in_another's_hair,6642
burning_at_the_stake,63
flower-shaped_pupils,9548
steel_beam,459
bouncing_ass,2204
diamond_mouth,663
louis_vuitton_(brand),108
school_wear_(idolmaster),69
toy_box,50
strainer,109
short_hair_with_long_locks,54923
monochrome_background,1254
subway_station,295
propane_tank,115
food_print,9033
apple_juice,244
polka_dot_bow,11571
mini_person,35374
noren,595
graviton_beam_emitter,163
vibrator_on_penis,137
blindfold_slip,160
alto_saxophone,123
holding_necklace,1293
braided_twintails,1423
ryoubu_torii,220
pebble,577
implied_kiss,1422
marking_on_cheek,1443
jellyfish_girl,284
m16a4,136
gutter,74
doyagao,2817
avocado,209
claw_mark,220
courtyard,100
impressionism,372
fist_shaking,92
sexual_harassment,615
aviator_goggles,509
streaked_hair,313120
ghost_pose,1550
wooden_box,743
eyepatch_pull,107
tank_truck,60
head_on_table,742
santa_bra,68
partially_unbuttoned,19292
weasel_ears,2032
weasel_tail,1305
sunken_cheeks,628
round-bottom_flask,2155
bloody_stream,100
drain_(object),735
holding_goggles,439
lifting_person,7573
against_rock,273
red_bird,103
chromatic_aberration,30679
holding_tray,23501
licking_self,103
red_dot_sight,70
aqua_jacket,3966
actor,129
colorful_background,858
visible_air,2581
pinky_to_mouth,178
ice_cream_bar,278
shiruko_(food),322
pointy_nose,4657
otoshidama,254
removing_wig,105
purple_scarf,5175
print_pajamas,760
dutch_flag,109
gold_bracelet,6969
socks_over_pantyhose,602
single_garter_strap,2019
finish_line,132
kesa,1837
fur_cloak,1409
ooarai_(ibaraki),95
shinkawa_youji_(style),66
tank_turret,971
bad_end_precure,294
gold_cloth,181
dolphin_hair_ornament,740
polka_dot_scarf,435
smeared_lipstick,746
suomi_kp/-31,375
fish_head,116
thumb_ring,4033
kickboxing,63
blurry_vision,88
pussy_juice_on_fingers,779
cloaca,248
v_legs,594
guan_dao,415
jojo_pose,1864
pussy_juice_on_face,109
waving_arm,845
fish_costume,170
frilled_kimono,5858
spinosaurus,61
size_comparison,399
gucci,97
glowing_glasses,60
after_vaginal,20586
after_anal,6355
stone_floor,2672
poltergust_3000,62
qilin_(mythology),399
weight_conscious,2056
in_shadow,86
forehead_writing,155
stiletto_heels,3732
arms_between_legs,1896
chin_strap,1971
neckbeard,57
blue_pubic_hair,1238
pink_pubic_hair,692
orange_pubic_hair,331
purple_pubic_hair,948
red_pubic_hair,946
noses_touching,1262
kissing_thigh,119
hand_fan,51228
very_long_fingernails,2839
bridget_(guilty_gear)_(cosplay),95
bird_tail,8239
sensory_deprivation,138
lace-trimmed_collar,904
detached_ahoge,1627
thigh_pouch,5107
lying_on_another,485
orchid_mantis,68
kneehighs_pull,101
holding_camera,11213
poking_head,64
military_police,116
chick_print,82
single_detached_sleeve,7493
fukumoto_nobuyuki_(style),407
magical_boy,1199
pink_wings,3142
shared_cape,95
blood_vessels,75
hooded_cloak,14381
gigantic_testicles,214
hand_on_own_thigh,16733
snowy_owl,54
airplane_wing,264
low_neckline,2856
king_(playing_card),570
floral_(idolmaster),243
hiraikotsu,72
hand_in_underwear,66
double-decker_bus,95
m320,110
multicolored_nails,9995
reveal,70
black_headband,6654
blue_bandana,1739
alarm_siren,249
qing_dynasty,105
year_of_the_snake,2377
hishimochi,287
stuffed_giraffe,75
kindergarten_bag,588
breast_conscious,2003
monument,71
vertical-striped_pants,1865
breathing_on_hands,393
inconvenient_breasts,896
inconvenient_tail,127
ragnell,334
implied_incest,704
shoulder-to-shoulder,381
monarch_butterfly,161
shoulder_tattoo,20092
clothes_around_waist,17539
pink_coat,4140
ribbed_hat,72
overall_shorts,2763
hand_on_own_stomach,10274
x_mark,125
footrest,50
double_entendre,137
rusty_trombone,433
toy_boat,94
nipple_tassels,326
temperature,144
502nd_joint_fighter_wing,50
surstromming,73
loaded_interior,1900
adjusting_shorts,154
double_\n/,226
thighband_pantyhose,32058
flat_chest_grab,819
duo_chromatic,75
animification,20017
through_window,432
navel_fingering,120
nico_nico_nii,650
kiwi_(fruit),1584
hamon,73
shaved_head,601
chuunibyou,1122
drinking_pee,295
lolidom,1005
forced_to_watch,185
slides,337
interspecies,17649
purple_boots,6674
dildo_under_clothes,694
waiting_for_kiss,222
eye_of_horus,1757
crotchless_leotard,398
chain_whip,127
asymmetrical_eyes,208
dark_cloud,1139
knotting,381
smelly_pussy,78
cuntboy,676
waistband,174
card_parody,1050
adjusting_eyewear,25251
bean_bag_chair,1498
nimono,145
layered_clothes,7322
tiefling,809
bitchsuit,249
reverse_ryona,333
neon_sign,205
holding_animal,19792
price,487
pussy_juice_drip_through_clothes,1604
yellow_fire,58
heart_apron,269
bitten,89
sleeping_together,191
sand_writing,174
barmaid,311
holding_mask,7956
fisherman,50
legbinder,144
analog_clock,2154
oppai_loli,7479
groin,163353
familymart,277
pony_play,409
playstation_4,366
feminization,230
weight_gain,575
taur,6593
bicycle_seat,70
orgasm_denial,389
j-core,181
wolf_boy,8190
accidental_exposure,2197
hand_on_another's_waist,6532
liquid_metal,64
ironclad,102
layered_kimono,3391
shot_down,124
baby_animal,12469
t-34-85,150
tentaclejob,373
strip_game,371
stray_hair,159
riding_boots,210
holding_another's_arm,7006
sweaty_armpits,3371
cavewoman,127
reverse_paizuri,248
zentai,72
singapore,51
bear_boy,2475
ass_worship,269
bench_press,118
fallopian_tubes,198
leather_armor,1489
ratite,135
cropped_head,1658
enpera,3817
patissier,85
wireframe,78
rolling_sleeves_up,192
ryokan,323
single_arm_warmer,1639
shotadom,277
mutual_fingering,280
chocolate_statue,106
owl_girl,904
neapolitan_ice_cream,50
user_interface,4183
straw_hat_pirates,556
batik,69
leotard_under_clothes,9071
wife_and_wife,4306
breasts_on_tray,519
forge,101
bondage_mittens,433
shoulder_cutout,27260
tsukimi,376
knife_sheath,1375
twerking,260
maternity_dress,58
pov_breasts,626
halftone_outline,60
licking_foot,1465
stroking,85
sexting,253
vietnam_war,230
blue_umbrella,1571
glory_wall,1351
north_korean_flag,50
bell_jar,150
no_skin,76
face_in_pillow,1016
bodybuilder,52
hsien-ko_(cosplay),86
chamomile,217
ear_bow,13345
club_(shape),2449
m16a1,568
dragon_on_head,60
futasub,1163
big_mac,59
bootjob,283
carrot_print,689
rinnegan,287
sponge_cake,58
nipple_weights,57
k-pop,2656
ttgl_eyecatch,298
bimbofication,457
;|,264
on_toilet,431
assisted_rape,960
eye_black,891
ass_lift,272
melon_soda,708
sleepsack,81
g-suit,56
undercut,18552
cream_background,72
8-ball,134
moth_girl,947
marching_band_(idolmaster),91
super_saiyan_god,203
steamed_bun,5466
fortissimo,2257
labret_piercing,1334
wolf_hood,476
jackal_ears,4324
jackal_tail,562
shiny_pantyhose,193
selfie,25606
star_trail,584
puffy_shorts,3728
pink_flower,74036
horse_girl,149184
pink_hairband,12508
female_pervert,7285
green_bird,175
2019,3350
mundane_utility,983
underwater_shot,69
completely_nude,226267
reverse_suspended_congress,6771
suspended_congress,2539
mechabare,4264
shortstack,4549
inflating,69
bloated,187
hand_over_own_mouth,5476
easy_chair,471
tonguejob,376
ball_busting,425
chastity_cage,1197
sea_monster,118
robot_sex,113
untied_panties,3162
white_collar,20729
hot_dog_bun,145
deer_girl,3479
animal_focus,33326
green_lips,3903
no_scar,302
no_mole,1336
sex_battle,107
getting_up,102
very_dark_skin,11967
volvo,66
character_hat,267
pillow_humping,228
long_torso,157
smelling_hair,378
smelling_armpit,253
liquid_hair,1939
yellow_hoodie,4381
double-breasted,31416
red_kimono,20999
red_umbrella,4939
pringle_duck,137
artist_progress,270
japan_self-defense_force,808
sparkle_background,5396
bikini_top_lift,5940
giving_flower,148
droid,198
twiddling_fingers,146
crumpled_paper,708
polish_text,90
testicles_on_face,177
sweat_stain,333
nozzle,82
ribbed_thighhighs,2176
maintenance,116
bee_wings,280
wooden_staff,400
neck_tattoo,8465
tentacle_in_ear,83
static_electricity,113
red_cloak,5889
warped,78
club_(weapon),4361
h&k_g3,360
glass_wall,212
relief,118
tassets,171
mongolia,85
detached_tail,57
edo_tensei,76
fig,125
pink_armor,499
palette_suit,184
dodge_viper,56
dynamic_pose,1876
m16a2,186
dsr-50,71
skateboarding,697
giant_male,1007
heavy_bolter,53
black_kimono,24216
snake_boy,346
white_kimono,42177
cum_on_figure,251
interrupted,187
nude_beach,68
patio_swing,51
heart_sticker,841
year_of_the_rabbit,3510
cum_in_container,1443
bandage_on_face,3950
hooded_robe,3317
long_tail,3970
from_inside,281
fundoshi_pull,126
false_smile,4038
centipede_girl,177
a-10_thunderbolt_ii,86
humanoid_robot,6625
wedding_suit,74
grabbing_own_breast,17542
penis_chart,132
sennin_mode,87
blue_butterfly,11262
defecating,58
white_feathers,7769
quincy_(bleach),275
cropped_shirt,29640
anal_prolapse,166
leather_shorts,278
breast_ribbon,126
food_focus,13531
foot_wraps,223
artificial_eye,2257
lion_girl,6582
green_apron,3474
elucidator,206
hands_on_another's_shoulder,532
painted_clothes,678
paint_on_clothes,1352
sleeve_belt,239
blue_mask,441
on_plate,262
wedge_heels,1007
autism,52
own_hands_together,93727
shared_bed,371
collared_jacket,19676
body_control,165
flip_phone,8129
head_between_legs,50
triclops,52
trilby,135
onesie,2154
girly_boy,1047
banana_slice,395
entrenching_tool,81
star_halo,5075
panzer_38(t),59
mask_pull,6245
energy_drain,329
comitia,89
pokemon_gym,114
treasure_map,55
chameleon_girl,155
looking_at_screen,537
leaving,88
biting_neck,920
looking_at_watch,167
crinoline,613
solo_focus,412479
m1_helmet,202
bridal_lingerie,1125
on_chair,30333
shirt_rolled_up,217
optical_sight,984
aqua_sclera,152
sefirot,238
pteruges,85
hussar,68
free_hugs,143
tactical_surface_fighter,485
serval,240
blooming,63
buddhist_nun,500
kubo_tite_(style),528
yoga_pants,5656
snake_tattoo,711
furious,711
blood_drip,1623
grasslands,558
school_nurse,353
sheer_pantyhose,71
drying_clothes,297
cardigan_around_waist,2369
pink_hoodie,5499
jagdpanzer_38(t),175
yordle,1788
photocopier,190
multiple_hats,338
no_ears,195
underbutt,2039
taut_pants,110
pajamas_lift,98
torn_sweater,661
bandeau_lift,129
bandeau_pull,95
torn_hoodie,187
hoodie_lift,1839
hoodie_pull,74
stomach_cutout,5976
torn_robe,188
cotton_panties,78
front_slit,2725
back_slit,136
nipple_stimulation,29268
hobble,308
carro_armato_p40,134
mt._silver,91
yukkuri_abuse,155
paw_print_background,2034
heart_in_eye,10124
presenting_another,356
slime_boy,380
blue_eyeshadow,4373
checkmark,177
shoe_loss,290
emoji,4452
convoy,88
penis_size_difference,2776
hokora_(shrine),54
foot_bath,268
energon,60
happy_easter,204
wah,63
shell_necklace,1759
finger_to_tongue,377
vitiligo,84
torn_footwear,158
heel_pop,416
holding_gun,80098
sanpaku,13394
clothes_theft,923
led,52
absorbing,67
torn_overalls,64
stomach_ache,147
stomach_mouth,204
stealth_fellatio,307
women's_day,58
hand_in_pantyhose,158
breasts_on_table,1814
licking_cum,270
taut_shorts,148
naked_poncho,133
barber,85
bursting_ass,549
lagombi_(armor),98
gopnik,115
pussy_squeeze,95
skunk_tail,278
chiss,51
playing_guitar,1738
thai_school_uniform,152
truss,536
reptile_girl,1758
double_helix,333
royal_air_force,62
british_army,167
public_bondage,206
food_dildo,118
rose_background,503
chullo,183
nearly_naked_coat,97
penguin_girl,725
polygamy,239
white_serafuku,3418
eat_me,159
large_hands,2439
arm_shield,759
thigh_ring,119
taishou,241
flower_hairpin,1337
brazier,106
soju,108
ak-12,494
height_envy,63
white_garter_straps,3107
pinstripe_dress,1435
rapping,167
red_headband,8246
load_bearing_equipment,805
mclaren,160
between_feet,204
imminent_orgasm,97
gold_necklace,7312
prostration,1028
licking_nipple,3636
box_on_head,146
school_swimsuit_flap,507
heisei,215
red_ribbon_army,337
split_mouth,27072
penis_on_pussy,938
cat_pajamas,66
char_b1,73
liquid_clothes,589
lowleg_pantyhose,458
cockroach_girl,449
colored_lineart,650
partially_blind,149
shih_tzu,80
paralysis,93
white_shorts,42865
urban_legend,179
tentacle_clothes,384
super_saiyan_4,1472
slapping_breasts,129
red_pepper,164
drawing_(object),6805
sideways_glance,34831
kebaya,78
car_trunk,105
double-barreled_shotgun,283
folding_knife,105
wotagei,130
charisma_guard,236
leaning_on_table,1049
vertical-striped_scarf,384
waffen-ss,292
scarf_pull,290
security_guard,203
newsboy_cap,24049
wide_mouth,125
maltese_cross,75
body_exploration,258
aviator_sunglasses,1910
toy_train,202
night_vision_device,1117
kissing_penis,1575
hogwarts,72
gothic_punk,95
workout_clothes,569
pussy_juice_in_mouth,142
skunk_girl,228
cellulite,114
yellow_armor,835
green_cloak,2109
yamato_(battleship),161
moon_(symbol),79
mobile_armor,265
watashi_kininarimasu,79
panda_hood,1021
guess_who,102
on_wall,390
fox_hat,506
single_stripe,2536
on_food,609
black_nipples,147
red_fire,222
hyundai,51
reverse_netorare,572
after_birth,90
double_breast_sucking,307
covering_one_breast,1217
futanari_masturbation,2976
alternate_ears,187
orange_light,110
sidecut,2289
holding_ball,10887
silver_bikini,413
hat_on_back,1622
object_head,2793
underbust,23433
legs_behind_head,208
donkey_ears,256
imminent_penetration,17190
mouth_mask,35143
keshin_(inazuma_eleven),131
stomach_punch,463
scorpion_girl,204
energy_shield,221
fender_mustang,459
gold_coin,1859
model_tank,154
standing_at_attention,75
karst,135
brocon,82
trophy_head,92
bow_(music),3502
vacation,63
rash_guard,1035
yellow_star,98
cum_on_legwear,1237
bear_hair_ornament,3578
small_hands,149
cum_in_navel,308
bird_mask,1671
dia_de_muertos,142
multiple_expressions,10765
tantou,1365
tweet,354
presenting_ass,1932
condom_belt,2225
cup_size,140
thick_tail,188
colored_skin,165315
small_dragon,898
kissing_object,371
cocktail_shaker,676
nissan_fairlady_z,223
wing_piercing,728
horn_piercing,256
drawing_tablet,3285
glass_bottle,1844
shiny_swimsuit,1151
burning_clothes,226
leaf_censor,99
strawberry_hair_ornament,2358
plaid_hairband,246
electronic_cigarette,204
mosquito_girl,104
milking_handjob,635
asymmetrical_armor,641
licking_ass,121
new_moon,99
butterfly_on_face,129
dildo_gag,420
pinky_ring,614
leather_dress,141
armored_bodysuit,881
praise,53
alpha_pokemon,300
creator_and_creation,125
latex_bodysuit,4616
thick_lips,3015
hair_behind_ear,30782
king_game,53
fantasy_seal,84
peephole,110
fake_scan,102
sitting_on_ball,259
south_korea,83
heart-shaped_pillow,4490
cow_hood,406
soldier_game,81
high-waist_skirt,45957
heat_haze,54
mismatched_underwear,358
multiple_anal,688
falconry,152
cadpat,67
zither,60
clitoris_peek,93
cutie_honey_(character)_(cosplay),57
breeding_mount,181
long_eyebrows,749
black_veil,5579
asmr,448
runny_makeup,2228
kneeless_mermaid,633
pokemon_(creature),180638
shoulder_support,57
wooden_house,74
on_train,96
star_panties,427
mouse_(animal),8799
super_saiyan_2,685
muay_thai,61
faux_3d,142
sextuplets,914
pokestar_studios,240
assisted_peeing,116
chopping,290
black_fur,10965
welrod,243
multicolored_tail,1453
head_steam,1110
fire_elemental,170
carcano,113
surgical_scar,76
drinking_blood,170
folding_table,83
star_tattoo,2019
kfp,304
bandaid_on_leg,16502
ankle_wrap,1078
caren_hortensia_(cosplay),58
presenting_pussy,1988
licking_breast,957
dassault_rafale,59
pleading_eyes,365
drive-by,68
yellow_cat,258
wasp_girl,71
reflex_sight,181
2016,2822
2017,2777
2018,3045
2021,5215
2022,5854
2023,6317
2024,5999
2025,4391
boy_sandwich,1322
tennis_skirt,124
crooked_teeth,74
oversized_breast_cup,1420
cheese_wheel,112
red_petals,2439
blue_fur,6919
paperwork,180
throw_pillow,51
head_on_another's_chest,142
carbon_fiber,51
great_dane,59
equal_sign,75
plus_sign,696
in_sack,137
biting_ear,1587
imperium_of_man,327
halter_dress,11373
a-rise,80
frilled_hairband,16694
glowing_petals,630
nine_of_spades,101
ss_uniform,100
public_restroom,1188
dragon_tattoo,875
force-feeding,548
tiger_tattoo,70
camisole_lift,1311
glutton,2329
hand_on_own_leg,4821
on_rooftop,684
blown_away,50
metal_bra,149
snowflake_print,4417
tucked_penis,811
licking_tip,162
bear_girl,3256
hip_armor,725
glowing_fist,162
chitin,86
multiple_weapons,2844
human_dog,354
neck_lift,85
blue_belt,8713
ligne_claire,859
crossed_wrists,630
hair_in_own_mouth,2447
feral_instincts,2098
glass_ceiling,111
mushroom_hat,428
space_print,1077
spider_boy,155
footsies,105
knit_hat,690
wing_tattoo,166
takeoff,114
long_fangs,88
tail_bondage,69
skeletal_wings,460
presentation,107
rhinestone,129
hand_on_another's_wrist,629
dudou,1440
jimiko,2668
route_66,62
dragon_dildo,152
licking_dildo,117
nuclear_explosion,74
bike_shorts_pull,519
bubble_wand,297
hashtag,1233
imminent_bite,593
undressing_another,2712
blue_cat,211
prone_bone,5322
looking_through_fingers,176
impasto,365
car_seat,590
j7w_shinden,72
nipple_jewelry,1648
playing_with_another's_hair,921
playing_with_own_hair,3986
disdain,354
breathing_tube,160
pink_garter_straps,200
looking_at_penis,8426
torn_underwear,85
naked_lab_coat,332
scratching_chin,130
ball_gown,67
glowing_skin,322
myrtenaster,568
pubic_hair_pull,63
string_bra,1471
arch_bridge,141
constriction,462
closing_book,54
numbered,5202
suzuki_(company),442
extra_tongue,129
black_armor,8583
looking_through_window,143
treant,54
hand_on_own_arm,8539
zinogre_(armor),184
mojyo,634
crotchless_shorts,97
joint_lock,128
nopal,62
chain_weapon,76
huffing,135
crescent_hair_ornament,14080
stomach_hair,68
elasticity,187
banknote,3253
crushed_can,190
golden_wings,212
red_tattoo,3141
sakura_kyoko_(cosplay),303
squid_hat,247
neuralyzer,71
purple_flower,40822
yellow_flower,41287
lace_background,746
go-kart,255
hand_on_mask,126
wrist_belt,857
mouse_print,70
coffee_milk,51
fudanshi,69
ribbon_trim,63214
toilet_brush,50
gas_cylinder,157
apple_print,281
back-seamed_legwear,1670
hands_on_another's_head,4007
no_reflection,64
brown_cat,928
tail_through_clothes,6440
multiple_crossover,5390
water_elemental,91
borzoi,100
holding_swimsuit,1341
asymmetrical_gloves,18151
checkered_ribbon,509
scorch_mark,94
chiester_sisters,170
against_pillar,141
garnish,610
centurion_(tank),136
gas_pump_nozzle,114
fifa_world_cup_trophy,57
hamburger_steak,599
snow_sculpture,215
sabaton,972
fast_food_uniform,1016
drawn_wings,743
vest_lift,653
broom_guitar,59
multiple_horns,9202
duck_hair_ornament,152
drop_shadow,11634
elevator_door,240
nontraditional_school_swimsuit,437
shoulder_cannon,1722
+_-,75
animal_ear_headband,73
leg_between_thighs,2105
naked_capelet,731
single_wrist_cuff,1968
undone_ascot,141
lensless_glasses,56
ear_fondling,162
valgiris,69
beer_crate,102
horn_ornament,17949
rook_(chess),1467
character_print,4463
side-tie_bikini_bottom,108564
kodomo_no_hi,484
paper_kabuto,283
stuffed_fish,563
arrow_through_heart,2108
leg_support,94
slim_legs,873
three-dimensional_maneuver_gear,2215
director's_chair,72
severed_torso,220
hakama_shorts,2469
...!,608
rear-view_mirror,513
grandmother_and_granddaughter,494
djinn_equip,78
i_heart...,398
clothes_on_shoulders,105
shibari_under_clothes,563
sparkle_print,1848
thatched_roof,113
argyle_pants,96
on_car,1867
red_car,656
orange_amplifiers,57
sv001_(metal_slug),146
shadow_the_hedgehog_(cosplay),56
fender_jazzmaster,448
transmission_tower,860
kune-kune,80
loose_pants,164
evidence_markers,60
turretless_tank,323
eye_of_providence,349
cutie_moon_rod,75
cubicle,223
rubber_chicken,95
gravy,63
crop_top_overhang,13089
black_serafuku,34849
palace_of_dragon_(idolmaster),160
burger_skater_(idolmaster),67
pomeranian_(dog),336
maid_bikini,5789
star_censor,459
impossible_bodysuit,4573
hata_no_kokoro_(cosplay),50
circle_name,2688
jaxa,55
chest_cannon,127
night_lords,90
open_cloak,401
leaf_hat,80
see-through_shirt,14602
school_gateway,291
armored_shoes,255
dark_cure_(yes!_precure_5),149
aquarium_tunnel,110
foot_up,6047
character_age,2094
biomechanical,109
no_toilet_paper,61
jinbaori,634
blood_on_weapon,8636
slipper_bathtub,328
stuffed_snake,110
bike_shorts_under_skirt,7194
curry_udon,64
kanagawa,90
cheese_trail,756
monkey_mask,225
tsukimi_dango,406
undone_bikini,350
gradient_clothes,8244
gradient_dress,3331
radome,50
foot_on_back,61
ribbon_legwear,221
dog_mask,145
wax_seal,918
stadium_lights,88
heart_sutra,70
reverse_footjob,547
female_footjob,253
blood_on_cheek,238
energy_orb,54
final_smash,61
obon,113
pentagon_(shape),299
bear_mask,97
latex_bikini,168
bear_hood,1099
enoshima_junko_(cosplay),260
aqua_rose,374
empty_bathtub,97
horn_flower,1207
bubble_pipe,454
sunflower_hair_ornament,2529
lychee,110
energy_blast,54
sand_dune,164
milk_tea,182
wooden_bridge,501
rope_bridge,78
open_bodysuit,1491
orange_blossoms,99
retaining_wall,213
two-handed_masturbation,256
snow_shovel,193
campaign_hat,66
grey_wings,2248
webley_revolver,92
transparent_wings,2521
multicolored_shirt,3858
power_sword,58
stuffed_seal,260
matilda_(tank),69
zukyuun,106
kel-tec_ksg,76
capsule_corp,251
pink_shorts,7633
mizuki_yukikaze_(cosplay),163
stylized_blood,163
yellow_necktie,17214
silver_(metal),56
holding_sandals,587
jammers,235
legskin,139
bernese_mountain_dog,168
afghan_hound,120
new_mask_of_hope,405
takenami_hideyuki_(style),442
pink_sky,2335
side-tie_costume,92
taut_sweater,251
shakujou,748
bishamonten's_pagoda,1980
shiki_eiki_(cosplay),95
hair_color_connection,1519
thigh_straddling,579
swim_briefs,2983
toy_dinosaur,76
resistance_japan,51
coaster,224
yellow_border,2279
standard_bearer,947
mole_on_neck,9245
lace-trimmed_leotard,132
lunar_eclipse,53
implied_erection,285
print_hoodie,1780
partially_invisible,80
spider_web_pattern,84
gardenia_(flower),80
butterfly_tattoo,1178
clematis_(flower),312
striped_horns,3740
jinbei_(clothes),605
sports_utility_vehicle,596
korean_text,31901
diamond_plate,74
looking_at_hand,1363
no_vest,215
x_navel,648
coin_(ornament),393
vanishing_point,1368
gothic_princess_(idolmaster),139
snow_strawberry_(idolmaster),649
night_and_day_amcg_(idolmaster),61
wringing_dress,75
exercise_machine,290
accidental_touch,61
anmitsu_(dessert),131
food_on_legs,167
finger_in_ear,131
oak_leaf,134
bra_tug,73
fake_nails,1606
blue_flower,54160
star_necklace,3504
heart-shaped_mouth,269
wandenreich,119
rose_print,6898
ejaculation_under_clothes,763
guan_hat,420
after_rain,357
hyottoko_mask,319
dog_print,362
mega_pokemon,6280
competition_school_swimsuit,8831
blue_apple,178
orange_bow,24451
wireless_mouse,55
rickenbacker_4001,201
gibson_les_paul,2940
fender_jazz_bass,870
ford_crown_victoria,66
bowl_stack,231
penis_peek,1877
nipple_bells,372
colored_shadow,2533
bread_eating_race,187
christmas_tree_costume,339
matsumoto_leiji_(style),65
source_quote,605
star_cutout,394
bikini_in_mouth,570
removing_hat,181
team_flare,232
watchtower,76
flower_brooch,2842
serena_(pokemon)_(cosplay),111
ball_bra,184
haigure_pose,122
no_armor,311
ice_cream_stand,102
one-piece_tan,11991
inhaling,156
sitting_on_drum,162
covering_with_blanket,924
bikini_tan,5436
shorts_tan,896
shirt_tan,341
accessory_tan,159
heart_bubbles,88
puppet_rings,736
grey_sclera,843
bad_singing,105
blade_to_throat,290
finger_to_another's_nose,121
ishikawa_ken_(style),75
holding_pants,107
rensouhou-chan_(cosplay),60
implied_fellatio,1487
geranium,73
hyacinth,145
strawberry_blossoms,396
on_piano,160
alternate_art_style,76
solid_eye,78
lego_minifig,124
lego_brick,124
trim_marks,239
executioner's_sword,69
cuirass,1256
avatar_base,50
mechanical_halo,18220
heart_arrow,259
projector_screen,83
ice_cream_spoon,540
shantae_(cosplay),84
brown_scarf,6854
in_pocket,182
multicolored_sky,599
smelling_feet,147
kishimoto_masashi_(style),69
spade_pasties,150
layer_cake,269
thumbprint_cookie,476
signal_bar,110
black_bow,171729
purple_bow,48373
pumpkin_mask,146
implied_fingering,1474
brick_floor,1964
chocolate_on_pussy,319
chocolate_on_breasts,2036
chocolate_on_ass,88
paint_tube,633
narrowed_eyes,6784
no_animal_ears,252
bike_shorts_under_shorts,1443
sauropod,88
tooth_necklace,2698
animal_in_clothes,434
ohitsu,267
train_station_platform,802
orange_coat,1101
mascot_costume,773
skeleton_horse,57
skeletal_arm,815
bar_soap,286
panties_around_one_finger,123
brown_coat,20393
knives_between_fingers,1083
dilation_tape,1167
licking_paw,103
backwards_text,85
bullet_necklace,192
grey_gloves,13702
lapel_pin,2702
ahoge_removed,55
pet_shaming,343
mousepad_(object),701
wo-class_aircraft_carrier_(cosplay),111
box_stack,218
snake_mouth,72
single_over-kneehigh,456
closing_door,206
bauxite,198
fingers_to_cheeks,967
ruined_orgasm,53
hauchiwa,1797
drawing_bow,2459
stabbed_heart,52
matoi_ryuuko_(cosplay),468
ze_(phrase),249
borrowed_character,29007
recipe_(object),91
sailor_swimsuit_(idolmaster),927
stadiometer,135
bell_earrings,710
hand_on_another's_hat,98
kiryuuin_satsuki_(cosplay),222
honey_dipper,172
holding_shorts,85
wheat_print,116
lock_seed,69
holding_fan,24299
money_bath,61
ishikei_(style),507
planted_knife,250
mankanshoku_mako_(cosplay),88
hands_on_another's_neck,646
okobo,6497
ginkgo_leaf,2472
off-shoulder_sweater,11633
en'enra,90
checkered_hat,373
fur-trimmed_cape,13496
mega_evolution,57
cracking_egg,98
holding_phone,78563
pan-pa-ka-paaan!,366
medi_gun,51
suggestive_fluid,8078
igawa_asagi_(cosplay),63
ears_up,137
mask_over_one_eye,775
kamui_(kill_la_kill),330
anti-eyebrow_piercing,289
neck_piercing,112
in_jar,163
roundel,1663
hay_bale,96
daewoo_k1,77
barn_owl,102
silver_nails,170
glowing_lines,559
orange_nails,6683
licking_stomach,256
sitting_on_table,1521
daewoo_k2,182
scar_across_eye,32726
de_lisle_carbine,112
white_nails,4983
removing_pasties,256
sheep_hair_ornament,108
spade_hair_ornament,1027
employee_uniform,5291
snowflake_hair_ornament,4213
cleaning_windows,160
holding_briefcase,1476
ara_ara,354
character_hair_ornament,4528
holding_ring,557
black_hood,2911
elizabeth_tower,328
collage_background,143
soejima_shigenori_(style),153
spoken_mars_symbol,339
arms_around_back,772
print_sweater,1150
knotted_penis,1826
thumb_to_mouth,317
joestar_birthmark,1270
holding_microphone,23924
scarf_bow,421
multiple_necklaces,1735
suspension_bridge,157
papillon_(dog),130
twitter_username,334911
precum_string,605
peach_blossom,200
torn_coat,1199
iaidou,87
zastava_m21,59
akuma_homura_(cosplay),55
denim_shirt,99
rope_necklace,177
needle_sword,286
too_many_sex_toys,464
bulge_press,448
shoujo_kitou-chuu,798
double_facepalm,63
checkered_cape,81
checkered_pants,141
heart_ahoge_duo,72
loungewear,2390
bird_hair_ornament,921
hand_on_own_forehead,2267
food_insertion,713
folded_ponytail,23984
behind_curtains,137
episode_number,895
standing_on_roof,62
animal_on_back,326
fur-lined_gloves,55
sand_on_skin,104
shining_needle_castle,130
chopstick_rest,224
amemiya_taiyou_(mixi_max_zhuge_kongming),54
kirino_ranmaru_(mixi_max_jeanne_d'arc),141
cum_on_gloves,191
purple_blood,342
puffy_coat,125
washing_face,64
yoshida_akihiko_(style),88
the_north_face,116
good_meat_day,456
tomato_plant,51
tile_roof,728
multicolored_skirt,6771
class_number,98
off-shoulder_shirt,28583
removing_jacket,1133
diamond_hands,56
ribbed_bikini,58
bandaged_leg,17601
suspender_skirt,24511
partially_fingerless_gloves,33875
snake_print,1071
rainbow_wings,165
flower_symbol,4722
autoarousal,501
swivel_chair,10036
dog_penis,1413
spread_armpit,800
looking_around,175
holding_towel,7914
nagai_gou_(style),53
hand_on_floor,1404
number_tattoo,9638
print_kimono,24613
scar_on_cheek,19046
clock_eyes,1098
idol_clothes,9598
2_fuel_4_ammo_11_steel,122
sengoku_driver,78
astrolabe,65
production_note,112
kubrick_stare,107
round_image,2551
foaming_waves,110
frilled_shawl,819
frilled_collar,10253
bowl_hat,2509
susuki_grass,271
on_couch,25737
knuckle_hair,329
barber_chair,62
sailor_moon_narikiri_bra_set,147
holding_photo,1490
hands_on_own_stomach,2136
polka_dot_hoodie,125
ribbon-trimmed_clothes,2454
ribbon-trimmed_sleeves,38209
ribbon-trimmed_underwear,168
ribbon-trimmed_collar,2890
ribbon-trimmed_headwear,1481
ribbon-trimmed_swimsuit,248
ribbon-trimmed_gloves,508
groping_motion,298
nose_shade,256
aim-9_sidewinder,121
compression_sleeve,373
hanging_light,1415
frilled_shirt_collar,46382
looking_at_hands,386
fingers_to_cheek,111
studded_hairband,129
holding_leash,6889
key_necklace,2929
musical_note_print,1667
heart_ring_bottom,99
heart_ring_top,194
lace_ribbon,78
looking_ahead,41778
glowing_feather,277
mechanical_eye,1956
print_scarf,875
print_shorts,1580
veil_lift,262
gold_medal,94
holding_can,13652
star_in_eye,11244
stuffed_fox,267
snow_halation,361
bow_swimsuit,227
porcelain,147
mole_on_ass,2802
between_buttocks,414
censored_identity,3254
tape_censor,125
wing_censor,198
fluffy_legwear,107
panasonic_corporation,54
multicolored_polka_dots,408
bow_choker,4254
zinnia,62
medicine_box,139
ribbed_dress,4176
opening_can,82
floating_hat,219
legs_on_another's_lap,72
sweater_jacket,966
adapted_object,226
frilled_robe,60
text_focus,18426
checkered_apron,206
king_of_diamonds,86
embroidered_bra,433
iced_coffee,310
holding_plate,17779
pushing_cart,116
autogyro,63
pudding_a_la_mode,121
commissioner_insert,947
copy_ability,1374
fang_out,15326
folded_hair,1222
heart-shaped_lock,1813
no_hairclip,80
pink_pants,5289
nipple_flick,162
stuffed_horse,186
untied_bikini_top,1031
pedal_board,80
green_vest,13913
feather_trim,4330
bead_bracelet,13637
spiked_shield,71
grey_pupils,604
weapon_bag,887
blue_whale,256
too_many_belts,253
looking_at_phone,6654
uss_iowa_(bb-61),51
against_bookshelf,115
gummy_bear,215
two_of_spades,200
hands_on_another's_waist,1132
placemat,155
holding_bouquet,19401
hands_on_ground,1740
holding_broom,8864
side-seamed_legwear,586
seamed_legwear,3220
front-seamed_legwear,738
holding_bottle,25448
hand_on_ground,2087
arm_across_chest,557
off-shoulder_dress,33560
shared_bathing,21710
remington_model_700,88
green_screen,172
plaid_bowtie,5339
guided_crotch_grab,69
yellow_apron,2671
overexposure,492
print_bandaid,51
cumdrip_through_clothes,80
head_on_another's_shoulder,3902
studded_gloves,765
energy_whip,68
o-ring_legwear,236
grey_boots,7874
ballet_dress,82
hand_on_headwear,22054
print_shoes,220
print_skirt,8299
potara_earrings,1982
single_thigh_boot,2021
glowing_nipples,104
hands_on_own_shoulders,270
soap_bottle,1199
hibachi_(object),85
reactive_armor,173
breast_sucking_through_clothes,173
sh-60_seahawk,60
star_wand,1134
special_feeling_(meme),641
fake_antennae,323
half-siblings,1336
ship_interior,67
anchor_hair_ornament,8484
candy_heart,57
torn_tabard,67
steel-toe_boots,137
helix_fossil,60
twitch_plays_pokemon,139
elsa_(frozen)_(cosplay),68
ribbon-trimmed_apron,318
thai_flag,80
heart_balloon,4514
nudist_beach_uniform,534
snot_trail,308
lace-trimmed_hairband,1429
ribbon-trimmed_hairband,383
orange_moon,114
print_hat,431
unicorn_girl,447
pink_blood,3402
diamond_print,339
pink_sclera,952
furoshiki,677
breast_drop,272
car_keys,137
print_ribbon,783
mutual_hug,1525
hose_nozzle,217
writing_on_hand,62
shipping_container,363
caracal,51
united_states_marine_corps,180
panties_over_garter_belt,755
holding_leaf,3062
camouflage_skirt,525
mark_iv_tank,78
ribbon-trimmed_bra,556
red_suspenders,317
symbol_in_eye,25421
finger_piercing,67
sega_game_gear,51
false_arm,205
false_limb,189
pink_bag,5404
french_army,149
wristwear,89
shooting_range,131
alternate_hair_ornament,1198
life_fiber,393
pawpads,7196
carrot_necklace,3437
re-class_battleship_(cosplay),76
baku_(creature),155
no_cardigan,64
chest_jewel,15851
chipped_sword,91
too_many_frills,609
raimon_school_uniform,262
mitakihara_school_uniform,12719
pantyhose_tug,94
ayase_eli_(cosplay),61
argentinian_flag,167
chest_tattoo,14997
leg_tattoo,11738
hand_in_another's_pocket,119
hands_on_headwear,2979
handheld_game_console,12905
covered_navel,159830
head_between_knees,92
bakuzan,329
helicopter_tail,82
cassiopeia_(constellation),326
1koma,4833
pearl_bracelet,2527
curtained_hair,17108
flower_wings,91
mirrored_text,430
himaruya_hidekazu_(style),52
huge_moon,1807
mint_chocolate,613
wet_socks,131
burning_love_(phrase),112
yasuhiko_yoshikazu_(style),52
source_quote_parody,519
dot_triangle,58
cleaning_weapon,152
union_jack_bikini,131
hands_on_another's_stomach,728
ribbon-trimmed_bikini,639
reichsadler,446
ueda_masashi_(style),178
elcan_scope,63
gyate_gyate,423
beer_hat,53
black_scarf,14657
ribbon-trimmed_thighhighs,5807
muji_body_fitting_sofa,88
throat_microphone,835
cocktail_umbrella,476
it's_ok_to_touch,62
black_vest,55311
nanodesu_(phrase),966
short_sidetail,1720
feet_only,872
exhaust_pipe,392
yazawa_nico_(cosplay),160
nanami_chiaki_(cosplay),81
orange_leotard,1241
muchourin,154
marie_rose_(cosplay),85
scorpius_(constellation),289
pisces_(constellation),262
aquarius_(constellation),250
capricorn_(constellation),275
sagittarius_(constellation),280
aries_(constellation),270
libra_(constellation),341
virgo_(constellation),275
dark_orb_(madoka_magica),367
spiked_shoes,343
vertical-striped_dress,6772
aqua_shoes,1538
sex_through_torn_clothes,61
phalanx_ciws,151
cupping_hand,487
miracle_mallet,890
toothbrush_mustache,124
puka_puka,145
tiger_hair_ornament,80
open_drawer,162
brick_oven,65
shocking_party,115
print_apron,721
elbow_sleeve,570
katsu_(food),279
day_and_night,259
eye_print,1171
grabbing_own_hair,383
covering_navel,84
polka_dot_sleeves,176
print_sleeves,1583
hands_on_another's_back,932
green_cape,7853
pooka_(odin_sphere),57
kafuu_chino_(cosplay),105
flower_anklet,126
uss_enterprise_(cv-6),66
spoken_character,4443
double_strap_slip,781
double_w,2441
panties_under_bike_shorts,307
angora_rabbit,1254
spoken_flying_sweatdrops,529
ribbon-trimmed_panties,477
godzilla_(cosplay),80
two-handed,4692
hand_on_another's_ass,4609
roman_clothes,614
german_clothes,2664
firing_at_viewer,239
twisted_torso,8749
screen_door,72
skeletal_hand,796
7-string_guitar,108
bright_pupils,108682
minami_kotori_(cosplay),55
bit_(gundam),172
floppy_ears,11876
ribbon-trimmed_bow,500
dual_arm_cannons,159
penis_sheath,244
ribbed_sleeves,2376
neck_corset,64
fur-trimmed_legwear,2894
hoto_cocoa_(cosplay),64
karambit,101
layered_sleeves,34560
breast_contest,490
insect_collection,75
morion,65
pink_slippers,1693
rope_gag,222
clothes_gag,241
mitsubishi_f-2,67
brazuca,61
naked_kappougi,76
black_butterfly,710
purple_border,1298
anglerfish_costume,188
gon-san,261
elemental_(creature),350
roundhouse_kick,59
soap_censor,1723
mole_under_eye,193749
bouncing_testicles,505
polar_opposites,409
ribbon-trimmed_skirt,4194
lying_on_water,1062
yamaha_vino,151
book_on_breasts,69
horned_headwear,4810
inkling,21299
husband_and_husband,584
hand_in_own_hair,39838
hand_gagged,208
hand_on_own_hat,532
rigging,15063
nipple_hair,147
dress_vest,218
long_sideburns,12443
matching_hairstyle,394
thigh_beads,182
checkered_print,64
clenched_butt,82
mackerel_(fish),123
polka_dot_shorts,259
whale_hair_ornament,806
waltz_(dance),253
orel_cruise,133
stuffed_chicken,277
winged_hairband,204
bikini_bottom_lift,205
z_flag,459
mating_press,4665
holding_brush,3332
pen_in_pocket,765
hirano_kouta_(style),50
fake_play_button,90
yellow_wings,3421
plaid_collar,447
leaning_on_broom,57
healer_u_(armor),95
leotard_lift,204
h&k_mark_23,123
height_conscious,374
single_hair_intake,7667
crescent_earrings,5138
sword_of_exorcism,95
sleeveless_kimono,7664
loincloth_lift,154
future_fish,73
crab_claw,352
aircraft_catapult,203
villain_pose,123
namori_(style),129
orange_shoes,4021
happy_meal,106
one_way_sign,88
standing_on_branch,113
axent_wear,312
brown_bow,9913
parting_water,66
inflatable_torpedo,51
taimanin_suit,1507
hood_pull,92
red_bowtie,85930
german_flag_bikini,868
aran_sweater,5070
camouflage_bra,61
camouflage_panties,99
spiked_armlet,3116
umpire,112
pushpin,165
hover_hand,188
moorish_idol,188
pasties_removed,66
camouflage_shorts,473
back_alley_alliance,60
chipmunk_costume,77
anchor_choker,1513
asymmetrical_horns,5975
kira-kira_sensation!,196
gag_around_neck,355
giant_insect,73
oda_eiichirou_(style),177
age_conscious,188
reverse_bikini_armor,60
chevrolet_camaro,78
alternate_height,704
wooden_bucket,3174
stained_clothes,1162
orange_wings,770
sig_mpx,494
ak_5,50
underwear_theft,399
swimsuit_theft,260
food_theft,566
cloth_gag,3824
improvised_gag,8149
solid_circle_pupils,1475
yume_no_tobira,196
raimon_soccer_uniform,1038
golden_spiral,157
grey_hat,12206
tabard_lift,102
shibari_over_clothes,5587
american_flag_print,6453
yen_sign,633
honda_motocompo,160
honda_super_cub,213
pgm_hecate_ii,454
gold_shoes,1246
9a-91,133
garden_of_the_sun,222
grey_nails,2593
implied_ejaculation,312
crossed_bangs,77158
single_fingerless_glove,4715
tied_ears,840
after_paizuri,2877
heart_ring,107
leg_cast,150
wolf_hat,139
camouflage_helmet,56
heart_arms_duo,370
love_wing_bell,171
etherlite,61
hexafusion,58
carro_veloce_cv-33,256
cigarette_candy,70
floor_lamp,223
pink_necktie,9438
wrist_scrunchie,23742
turtleneck_dress,5052
torn_straps,69
ice_cream_on_face,279
head_wreath_removed,69
iroha_(samurai_spirits)_(cosplay),64
flower_skirt,124
larkspur_(flower),64
sweater_around_neck,490
picking_fruit,83
umbrella_stand,186
coronation,73
aqua_hat,2513
daga_kotowaru,73
spring_onion_hair_ornament,107
rei_no_pool,949
yuzuki_yukari_(cosplay),77
spoken_panties,56
heart-shaped_box,8527
kabedon,4213
grenade_pin,971
azalea_(flower),192
myoukou_pose,139
washbowl,389
cloud_print,3334
satin_sheets,82
earth_eleven,306
cherry_stem_knot,68
ponytail_holder,541
diving_mask_on_head,1663
multicolored_pubic_hair,85
pants_lift,322
mars_(planet),248
colored_stripes,641
wonderful_rush,256
dancing_stars_on_me!,163
korekara_no_someday,200
no_brand_girls,175
start:dash!!,98
mikimoto_haruhiko_(style),63
gamecube_controller,197
narutomaki,912
yumi_(bow),864
song_name,5822
print_pants,1004
ammunition_pouch,3288
multicolored_text,68
apple_on_head,324
incoming_food,2971
hair_flaps,48353
toyota_hiace,73
go_(board_game),497
giraffe_ears,602
stuffed_otter,82
removing_headwear,70
utx_school_uniform,139
side_ahoge,2913
b-25_mitchell,58
pouring_onto_pussy,63
stuffed_whale,627
type_56_assault_rifle,76
foam_mustache,130
uniform_number,58
ankle_gun,207
vertical-striped_skirt,3612
natsuiro_egao_de_1_2_jump!,701
sore_wa_bokutachi_no_kiseki,442
bokura_wa_ima_no_naka_de,716
takaramonozu,376
bokura_no_live_kimi_to_no_life,219
happy_maker!,79
music_s.t.a.r.t!!,139
"mogyutto_""love""_de_sekkin_chuu!",482
diamond_princess_no_yuuutsu,56
bishamonten's_spear,893
mini_witch_hat,849
cross_scar,6134
asymmetrical_bikini,113
<|>_<|>,1839
nursing_handjob,1797
wonder_zone,79
headwear_writing,232
waterskiing_(meme),52
people's_liberation_army_air_force,116
people's_liberation_army_navy,89
ugg_boots,99
sardine,181
cutie_panther,161
smartwatch,344
orange_jacket,10350
super_leaf,75
stage_connection,624
filigree,70
conveyor_belt_sushi,157
ancient_greek_clothes,4982
plaid_sleeves,748
fur-trimmed_bikini,956
kikkoumon,823
arrow_in_body,762
weapon_in_garters,571
serie_a,50
symbol_ricochet,68
cinderella_bust,277
single_bare_shoulder,25566
sesame_seeds,374
disembodied_tongue,160
looking_at_breasts,2329
white_java_sparrow,71
bandaid_on_finger,383
sleeping_with_eyes_open,122
ricocheting,144
lace_skirt,57
shirt_over_dress,89
rabbit_on_head,871
elphelt_valentine_(cosplay),57
intertwined_hair,87
orange_bodysuit,4167
fender_precision_bass,429
pet_carrier,62
panties_under_bloomers,59
piss_bottle,63
eevee_ears,210
eevee_tail,152
horosho,232
seal_impression,1123
pink_apron,5523
black_outline,1868
half_lotus_position,110
wrist_flower,875
kagune_(tokyo_ghoul),360
print_bow,4939
plaid_trim,564
mitsubishi_lancer_evolution,124
glasses_day,203
philippine_flag,73
ganbare_ganbare_(itou_life),213
yellow_fur,10067
holding_shield,9286
leopon_(animal),113
cleaning_gun,79
takemoto_izumi_(style),181
human_head,525
stuffed_squirrel,73
hole_in_sock,58
torn_scarf,2253
feather_coat,384
glowing_butterfly,2149
wet_fundoshi,233
white_tiger_print,267
blowing_in_ear,221
type_91_armor-piercing_shell,125
cracked_wall,1789
very_long_tongue,1051
spoken_ellipsis,42506
animal_insertion,51
dazzle_paint,136
transparent_gloves,60
flags_of_all_nations,233
spoken_dollar_sign,85
cargo_net,172
badger_ears,168
polka_dot_gloves,117
bandaged_neck,4891
dog_nose,1233
cherry_earrings,561
portal_(object),1478
record_jacket,164
whale_print,369
bicycle_basket,1170
polish_clothes,88
tied_sleeves,560
suspenders_slip,944
tsurikichi_obasan,53
zooming_out,118
digitigrade,2987
cheating_(competitive),317
mega_stone,702
shiny_forehead,84
mexican_dress,171
wolf_head,82
female_service_cap,1170
camouflage_hat,161
frilled_shorts,3149
strapless_leotard,73474
single_vambrace,483
hearing_aid,268
shark_costume,2161
vertical-striped_shirt,10506
sheep_hood,126
ribbed_gloves,168
transparent_border,837
cum_on_goggles,53
ice_bucket,248
winged_animal,287
mossberg_590,96
hat_writing,169
sideways_hat,1629
yellow_car,333
single_gauntlet,3681
stationary_restraints,3279
multicolored_gloves,3438
hand_on_another's_crotch,634
rain_poncho,232
white_cane,90
striped_cardigan,192
cum_on_headwear,193
clacker,74
nagamaki,56
playboy_bunny_swimsuit,156
nameplate,158
brown_sclera,275
zebra_girl,216
zebra_ears,378
zebra_tail,164
mega_ring,543
angela_balzac_(cosplay),52
ofuda_on_pussy,543
mismatched_sclera,1644
split_theme,1813
su----per_cute,54
v4x,666
new_balance,133
zipper_pull_tab,23968
on_banana,161
vertical-striped_gloves,502
missing_poster,201
shampoo_bottle,959
leotard_removed,69
newhalf_with_newhalf,135
newhalf_with_female,375
too_many_dolls,100
winged_arms,6843
bound_fingers,90
cuffs-to-collar,466
rakugo,52
track_marks,100
dinosaur_girl,245
adjusting_another's_clothes,704
blood_from_eyes,3868
sanshoku_dango,3106
open-chest_sweater,3272
armpit_cutout,2243
bear_paws,453
frilled_choker,12417
fight_cloud,89
panther_pink_(precure),54
tail_mouth,85
blade_catching,83
half-closed_eye,8454
brown_apron,2946
feigning_sleep,247
deep_wound,713
smartphone_case,1050
elbows_on_table,1893
holding_box,8269
red-eye_effect,100
back-print_panties,1307
mutual_tsundere,50
checklist,66
spoiler_(automobile),1679
chawan,76
upright_ahoge,90
coin_on_string,2062
nipple_sleeves,134
piyo_piyo_apron,56
satin_underwear,121
adjusting_another's_hair,605
satin_clothes,75
satin_dress,188
anthurium,156
toyota_sprinter_trueno,245
purple_pants,7444
male_focus,883110
bandaged_head,6169
qawsedrftgyhujikolp,51
radar_dish,237
extended_downblouse,581
mitsubishi_motors,262
leash_pull,1722
taut_leotard,1079
orange_sweater,2258
oblivion_(keyblade),59
actor_connection,143
white_sweater,30123
shaving_crotch,169
bending_backward,127
robot_animal,2221
pubic_tattoo,15189
gear_shift,82
sheep_head,50
stomach_(organ),154
bound_thumbs,62
spoken_interrobang,6103
quadcopter,168
ashiyu,219
videocassette,323
double_thumbs_down,61
astronomical_clock,64
snowflake_earrings,342
kosode,507
tape_on_nipples,904
spider_web_background,129
release_date,432
stuffed_goat,56
wrist_bobbles,102
ace_(playing_card),3534
queen_(playing_card),645
jack_(playing_card),373
joker_(playing_card),822
clown_mask,240
orange_pants,3738
red_ascot,19710
digimoji,304
kasumi_(doa)_(cosplay),57
mole_under_mouth,61404
brown_shorts,16356
yellow_shorts,8211
male_futanari,60
blue_coat,16601
oversized_hat,212
paizuri_while_penetrated,67
polka_dot_scrunchie,1195
blue_jumpsuit,1559
grey_pants,31359
grey_shoes,9135
goggles_around_arm,53
orange_boots,2341
holy_ring,179
naked_boots,173
print_jacket,2649
lace-trimmed_camisole,282
purple_camisole,725
striped_bandana,76
blue_scrunchie,6630
red_bustier,105
red_choker,20628
flower_bra,112
print_bandana,518
too_many_scoops,201
ice_cream_cone_spill,295
ice_cream_cone_on_head,56
irori_(hearth),71
pig_penis,85
black_trim,1416
blue_necktie,59137
spade_earrings,339
pinstripe_hat,365
blackletter,180
pawn_(chess),1028
cake_stand,279
mitarashi_dango,500
tortoiseshell_cat,71
imperial_german_flag,81
waving_flag,107
ankle_scrunchie,333
chocolate_icing,140
black_tea,500
xiangqi,50
chocolate_chip_cookie,773
kite_flying,129
kite_string,56
loaf_of_bread,493
pink_choker,10998
frilled_negligee,115
blue_sarong,1523
print_sarong,967
blue_buruma,8359
green_buruma,526
orange_buruma,175
pink_buruma,519
usui_yoshito_(style),127
stencil_lettering,90
pink_pupils,9731
strawberry_syrup,168
digital_hazard,242
black_bodysuit,38406
yellow_hairband,13189
yellow_bag,4011
black_apron,5306
yellow_bowtie,14172
green_swim_trunks,58
orange_sarong,304
yellow_sweater,10922
small_penis_humiliation,416
au_ra,5798
black_cardigan,5756
herringbone,87
tactile_paving,861
running_bond,508
sugar_bowl,246
half-timbered,168
covered_clitoris,1059
character_hood,871
cat_ear_headphones,8933
whisking,128
aqua_lips,680
purple_armband,761
white_helmet,1313
no_hair_ornament,931
steam_from_mouth,426
hands_on_own_chin,971
green_border,1416
spoken_x,725
balance_scale,969
orange_border,942
sliced_cheese,141
chest_belt,6307
linked_gag,97
green_leotard,5422
basketweave,103
quinzhee,193
snow_shelter,398
green_suit,732
h&k_hk33,60
barley_tea,55
print_towel,198
ribbon-trimmed_shirt,813
box_of_chocolates,2186
down_jacket,1361
carnival_mask,53
dolphin_penis,63
meiji_milk_chocolate,67
front-print_panties,816
hanging_on_arm,128
notched_lapels,14000
peaked_lapels,433
shawl_lapels,270
super_famicom_cartridge,63
orange_scarf,3768
dog_treat,64
no_detached_sleeves,402
fake_ad,207
triangle_print,2117
ribbon_cable,85
imagawayaki,57
gingham_background,203
donkey_tail,89
double_\||/,555
pkp_pecheneg,110
pk_machine_gun,131
angel_french,80
f4f_wildcat,72
pon_de_ring,682
arm_out_of_sleeve,932
sushi_geta,154
nigirizushi,663
pot_on_head,297
slip_showing,253
chocolate_on_clothes,148
drawstring_bag,169
choco_fashion,51
panties_under_shorts,1108
amiibo,87
menpoo,393
arm_on_own_head,783
exposed_brain,438
maple_leaf_print,1308
normin_(tales),188
spoon_hair_ornament,182
fork_hair_ornament,372
carrot_hair_ornament,6634
uchiko,69
holstered,3412
socks_over_thighhighs,338
green_scarf,6897
magatama_earrings,2067
skull_earrings,3004
feather_earrings,4957
stud_earrings,33473
no_earrings,222
ayachi_nene_(cosplay),59
jack-o'-lantern_earrings,347
pentagram_earrings,73
bat_earrings,189
inverted_cross_earrings,270
jack-o'-lantern_hair_ornament,660
lightning_bolt_earrings,400
strawberry_earrings,347
subaru_wrx,65
red_hakama,16325
carrot_earrings,106
heart-shaped_food,8854
torn_boots,354
octoling,9417
blood_trail,381
fish_in_mouth,553
apple_earrings,60
ss_insignia,206
ilya_kuvshinov_(style),133
heart-shaped_gem,1231
green_tongue,791
studded_armlet,179
polka_dot_pajamas,1267
hoof_shoes,202
bag_charm,5389
donkey_girl,124
barcode_tattoo,3519
wainscoting,366
wallpaper_(object),1350
pendulum_clock,188
single_head_wing,1233
character_balloon,178
gradient_skirt,928
chocolate_on_penis,96
holding_strap,7540
lollipop_in_mouth,748
notched_ear,5396
saw_cleaver,409
royale_style_(idolmaster),71
kuji-in,1654
you_work_you_lose,394
hands_on_another's_thighs,1953
curled_horns,21254
flower_swing,146
no_tattoo,153
armpit_onigiri,80
white_one-piece_swimsuit,26493
great_white_shark,56
grabbing_own_thigh,561
stuffed_turtle,130
anchor_earrings,782
moe2015,160
bound_tail,58
kangaroo_girl,71
ikura_(food),500
bandage_on_knee,321
ios_(os),171
dragon_install,73
dango_hair_ornament,193
green_hakama,1850
bioluminescence,371
teddy_bear_hair_ornament,132
breast_size_switch,82
japanese_cylindrical_postbox,212
meiji_schoolgirl_uniform,3623
mousse_(food),134
key_hair_ornament,344
chinese_knot,4834
chasen,83
royal_robe,598
short_necktie,10979
purple_necktie,11775
green_necktie,18149
orange_necktie,7040
spats_(footwear),57
red_rope,6638
purple_hakama,1334
grey_hakama,667
youkai_watch_(object),195
wilted_ahoge,230
blue_hakama,4865
aqua_boots,614
hestia_(danmachi)_(cosplay),547
bra_peek,5982
sitting_in_window,458
striped_skin,323
blue_bowtie,40894
rei_no_himo,3670
mushroom_hair_ornament,143
green_bowtie,12051
disembodied_torso,119
w_over_eye,789
bouncing_penis,649
girly_running,158
french_cruller,317
harukawa_moe_(style),244
threaded_cane,51
brown_sweater,16818
chinese_peony,236
winged_sword,145
color_drain,420
lobster_girl,65
reindeer_hood,170
visible_ears,417
blue_sweater,14257
white_car,533
rouge_the_bat_(cosplay),72
fly_agaric,339
dice_hair_ornament,2089
cutting_onions,63
patting_back,157
hunter_(bloodborne)_(cosplay),76
gingham_dress,273
selfie_stick,969
ribbon_bar,337
torn_kimono,607
hot_plate,53
kiss_day,430
tatsumaki_(cosplay),71
phantom_thief_erichika,97
black_leotard,84206
strawberry_parfait,582
drink_me,71
cutlet,55
fu_manchu_(mustache),62
grey_scarf,3772
yellow_choker,3551
blue_choker,14113
pink_collar,3410
white_hairband,44907
flower_bikini,221
purple_babydoll,298
black_sweater,27439
holly_hair_ornament,1171
horizontal_pupils,5769
standing_on_sword,86
pink_suit,186
glove_bow,1087
card_between_fingers,283
lower_body,6601
candy_cane_hair_ornament,63
pink_scrunchie,5003
black_garter,161
tokkoufuku,163
holding_another's_hair,12859
gingham_skirt,250
framed_insect,324
grey_bow,5034
stuffed_squid,116
shosei,313
pink_garter,50
nopon,448
gear_fourth,78
pink_rope,159
white_rope,844
orange_rope,64
green_rope,96
blue_rope,208
dog_hair_ornament,722
brown_belt,35707
black_rope,196
american_flag_legwear,4423
sharp_sign,555
f-lags_(idolmaster),67
youkai_pad,53
ribbon-trimmed_bloomers,81
snowman_hair_ornament,258
leaning_to_the_side,12252
yellow_rope,108
shoe_box,134
koban_(gold),585
multicolored_scarf,1432
banana_hair_ornament,83
pelvic_curtain,61105
aqua_scarf,871
bridgeless_bra,249
hand_towel,68
hip_vent,16938
military_rank_insignia,682
lunatic_gun,584
mole_on_thigh,6817
keep_calm_and_carry_on,50
print_scrunchie,349
striped_scrunchie,284
amazon_position,1203
in_cage,451
pink_water,80
spider-gwen_(cosplay),83
alpaca_hair_ornament,58
shark_tail,16761
glowing_nails,82
pink_crown,353
star_balloon,828
bust_(sculpture),323
quiet_(metal_gear)_(cosplay),59
floating_clothes,10150
multicolored_bow,3049
ace_of_clubs,480
sports_bra_lift,1236
planted_umbrella,657
satin_panties,1152
panty_straps,5269
esp_guitars,132
aestus_domus_aurea,54
plaid_scrunchie,130
ice_cream_cup,680
stuffed_koala,76
occult_ball,201
purple_suit,617
italian_flag_bikini,72
pontiac,71
braided_bun,13246
imminent_cunnilingus,290
purple_fur,3292
public_indecency,15484
foot_on_breast,92
pendant_watch,901
yellow_pupils,6956
watermelon_hair_ornament,400
bloody_handprints,263
nagatekkou,364
slouch_hat,51
mouthpiece,83
lace-trimmed_choker,2006
floating_weapon,2069
tentacle_tongue,97
sitting_on_fence,252
zui_zui_dance,208
dinosaur_boy,300
rabbits_(ensemble_stars!),51
imminent_paizuri,413
aqua_necktie,15670
text_messaging,1626
boarded_windows,96
lime_slice,926
holding_bucket,2450
depth_charge_projector,84
hand_on_another's_arm,7610
twintails_day,835
wing_hair_ornament,8830
on_fence,93
bell-bottoms,749
chipped_tooth,162
dead_animal,599
forked_eyebrows,7222
tenor_saxophone,50
hands_on_own_knees,8181
embroidery_hoop,65
red_carnation,228
outfit_connection,107
stuffed_wolf,242
black_bowtie,50572
polka_dot_bowtie,812
white_bowtie,16094
grey_necktie,4142
orange_bowtie,6888
climbing_ladder,296
lace-trimmed_garter_belt,467
swimwear_(module),150
underbite,90
vertical-striped_shorts,1579
facing_another,15345
pink_bowtie,19385
transparent_flower,98
bubble_print,101
quimbaya_airplane,357
broken_helmet,265
attempted_suicide,134
color_switch,307
anal_object_insertion,16096
vaginal_object_insertion,13401
tapping_foot,72
okosama_lunch,110
lace-trimmed_umbrella,82
candy_print,135
print_necktie,1530
broken_arrow,91
brown_necktie,4115
torn_sarashi,58
armor_girls_project,51
fiery_aura,110
purple_shorts,6015
padlocked_collar,851
totoro_bus_stop,205
hands_on_another's_knees,313
operation_crossroads,102
lowered_eyelids,269
too_many_chicks,151
hands_on_own_neck,287
shinkon_santaku,459
a_grim_reminder,62
string_of_flags,4430
dangling_eye,131
jagged_sword,94
tasouken,111
sylveon_(cosplay),92
face_shield,393
raised_curb,107
stone_walkway,699
hands_on_own_knee,610
torn_sports_bra,114
black_horns,41382
in_basket,292
bandaid_on_cheek,8205
yoga_mat,525
latin_cross,5665
cross_patty,134
greek_cross,765
drum_bath,116
nue_day,97
holding_boots,443
wrists_extended,310
flag_background,1266
stuffed_deer,55
gesugao,956
old_school_swimsuit,8033
wrist_extended,168
shared_veil,71
ke-ta_(style),144
sunny_day_song,157
meat_day,169
poi_(goldfish_scoop),276
shared_object_insertion,1013
brown_nails,1912
otamatone,53
fox_hair_ornament,899
fangs_out,3140
print_pillow,308
skylight,335
blaster_(splatoon),101
inkbrush_(splatoon),343
splash-o-matic_(splatoon),154
e-liter_3k_(splatoon),146
hero_charger_(splatoon),82
taguel,152
jet_squelcher_(splatoon),50
cutting_mat,155
print_background,111
gustav_klimt_(style),87
repair_bucket,258
tit_(bird),735
pink_vest,3753
ferris_wheel_interior,346
lactation_through_clothes,1715
rainbow_flag,394
holding_jewelry,2060
wall_lamp,838
blowing_whistle,443
bikini_day,634
torn_hair_ribbon,67
stuffed_dinosaur,409
antarctica,51
brownie_(food),84
chimera_ant,68
stylish_energy_(module),51
kotori_photobomb,227
winchester_model_1887,232
tapir_ears,1109
tapir_tail,1848
pink_fur,4446
rocket_engine,55
head_on_knees,232
virgin_killer_outfit,1047
mosaic_background,300
armrest,145
new_school_swimsuit,1843
oral_invitation,2229
hamster_hood,64
yuna_(ff10)_(cosplay),61
ukrainian_clothes,122
aqua_border,334
bollard,219
seal_(animal),1445
apple_hair_ornament,424
wrist_bow,2391
too_many_dogs,85
in_bubble,226
full-body_blush,160
gradient_bikini,299
four-leaf_clover_hair_ornament,1628
fake_hair_bun,216
brown_armor,236
purple_armor,1358
skull_ornament,1811
asymmetrical_mask,70
covered_anus,868
ichininmae_no_lady,337
corona_(brand),77
underwear_around_one_leg,165
torn_apron,165
implied_anilingus,79
stuffed_monkey,110
golden_rose,429
purple_vest,7184
overhead_door,60
sukajan,1795
yellow_sash,4724
tuxedo_shirt,340
abbreviated_karakusa,386
black_corset,8804
black_umbrella,2213
red_capelet,14327
plague_doctor_mask,781
frog_hood,330
artist_painter,99
brown_vest,12338
implied_yaoi,2885
purple_bowtie,14984
sarong_lift,314
mirror_selfie,3488
glowing_tail,240
hair_vines,1648
fur-trimmed_kimono,3047
loincloth_aside,154
straw_(stalk),250
jingle_bell_earrings,243
diamond_hair_ornament,1986
ribbon-trimmed_shorts,201
holding_axe,8198
diamond_earrings,1293
sekai_wo_kakumei_suru_chikara_wo,143
skull-shaped_pupils,91
arcade_(architecture),153
nissan_silvia,271
glowing_horns,1590
adjusting_hair_ornament,134
cracked_floor,1310
stuffed_elephant,79
holding_own_hair,15938
steaming_body,31946
renault_ft,108
folding_clothes,89
striped_vest,1357
vertical-striped_vest,771
red_sleeves,9961
metal_bracelet,101
nejiri_hachimaki,1268
bokutachi_wa_hitotsu_no_hikari,223
multicolored_necktie,817
angelic_angel,163
purple_coat,7280
cow_mask,64
morito_(sidonia_no_kishi),70
red_apron,2750
penguin_chick,293
safeguard_(blame!),134
fur-trimmed_jacket,31501
fur-trimmed_sleeves,14720
fur-trimmed_waist_cape,66
o-ring_choker,8429
fur-trimmed_coat,19182
tesla_(company),52
multiple_moles,9025
hurricane_glass,347
layered_bikini,5347
pineapple_slice,318
shell_hair_ornament,1608
triangle-shaped_pupils,803
layered_swimsuit,155
group_name,2569
blood_on_tongue,102
crown_braid,28400
green_belt,2191
ambiguous_red_liquid,1081
ass_visible_through_thighs,102322
argyle_necktie,128
holding_bowl,9065
american_flag_shirt,642
orange_flower,11869
earth_(ornament),2083
moon_(ornament),2274
brown_border,2020
holding_above_head,832
print_innertube,337
ghost_hair_ornament,1064
tied_to_chair,674
flipped_bangs,767
light_reflection_(water),93
argyle_sweater_vest,235
cherry_hair_ornament,1874
print_cup,84
camouflage_bag,79
numbered_flag,155
arm_armor,3110
finger_cannon,213
palm_tree_print,97
heart_cheeks,144
center_frills,29358
american_flag_panties,124
platform_truck,121
serving_cart,173
bunny_day,2188
wet_floor_sign,131
deviantart_username,4028
pullcart,297
pushcart,195
vending_cart,158
energy_tail,75
green_shorts,13892
plaid_pillow,214
green_bandana,1255
blindfold_lift,430
la_black_luna,60
hexapod,55
holding_golf_club,431
neck_pillow,211
bright_background,119
year_of_the_tiger,3296
paralyzer,895
mini_flag,477
print_bag,191
american_flag_dress,4187
fur-trimmed_gloves,14136
red_jumpsuit,682
clownpiece_(cosplay),84
print_belt,54
multicolored_cape,1510
double_exposure,833
blue_nipples,760
cake_slice,10335
purple_sweater,4880
kissing_foot,155
finger_touching,232
blood_on_feet,335
ankle_flower,386
yonic_symbol,217
hand_on_another's_foot,172
ice_floe,67
too_many_drills,93
bridal_legwear,1594
sitting_on_piano,51
applying_sunscreen,419
bandaid_on_arm,4675
takeout_container,181
night_battle_idiot,276
hecatia_lapislazuli_(cosplay),262
champagne_flute,3992
piercing_pull,318
nintendo_64_controller,172
movie_reference,186
soles_together,80
venom_snake_(cosplay),52
bird_skull,130
propeller_hair_ornament,822
scissors_hair_ornament,279
kimi_no_kokoro_wa_kagayaiteru_kai?,182
shrug_(clothing),32656
pubic_hair_peek,7135
imminent_hand_holding,197
spiked_gauntlets,676
round_teeth,18960
ignite_module,114
bell_sleeves,515
short_jumpsuit,2025
multiple_vaginal,421
hand_on_own_wrist,596
cream_on_body,483
heart_belt,838
toe_claws,127
grape_hair_ornament,828
grey_fur,6184
mole_on_pussy,940
impact_(font),433
crab_on_shoulder,108
holding_oar,436
hands_on_own_thighs,4019
pillion,87
riding_bicycle,1580
implied_orgasm,92
playstation_vr,121
tying_apron,346
exposed_pocket,1764
holding_shower_head,807
playing_with_another's_ears,97
side-tie_leotard,3235
shared_handcuffs,135
argyle_cutout,746
feather_print,137
shroud_of_magdalene,444
black_gothic_dress_(idolmaster),272
mouth_submerged,107
torn_sack,86
elbow_on_table,1215
loose_bowtie,3429
finger_frame_duo,51
expressive_tail,475
scar_across_eyes,119
anchor_print,2006
side_drill,2032
holding_paintbrush,5817
hand_on_railing,1167
video_call,493
gumball_machine,129
frilled_boots,374
ipod_classic,94
sheeeh!,111
elevated_highway,75
tibetan_clothes,102
orange_print,312
arm_tattoo,30900
stomach_tattoo,7793
halo_removed,67
watson_cross,4552
holding_staff,38590
hand_in_another's_panties,954
cross_print,3150
amazake_(drink),120
gold_osmanthus,514
vibrator_cord,2299
garden_eel,92
king_of_spades,211
crime_prevention_buzzer,2177
broken_fence,110
red_belt,8646
fishnet_fabric,276
blood_censor,152
asymmetrical_sleeves,9659
shoe_strap,100
sitting_on_box,481
red_bag,5265
shaka_sign,436
foot_hair,99
waders,53
futanari_pov,964
mexican_clothes,235
polka_dot_necktie,439
pointing_at_another,3311
against_locker,144
gold_skin,261
print_bodysuit,564
spinning_wheel,81
arms_on_table,850
pushing_bicycle,308
green_coat,6874
white_vest,9458
moon_print,450
pumpkin_print,128
knighting,60
vent_(object),398
gold_panties,196
sprue,165
finger_marks,72
cum_on_mask,92
wolf_pelt,327
blood_on_wall,918
ankle_bell,429
x_hair_ornament,90163
fur_gloves,292
heart_lock_(kantai_collection),944
boobplate,2293
print_robe,113
pumpkin_earrings,62
blood_on_ground,1975
skull_collar,373
holding_pumpkin,653
sternritter,152
f-16_fighting_falcon,115
wooden_ceiling,495
digimon_crest,102
hands_on_floor,788
ghost_print,597
wave_print,552
ishikawa_prefecture,136
mg_mg,254
animal_on_chest,183
purple_hairband,8475
yellow_scrunchie,4548
fur_scarf,4494
spiked_hood,75
male_spitroast,179
holding_skull,1653
minnie_mouse_ears,239
patterned_clothing,4891
hand_to_blade,416
glowing_mushroom,98
print_cape,472
kayari_buta,545
on_ceiling,74
brown_sky,364
seal_script,187
logo_parody,1637
display_case,514
cut-away,53
camouflage_hoodie,70
hair_elastic,67
bone_hair_ornament,5893
purple_liquid,183
midriff_peek,24611
paint_gun,77
checkered_sleeves,153
cropped_hoodie,3754
vertical-striped_sweater,265
fishnet_top,4016
short_messy_bangs,53
implied_paizuri,719
taut_jacket,88
parking_garage,99
blood_on_chest,1116
gasterblaster,154
teardrop-framed_glasses,581
suspenders_gap,457
ecchuu_fundoshi,62
beer_keg,88
bandaged_knees,142
holding_branch,1924
grepa_berry,50
bluk_berry,77
tanghulu,688
blue_feathers,2749
hydra_splatling_(splatoon),194
side-tie_shirt,942
power_tool,115
holding_jug,296
ii_fuufu_no_hi,109
wheel_o_feet,223
siamese_fighting_fish,133
wavy_eyebrows,341
double_ok_sign,170
djeeta_(granblue_fantasy)_(cosplay),62
bandaged_hand,9313
snowman_print,112
cotton_(plant),113
red_ginger_(flower),53
chanchanko_(clothes),264
hanten_(clothes),1675
edelweiss_(flower),83
bird_hood,136
shell_earrings,671
oversized_flower,563
dotera_(clothes),193
licking_shoulder,84
stage_curtains,885
rope_around_neck,422
lunar_tear,361
cross-laced_panties,112
sliced_meat,142
chinese_spoon,204
cutting_own_hair,625
stuffed_carrot,435
fur-trimmed_boots,9912
plumeria,959
embroidered,65
blue_halo,42044
bmw_m3,79
facial_recognition,182
kaga_cape,79
knights_(ensemble_stars!),52
hot_limit,221
purple_nipples,451
holding_lantern,4933
bt-42,200
strappy_heels,5100
argyle_dress,540
fleur_de_lapin_uniform,1163
rabbit_house_uniform,2057
ama_usa_an_uniform,457
creamer_packet,62
animal_around_neck,916
pussy_focus,826
behind_another,4147
rabbit_print,4410
orange_vest,2445
leggings_pull,189
holding_clover,242
yellow_feathers,2330
sunflower_print,503
snowman_costume,82
scraped_knee,287
opened_by_self,1665
face_cutout,55
wing_umbrella,75
transparent_sword,63
transparent_weapon,113
straw_cape,62
holding_arrow,4875
holding_gloves,495
footjob_over_clothes,447
spoken_money,71
butterfly_necklace,462
looking_at_ass,228
holding_basket,5917
fellatio_gesture,4469
black_sleeves,45743
unicorn_horn,461
black_hakama,4544
michiyuki,53
yellow_blood,489
stanchion,174
american_flag_skirt,117
broken_door,165
yellow_hakama,121
roningasa,52
white_hakama,834
ski_boots,76
brown_hakama,656
hands_on_own_feet,213
stuffed_gag,139
yin_yang_earrings,165
holding_torpedo,653
metal_collar,8311
tongue_scarf,131
aqua_shorts,1193
rapeseed_blossoms,329
butterfly_earrings,1084
angel's_trumpet,89
striped_camisole,414
pink_outline,1445
four-leaf_clover_necklace,103
awakening_(sennen_sensou_aigis),300
ink_on_face,206
pineapple_hair_ornament,62
heart_pendant,1679
polka_dot_shadow,56
orange_apron,1015
blue_apron,4928
on_motorcycle,2365
open_box,578
cat_bag,1517
yellow_vest,4617
holding_doll,6139
holding_letter,2025
hat_pin,595
grey_border,4511
dragon_hood,71
striped_apron,351
striped_jacket,8651
snowflake_background,1311
peeing_in_bottle,96
penetration_through_clothes,369
chengdu_j-20,87
pixel_heart,847
holding_dagger,7068
egg_hair_ornament,1735
snow_on_body,165
multicolored_flower,1269
holding_behind_back,5475
half_mask,2055
skeleton_print,1377
holding_heart,1516
holding_mirror,1507
bamboo_print,393
collared_vest,2778
leaf_skirt,164
leg_wings,225
wing_ornament,2656
spring_onion_print,84
implied_handjob,446
green_pupils,2353
holding_coin,1696
snow_print,65
foodgasm,439
ribbon-trimmed_dress,2232
mankai,54
partially_unzipped,9826
very_long_ears,740
leaning_on_object,3503
holding_syringe,4949
blanket_grab,117
removing_mask,371
holding_bone,607
drawn_flower,56
paper_background,229
weapon_on_back,12985
rokushaku_fundoshi,69
fishnet_panties,101
pig_print,59
shuriken_hair_ornament,651
pink_hakama,1310
comfy,84
bone_print,613
year_connection,103
unconventional_vibrator,59
multiple_wielding,157
oppai_mochi,354
knee_spikes,166
year_of_the_monkey,268
wooden_door,595
detached_hood,1090
drill_hand,408
holding_cigarette,13639
ass_support,1784
mochitsuki,523
colored_teeth,1057
pedestrian_lights,250
cookie_jar,97
spiked_shell,2157
forte_(symbol),111
glove_in_mouth,618
severed_ear,63
dog_lead,73
mushroom_print,251
holding_whip,3652
glowing_veins,111
food_between_breasts,612
standing_on_chair,186
plaid_pajamas,100
plate_stack,493
holding_wand,12334
one-shoulder_tunic,50
ketchup_bottle,1258
yellow_coat,3781
green_feathers,1475
itabag,250
apron_hold,428
f-14_tomcat,206
f-15_eagle,263
f-18_hornet,86
f-22_raptor,183
f-35_lightning_ii,130
tbf_avenger,63
tiger_(p),93
frenulum_piercing,173
b-29_superfortress,50
b-52_stratofortress,70
on_box,809
battlement,128
mole_on_shoulder,988
lemur_tail,109
metal_belt,447
facing_down,1332
implied_object_insertion,136
goat_legs,123
pumpkin_on_head,191
fatherly,279
tooth_earrings,857
american_flag_pants,207
chiappa_rhino,76
kantele,581
finger_to_another's_cheek,267
holding_bomb,410
flying_train,51
wooden_deck,94
waist_bag,416
hairstyle_connection,513
trumpet_creeper,172
bat_background,67
wet_face,857
fourragere,156
fake_magazine_cover,1781
missing_finger,123
tri_drills,148
wrist_wings,142
armored_animal,143
creature_on_shoulder,974
bandaid_on_shoulder,731
peking_opera,54
clover_earrings,279
sword_to_throat,96
climbing_wall,95
qi_lolita,916
mismatched_earrings,1411
on_blanket,194
candy_hair_ornament,2432
lemon_earrings,226
cake_hair_ornament,310
cookie_hair_ornament,115
lemon_hair_ornament,611
orange_hair_ornament,386
macaron_hair_ornament,312
peach_hair_ornament,459
blueberry_hair_ornament,113
artist_self-reference,565
holding_balloon,3458
raspberry_hair_ornament,65
cropped_torso,55443
holding_cigar,719
aran_legwear,119
broken_pillar,350
red_leotard,17507
animal_bag,3327
in_trunk,100
thigh_bow,724
igote,908
clover_hair_ornament,4515
chocolate_cigarette,63
ink_wash_painting,611
blue_kimono,30405
red_fur,4606
print_hakama,244
implied_footjob,124
paper_on_head,924
spoken_zzz,912
stargazy_pie,114
panties_around_toe,91
chihaya_(clothing),1153
brown_bowtie,2963
clock_print,109
crystal_earrings,1945
surgeonfish,258
brown_feathers,956
mask_around_neck,2583
mtu_virus,942
cat_cutout,6077
holding_menu,987
wing_print,468
musical_note_hair_ornament,7913
blue_robe,3314
cat_lingerie,6248
orange_shorts,5340
butterfly_choker,413
standing_on_box,117
donut_hair_ornament,171
black_tears,293
animal_cutout,162
cross_cutout,153
studded_jacket,301
bandaid_on_forehead,1722
cat_ear_panties,3496
butterfly_on_hair,80
hat_bobbles,172
grey_bowtie,1631
animal_band_panties,56
soup_ladle,238
wipers,89
cat_earrings,250
maboroshi_no_ginzuishou,235
polka_dot_trim,207
go_back!,312
implied_vibrator,295
starfish_hair_ornament,1182
elbow_on_arm,115
fur_shirt,113
bread_bun,436
moe2016,129
marlin_(fish),77
rakuyo_(bloodborne),291
horse_print,176
awestruck,316
hand_on_another's_ear,1459
glass_writing,634
hair_fruit,60
stilt_house,53
jeep_wrangler,57
ribs_(food),57
sword_between_breasts,220
back_ribbon,630
champagne_bottle,783
mesugaki,2945
bucket_of_chicken,212
synergetic_suit,54
ass_focus,35214
ghost_mask,58
paw_hair_ornament,706
scarf_on_head,210
variable_fighter,938
walkure_(macross_delta),269
giraffe_print,393
pavilion,65
black_hands,1868
cargo_aircraft,56
cross_brooch,108
yellow_lips,680
squidbeak_splatoon,1177
bandana_around_neck,1867
face_jewel,406
aqua_wings,598
eighth_note,23997
shuriken_print,73
back_fin,153
skirt_rolled_up,212
bibi_(love_live!),144
printemps_(love_live!),69
lily_white_(love_live!),104
implied_bondage,111
star_and_crescent,171
portable_stove,455
falling_feathers,4155
against_bed,87
against_table,379
shoulder_sash,2147
fine_fabric_emphasis,3332
gold_buttons,865
high_belt,1105
from_outside,1801
against_object,62
frame_(idolmaster),75
lenny_face,69
walking_on_liquid,1055
standing_on_liquid,3164
oppai_hoodie,64
weapon_rack,62
hands_on_own_ass,2410
holding_cake,1754
borrowed_design,1911
white_gakuran,181
blue_gakuran,191
ass_zipper,65
blood_on_arm,2578
mid-stride,193
frilled_square_(idolmaster),63
shorts_under_shorts,500
american_flag_background,92
torn_veil,95
make_america_great_again,75
grey_shorts,16627
megumin_(cosplay),307
year_of_the_rat,1328
foot_dangle,802
on_railing,1477
breasts_on_shoulders,63
minus_sign,85
aqua_(konosuba)_(cosplay),76
sewing_pin,441
star_pin,239
green_flower,3047
yellow_ascot,28971
sukiya,54
biting_arm,140
red_goggles,357
purple_mask,368
blackjack_table,57
umbrella_hair_ornament,132
vanity_table,439
naked_bowtie,188
lattice,1768
ironwork,249
takoyaki_pan,62
torn_bow,284
frilled_vest,804
balancing_on_finger,65
grey_coat,10463
under_shot,284
crescent_hat_ornament,12124
koi_ni_naritai_aquarium,207
boater_hat,1702
holding_another's_leg,2018
koopalings,50
cat_ear_bikini,105
instruction_manual,68
string_lights,120
grey_vest,10270
in_pot,188
gingham_shirt,182
mouse_hood,77
zipper_panties,162
frilled_capelet,4645
armpit_peek,7306
banana_print,98
pendant_removed,60
shared_shirt,50
lemur_ears,115
blue_helmet,2395
larger_female,58
ribbed_swimsuit,303
chimame-tai,322
medium_tank,107
covering_another's_eyes,1334
tsunokakushi,92
ribbon-trimmed_socks,665
grey_cat,1389
bandaid_on_ass,180
holding_star,702
onigiri_print,637
hand_over_another's_eyes,121
pentagram_cutout,62
tank_helmet,589
writing_on_wall,218
not_for_sale,153
collared_dress,38083
judy_hopps_(cosplay),68
nick_wilde_(cosplay),59
spoken_number,321
spear_of_cassius,140
writing_on_ass,86
woollen_cap,225
frilled_umbrella,1265
book_holster,444
standing_on_torii,86
sun_print,686
purple_scrunchie,2411
phantom_thief,500
arm_snake,60
purple_aura,64
wide_brim,1038
flower_button,146
patting_lap,267
undone_neckerchief,651
striped_neckerchief,788
grey_cape,2043
hooded_vest,1499
armored_corset,140
wet_jacket,203
brown_cape,4917
broken_horns,108
neckwear_grab,3874
antenna_mast,105
padded_coat,451
kokorowatari,136
frilled_jacket,1883
head_flag,114
riding_animal,879
mole_above_mouth,1972
star_power_stick,53
pipe_in_mouth,655
batting_stance,546
flaming_horns,74
holding_whistle,849
baker_at_bat,61
pilot_helmet,624
storm_drain,150
dolphin_print,85
holding_fish,1415
height_mark,414
bow_earrings,3456
checkered_bowtie,345
kiss_from_behind,99
chest_protector,222
yellow_teeth,880
holding_stick,4023
bandaged_ear,204
boko_(girls_und_panzer)_(cosplay),154
micro_uzi,138
camouflage_background,53
ribbon-trimmed_vest,162
bandaid_on_neck,1172
duck_hood,60
dinosaur_print,68
watermelon_beachball,251
blue_bag,4835
pickup_truck,874
bear_bag,352
hockey_sweater,54
peach_print,127
fireworks_print,135
mallet_(instrument),82
pink_nose,497
natural_sign,138
flat_sign,383
red_hairband,30983
cum_on_eyewear,1056
wharf,69
star_hat_ornament,11658
holding_wallet,559
mouse_hair_ornament,56
spiked_wings,276
bra_over_clothes,251
rem_(re:zero)_(cosplay),239
orange_lips,577
sunflower_petals,114
fox_hood,203
flower_censor,250
male_swimwear,11153
genderswap_(mtf),40689
genderswap_(ftm),11021
argyle_bowtie,73
argyle_bow,322
red_feathers,1858
covered_penis,2280
cleaning_rag,887
taking_notes,75
white_hood,3082
shibafu_(glock23)_(style),140
black_robe,8350
animal_between_breasts,244
nimble_fabric,88
akatsuki_(ensemble_stars!),58
creature_on_hand,68
lock_earrings,78
emilia_(re:zero)_(cosplay),78
vertical-striped_apron,172
bandaid_on_hand,2979
holding_envelope,2365
holding_binoculars,967
glowing_earrings,332
orange_umbrella,218
bandaid_on_foot,251
watanabe_akio_(style),80
torn_hakama,147
twinkle_star_(idolmaster),73
ram_(re:zero)_(cosplay),74
wet_pavement,72
octobrush_(splatoon),148
splattershot_pro_(splatoon),125
n-zap_(splatoon),272
range_blaster_(splatoon),107
squiffer_(splatoon),110
flipping_food,297
aerospray_(splatoon),97
splattershot_(splatoon),1206
ink_tank_(splatoon),1627
.52_gal_(splatoon),141
.96_gal_(splatoon),95
sploosh-o-matic_(splatoon),115
luna_blaster_(splatoon),164
rapid_blaster_(splatoon),51
carbon_roller_(splatoon),113
dynamo_roller_(splatoon),289
splat_roller_(splatoon),412
bamboozler_14_(splatoon),72
splat_charger_(splatoon),323
slosher_(splatoon),164
sloshing_machine_(splatoon),90
tri-slosher_(splatoon),94
heavy_splatling_(splatoon),227
burst_bomb_(splatoon),139
splat_bomb_(splatoon),281
suction_bomb_(splatoon),100
s&w_m&p,260
mini_splatling_(splatoon),67
lemon_print,677
himura_kiseki_(style),153
holding_blade,111
anchor_ornament,1014
stuffed_crab,69
holding_scissors,3678
plaid_bag,50
no_scarf,222
red_helmet,2154
falling_petals,32299
grey_lips,613
feather_dress,691
censored_anus,296
telnyashka,246
green_kimono,12124
sparring,55
fish_earrings,104
thermostat,85
partially_immersed,276
argyle_sleeves,195
standing_double_penetration,280
kimi_to_boku_no_mirai,193
pants_under_shorts,490
d.va_(overwatch)_(cosplay),126
internet_cafe,57
tracer_(overwatch)_(cosplay),59
yellow_tongue,570
purple_apron,956
orange_hakama,98
tabby_cat,672
burnt_hair,58
orange_fur,4544
thorn_print,119
bandaid_on_stomach,482
bandaid_on_tail,88
shiroshouzoku,252
blunt_ends,35747
gem_on_head,59
checkered_blanket,192
shitty_admiral_(phrase),555
pink_horns,1924
blurry_foreground,35011
aqua_pubic_hair,200
hole_in_ceiling,61
brown_pubic_hair,888
watercraft,15826
white_choker,21538
butterfly_background,133
armored_collar,81
honeycomb_print,126
middle_eastern_architecture,238
malasada,189
thigh_cuffs,64
shopping_district,129
crescent_rose,747
sitting_on_hair,99
burnt_food,322
battle_chip,53
personal_terminal,95
pink_umbrella,1522
character_pin,141
undone_bowtie,471
mechanical_horns,4397
mechanical_tentacles,327
wooden_shield,242
lillie_(pokemon)_(cosplay),89
chocolate_on_legs,184
plant_hair,807
purple_umbrella,4542
yellow_cape,2771
upswept_hair,51
aqua_bowtie,7019
funeral_kimono,86
hajimete_no_otsukai,71
mercy_(overwatch)_(cosplay),57
anchor_necklace,1640
spider_tattoo,424
frilled_bag,55
superhero_landing,239
polka_dot_umbrella,207
holding_donut,881
plackart,712
granblue_fantasy_(style),133
pineapple_print,195
brown_lips,1240
huge_claws,95
digitama,85
breasts_day,577
covered_horns,57
lipps_(idolmaster),318
bath_yukata,2686
koishi_day,1345
tomato_hair_ornament,50
tumblr_username,2008
snapchat,595
shark_hood,3129
blue_leotard,26868
pinafore_dress,27271
multi-strapped_panties,1415
fox_boy,7799
pink_pajamas,3971
welding_goggles,58
striped_kimono,2870
red-framed_eyewear,37200
purple-framed_eyewear,1580
white-framed_eyewear,4993
blue-framed_eyewear,4926
green-framed_eyewear,2715
brown-framed_eyewear,3140
yellow-framed_eyewear,5196
black-framed_eyewear,45014
pink-framed_eyewear,4227
frilled_innertube,194
bakunetsu_god_finger,54
yellow_umbrella,825
valkyrie_(ensemble_stars!),242
meka_(overwatch),793
black_ascot,10067
green_umbrella,589
excessive_pubic_hair,2938
paizuri_invitation,900
yellow_kimono,6168
implied_vaginal,69
instagram_username,4278
panties_over_bodysuit,76
wet_hat,55
grid_background,9630
lime_hair_ornament,131
polka_dot_pants,149
cheri_berry,183
terrier_(dog),113
rapid_punches,217
food-themed_hair_ornament,23827
ribbed_bodysuit,1683
covered_collarbone,9619
pink_pillow,346
penguin_print,56
school_of_fish,856
blood_on_shoes,218
grey-framed_eyewear,4330
hand_on_own_crotch,1112
hat_loss,516
omnic,164
takahashi_kazuki_(style),115
undone_bra,648
bralines,973
spiked_tail,2419
lupinus_(flower),58
crab_hair_ornament,115
open_cleavage,58
frilled_armband,1220
polka_dot_innertube,235
guilty_kiss_(love_live!),81
purple_pansy,160
food_with_face,72
aozora_jumping_heart,131
white_dog,875
toy_tank,56
monkey_boy,1218
nose_pads,266
katano_sukune's_bottle_opener,71
aqua_leotard,1285
red_robe,1962
mizutsune_(armor),54
island_turtle,53
aqua_socks,541
stuffed_hedgehog,66
snap-fit_buckle,2608
natsuki_subaru_(cosplay),93
extra_faces,1278
opening_window,50
n1k,51
a7m_reppuu,60
ki-43_hayabusa,52
gambol_shroud,241
beer_glass,125
holding_chopsticks,14020
rabbit_hair_ornament,17726
dream_soul,950
lion_hood,62
hair_flowing_over,6071
dao_fu,86
wrapping_paper,56
stellated_octahedron,420
tree_bark,53
weibo_username,1180
radar_chart,122
against_vehicle,84
untied_bikini_bottom,610
crescent_print,2847
vomiting_rainbows,290
single_knee_boot,745
multicolored_pants,724
camouflage_shirt,869
google_play,73
pink_eyeshadow,4735
blue_ascot,8569
hat_belt,1326
stenciled_rose,363
mackintosh_rose,107
glowing_tattoo,1776
play_of_the_game,67
female_protagonist_(pokemon_go)_(cosplay),119
snake_earrings,1288
gold_ribbon,256
sleeve_pushed_up,57
kissing_breast,109
praetor_suit,274
bruise_on_face,3145
torn_belt,76
polka_dot_kimono,191
striped_umbrella,93
butterfly_on_shoulder,120
on_liquid,137
poke_ball_hair_ornament,92
thighhigh_gaiters,168
arthropod,67
beaver_tail,281
hair_on_horn,2934
dab_(dance),182
riyo_(lyomsnpmp)_(style),1063
ears_visible_through_hair,1404
dice_earrings,136
z-ring,975
paw_cutout,76
black_buruma,3218
purple_leotard,8823
food_on_hair,202
stuffed_orca,323
print_sash,420
whale_ornament,66
monsterification,4061
wet_tail,76
holding_egg,1102
constellation_print,3490
wet_bikini,171
white_buruma,155
shoulder_necklace,62
holding_own_wrist,777
fur-trimmed_leotard,1042
fur-trimmed_choker,272
mechanical_boots,325
landolt_c,92
high-visibility_vest,948
finger_between_breasts,52
mimikyu_(cosplay),149
brushing_tail,176
firework_background,119
scratching_ass,65
team_skull,780
razz_berry,96
aqua-framed_eyewear,614
cat_loaf,187
duck_print,150
fff_threesome,2198
mmm_threesome,1274
mmf_threesome,15210
ffm_threesome,14570
gradient_shirt,335
globus_cruciger,301
scratching_neck,71
open_hatch,177
camouflage_jacket,2343
super_affection,58
black_hoodie,23042
diffraction_spikes,5402
silver_shoes,268
alpaca_ears,1323
alpaca_tail,516
uterus_pose,110
color_variation,167
public_urination,125
lace_hairband,246
lightning_bolt_necklace,69
animal_earmuffs,134
silver_boots,72
nakai_(waitress),343
covered_pussy,862
lifebuoy_hair_ornament,679
alternate_wing_color,98
phone_with_ears,335
gradient_ribbon,784
drink_can,14422
floating_sword,768
paw_panties,58
holding_scroll,1609
yuiazu_(unit),56
saishi,299
brain_injection,326
maetenkan,50
upside-down_text,82
speech_bubble_censor,114
libra_(zodiac),122
sign_around_neck,557
time_signature,63
refrigerator_interior,235
swallowtail_butterfly,126
pikachu_hood,54
towel_tug,62
in_cell,200
holding_bars,64
barred_window,237
flower_on_mouth,56
tied_to_stake,100
penis_in_swimsuit,60
white_mouth,1907
tied_jumpsuit,60
jumpsuit_pull,87
applying_gag,144
muffled,381
napkin_holder,122
holding_stylus,2549
minifridge,60
hands_on_another's_arms,491
character_costume,81
plant_sex,59
wiggling_toes,446
naan_bread,61
super_saiyan_rose,272
outseal,176
arm_scrunchie,541
tail_scrunchie,66
blood_type,127
holding_instrument,23295
saliva_pool,130
tail_garter,58
folded_twintails,555
ribbed_panties,470
no_apron,55
height_switch,58
goggles_on_headwear,6504
vertical-striped_kimono,1336
mijuku_dreamer,62
crown_print,264
flaming_weapon,2097
laevatein_(tail),268
peeing_on_viewer,76
siegfried_(sword),71
lace-trimmed_shorts,152
five_of_clubs,128
six_of_spades,101
seven_of_diamonds,125
alphabet_blocks,53
holding_hood,56
black_choker,203662
skull_belt,634
animal_on_ass,70
on_flower,412
string_choker,152
marine_day,202
purple_choker,6621
clover_print,2491
aether_foundation_employee_(cosplay),51
ofuda_on_clothes,3701
shadow_hands,82
lace-trimmed_veil,276
purple_kimono,16319
spoken_sound_effect,145
rolled_up_newspaper,101
purple_pupils,2204
shrimp_hair_ornament,274
hawaiian_pizza,68
wooden_bathtub,164
keikenchi_(style),166
dot_mouth,7646
rabbit_hood,4729
finger_gun_to_head,445
orange-framed_eyewear,737
sand_bucket,62
apron_basket,77
acorn_hair_ornament,69
orange_hairband,5363
green_hairband,6225
two-tone_hairband,2328
aqua_hairband,1665
silver_hairband,419
grey_hairband,2382
blister_pack,314
blue_hoodie,13276
torii_hair_ornament,63
z-move,80
omoi_yo_hitotsu_ni_nare,59
ram_skull,62
kissing_cheek,8031
animal_ear_headphones,11812
underwear_writing,788
holding_reins,997
on_rock,2414
white_hoodie,19169
grey_sweater,15359
saint_snow,71
crotchless_bloomers,106
gradient_scarf,157
candy_apple_hair_ornament,77
vsk-94,137
camouflage_gloves,93
love_letter_(idolmaster),95
hemokinesis,544
ooarai_(emblem),795
st._gloriana's_(emblem),1254
saunders_(emblem),338
kuromorimine_(emblem),474
selection_university_(emblem),306
anzio_(emblem),346
holding_hammer,5694
multicolored_shorts,614
facebook_username,1799
patreon_username,53373
naver_username,52
pixiv_username,3025
keizoku_(emblem),306
chi-hatan_(emblem),154
pravda_(emblem),558
cunnilingus_gesture,340
japanese_tankery_league_(emblem),377
501st_joint_fighter_wing_(emblem),60
ujikintoki,67
orange_cape,1542
falchion_(fire_emblem),1219
knights_of_the_round_table_(fate),453
hose_reel,66
zipper_skirt,767
handjob_gesture,982
samoyed_(dog),298
mirai_ticket,71
rawst_berry,99
pinap_berry,59
pink_leotard,6871
super_saiyan_blue,922
interlocked_mars_and_venus_symbols,296
oni_costume,400
back_bow,30815
taking_another's_hand,103
sword_surfing,54
orange_ascot,1928
mecha_danshi,112
sakura_futaba_(cosplay),57
pointing_to_the_side,627
side-tie_legwear,51
boar_mask,309
idol_heroes_(idolmaster),280
wooden_stool,234
mask_on_hat,105
phrygian_cap,428
anal_ball_wear,202
alternate_headwear_color,99
elizabeth_bathory_(brave)_(fate)_(cosplay),130
pile_of_corpses,297
vault_suit,282
peeing_in_cup,175
butterfly-shaped_pupils,1375
arrow_hair_ornament,201
brough_superior,89
tawawa_challenge,313
jack-o'-lantern_print,334
blue_neckerchief,21758
blue_sailor_collar,73473
black_sailor_collar,50673
red_neckerchief,60150
yellow_scales,262
light_blush,91614
two-tone_legwear,1829
east_japan_railway_company,67
overhead_line,538
knolling,117
red_scrunchie,7165
black_collar,34090
rear_naked_choke,132
bat_tattoo,228
brown_serafuku,885
white_neckerchief,11369
sasumata,66
o_arms,66
weapon_name,439
single_mitten,96
robot_cat,106
tying_panties,51
argyle_shirt,190
uraeus,281
cheek_piercing,340
cross_piercing,128
after_handjob,252
arm_around_leg,199
orange_kimono,4556
red_cardigan,1737
utility_vest,127
blue_nose,138
blue_light,390
nintendo_switch,7813
wii_u_gamepad,121
joy-con,1132
vomiting_cum,215
over_the_knee,758
no_tsuba,51
pink_hood,480
after_meal,73
table_tennis_net,83
gazelle_ears,259
gazelle_horns,150
naked_costume,212
breast_tattoo,6568
yellow_buruma,97
multicolored_jacket,19513
mixing_console,260
yukimi_daifuku_(food),110
pelisse,88
blue_sleeves,12110
brown_kimono,4046
servant_card_(fate/grand_order),183
alternate_eyebrows,107
spoken_paw_print,109
ribbon_braid,2013
grey_neckerchief,4553
flashlight_beam,120
o-ring_belt,1938
thighs_together,203
torn_necktie,257
will-o'-the-wisp_(mythology),456
hand_tattoo,3363
fur_sweater,98
coat_hold,58
purple_robe,1533
spider_web_hair_ornament,96
trick-or-treating,295
hair_over_mouth,457
giraffe_tail,270
cropped_sweater,2922
map_background,66
pink_cloak,327
red_panda_tail,652
two-tone_bow,5718
feather-trimmed_sleeves,3146
powdered_sugar,97
strawberry_slice,905
kiwi_slice,811
mp-443_grach,97
diamond_ring,76
clip_studio_paint,193
tights_day,179
grey_hoodie,9547
yellow_bodysuit,2573
pink_bodysuit,4145
green_bodysuit,2842
blue_bodysuit,11005
purple_bodysuit,5319
white_bodysuit,14873
multicolored_bodysuit,3845
waking_another,184
grey_bodysuit,2704
reflector_(photography),54
rider_gashat,89
on_stairs,729
white_sarong,1581
holding_sarong,89
black_camisole,7436
frilled_babydoll,512
frilled_camisole,1976
holding_bandaid,175
jiangshi_costume,1623
folded_braid,259
holding_compass,61
hooded_pajamas,373
purple_turban,151
black_neckerchief,15037
view_between_legs,582
on_counter,209
crescent_necklace,1258
shroud_of_martin,122
mechanical_penis,83
erection_under_blanket,103
cruise_ship,99
yellow_neckerchief,22595
orange_choker,3197
orange_camisole,254
erune,9550
appmon,96
polka_dot_hair,300
orange_goggles,889
blue_track_suit,307
black_bandana,1126
anus_cutout,293
ember_celica_(rwby),279
koi_dance,468
multicolored_hat,2045
print_eyepatch,587
multicolored_shoes,4089
multicolored_pajamas,53
multicolored_boots,2581
multicolored_umbrella,153
ribbon-trimmed_hood,176
holding_flag,5939
hooded_coat,12458
white_camisole,13226
feet_out_of_frame,186339
green_bag,2778
multicolored_kimono,2016
dark_halo,2438
censored_with_cum,925
heart_antenna_hair,503
mutual_feeding,50
see-through_skirt,4710
paw_up,174
orange_tongue,307
holding_bow_(weapon),12461
blue_serafuku,6249
gentiana_(flower),224
honeycomb_(object),69
honeycomb_(pattern),1980
holding_laptop,360
red_camisole,1037
floating_headgear,2537
gradient_outline,95
brown_robe,900
pink_robe,520
black_coat_(kingdom_hearts),1015
torn_skin,137
single_sidelock,14036
nut_hair_ornament,54
brick_road,601
green_outline,930
incoming_pocky_kiss,396
holding_chain,1497
zura_(phrase),79
holding_pointer,845
spare_tire,141
gatotsu_stance,56
chokutou,312
beast_ball,113
eyes_in_shadow,1024
lightning_bolt_hair_ornament,1347
eyepatch_bikini,5562
heart-shaped_pubic_hair,527
z-crystal,68
green_ascot,1298
imi_negev,98
grey_robe,793
super_sass,60
smeared_blood,155
long_horns,1376
flat_screen_tv,989
food_wrapper,1185
gumroad_username,1028
bone_tail,59
asahi_breweries,837
black_mittens,399
sleeping_animal,316
frilled_ascot,2166
juliet_capulet_(cosplay),71
romeo_montague_(cosplay),67
brown_hairband,3918
single_knee_pad,1477
hoof_gloves,56
frilled_hair_tubes,12565
fujimaru_ritsuka_(female)_(cosplay),217
fujimaru_ritsuka_(male)_(cosplay),87
ribbon-trimmed_capelet,765
white_capelet,25222
number_background,71
dressing_another,1208
white_sailor_collar,66880
animal_on_arm,1510
fur-trimmed_capelet,11895
print_coat,339
print_hood,71
green_neckerchief,4544
h&k_g41,92
no_entry_sign,510
poke_bean,52
cloud_hair_ornament,820
layered_shirt,2064
bc_freedom_(emblem),756
brown_bodysuit,843
holding_hose,2569
holding_sheath,4934
fur-trimmed_shirt,1669
stuffed_unicorn,718
multicolored_bowtie,983
butterflyfish,607
hair_over_one_breast,910
zebesian,52
year_of_the_horse,167
year_of_the_ox,2912
year_of_the_rooster,727
year_of_the_dragon,2376
artstation_username,440
cat_ornament,261
overwatch_(logo),130
white_tank_top,19471
plantar_flexion,4606
star_ornament,2313
jack-o'-lantern_ornament,344
dorsiflexion,1788
fur-trimmed_skirt,3087
recruiters_(disney),183
crossed_belts,652
crotch_stomping,229
father_and_child,129
cat_ear_legwear,1625
two-tone_shirt,13729
lasso_of_truth,156
brown_choker,2034
wing_decorations,76
white_bandana,1050
red_serafuku,366
cracked_egg,294
puff_of_air,14827
hover_vehicle,210
fur-trimmed_panties,146
buster_shirt,417
arts_shirt,145
quick_shirt,138
photo_bashing,155
clock_hair_ornament,97
holding_bullet,347
hooded_bodysuit,1544
yellow_pepper,97
fur-trimmed_dress,11921
year_of_the_pig,813
year_of_the_dog,814
frilled_pants,229
heavenly_boat_maanna,661
skull_tattoo,371
christmas_tree_hair_ornament,318
mini_shako_cap,222
aqua_pants,943
dragon_ornament,95
single_antler,59
wet_kimono,90
ribbed_socks,3143
triumph_(expression),71
thighhighs_under_boots,8200
fur-trimmed_thighhighs,1307
grey_flower,1533
christmas_sweater,567
fur-trimmed_bra,230
speaking_tube_headset,604
atmospheric_perspective,274
grey_tail,2687
multicolored_fur,4472
no_sclera,3095
orange_scales,166
yellow_tail,2524
holding_drink,7718
heart_button,3614
magic_circuit,233
grey_cardigan,8662
qbz-97,92
mitsukoshi_(department_store),251
two-tone_fur,10473
brown_cloak,3187
blue_mittens,924
happy_party_train,99
tickling_feet,1083
musical_note_earrings,121
alternate_eyewear,166
mermaid_dress,239
frilled_sash,676
book_to_mouth,109
smoke_heart,134
t-pose,474
no_eyewear,3888
frilled_scarf,75
aqua_kimono,1562
pedestrians_only_sign,73
speed_limit_sign,148
holding_guitar,4401
on_bench,6149
unbuttoned_dress,130
anchor_tattoo,198
captive_bead_ring,699
barbell_piercing,9080
striped_hairband,1895
forehead_piercing,60
arm_piercing,70
inkling_(language),635
chin_piercing,340
earclip,11101
pink_neckerchief,9143
fur-trimmed_hood,5450
toned_male,20484
yin_yang_print,1115
upside-down_book,77
directional_arrow_hair_ornament,67
sun_hair_ornament,173
torpedo_launcher,2066
orange_belt,2466
speedpaint,120
uwu,369
imminent_breast_grab,183
imaishi_hiroyuki_(style),98
face_to_breasts,3043
adjusting_sleeves,135
camouflage_dress,76
grey_leotard,1622
leotard_peek,1695
putting_on_jewelry,456
radar_hair_ornament,975
leaf_earrings,1097
bed_invitation,614
sheikah_slate,557
splat_dualies_(splatoon),259
vaulted_ceiling,60
gyaruo,900
black_capelet,15974
purple_ascot,2692
fur-trimmed_vest,504
coco's,425
backless_leotard,4175
deer_skull,113
white_cloak,6422
sheep_print,57
wagnaria_uniform,1170
humpback_whale,211
raccoon_hat,65
macaron_background,83
sten_gun,96
blue_cloak,3324
blue_sash,6436
holding_scepter,1377
color_wheel,152
white_mask,3882
covering_another's_crotch,133
scene_reference,8932
salt_bae_(meme),303
octopus_boy,412
sea_bream,89
fishnet_sleeves,1508
taped_fingers,76
checkered_trim,111
black_mask,9833
yellow_mask,201
pink_mask,457
virgin_killer_sweater,5398
severed_tail,71
holding_marker,1047
clover_background,74
pink_bloomers,343
pink_camisole,2640
d3a,81
m6a_seiran,75
toe_seam,694
3d_background,2754
frappuccino,288
clothed_after_sex,548
bodysuit_under_clothes,4810
brown_capelet,5230
giant_mushroom,208
plaid_neckerchief,249
it's_j.j._style!,64
ski_pole,215
red_pillow,97
turtleneck_shirt,8179
astromech_droid,82
marriage_certificate_(object),231
hallelujah_essaim,82
purple_cloak,1285
green_tunic,2636
grey_apron,1309
hibiscus_print,596
forehead_blush,92
aqua_neckerchief,5726
orange_tank_top,905
pink_tank_top,1303
yellow_outline,1520
hand_on_sheath,196
niconico_id,125
pantograph,268
holding_rope,1092
feather_necklace,471
brown_sailor_collar,4745
hand_warmer,60
pink_ascot,2086
photokinesis,162
purple_belt,4245
red_aura,219
sig_sauer_p320,141
mountainous_horizon,12492
pink_mittens,491
holding_feather,924
imminent_spanking,129
polka_dot_hairband,689
white_mittens,1737
stuffed_shrimp,66
harvin,2488
serval_(kemono_friends)_(cosplay),195
blue_outline,1608
nesoberi,715
cat_helmet,136
no_blindfold,1639
wife_and_wife_and_wife,59
imminent_vomiting,56
crown_hat,114
aqua_apron,234
after_cunnilingus,442
latex_leotard,1055
glass_container,56
eel_hat,585
o-ring_collar,647
bat_ornament,769
jaguar_ears,2342
moose_ears,801
moose_tail,217
beaver_ears,515
otter_ears,1211
otter_tail,835
hippopotamus_ears,378
no_leotard,62
chameleon_tail,360
chocolate_on_pectorals,70
silver_belt,179
emperor_penguin_(kemono_friends)_(cosplay),66
holding_chocolate,2375
tamandua_ears,212
tamandua_tail,155
japari_bun,1084
jaguar_tail,1548
leather_bikini,199
sandstar,325
checkered_jacket,269
red_pajamas,336
holding_notebook,2386
brown_neckerchief,1238
moe2017,168
camouflage_scarf,234
black_scrunchie,5570
bohegao,75
virtual_youtuber,500080
tomorrow_(konosuba),50
no_choker,275
pom_pom_earrings,1274
fur-trimmed_hairband,50
broken_goggles,68
brown_leotard,1895
star_choker,3874
animal_balloon,251
tree_print,198
petal_print,232
striped_choker,444
japari_bus,375
eyebrows_visible_through_headband,60
pen_to_mouth,160
grey_outline,870
clock_necklace,85
casting_couch,119
camel_ears,125
japari_coin,95
white_scrunchie,5764
species_connection,778
chalkboard_sign,269
aqua_sweater,603
japari_symbol,4278
scientific_name,215
holding_lollipop,10536
space_cat_(meme),533
spotted_hair,392
pangolin_ears,91
armadillo_ears,183
pangolin_tail,76
armadillo_tail,99
porcupine_ears,92
rhinoceros_ears,184
circle_hands,66
elephant_ears,275
mole_on_arm,1414
holding_whisk,1251
head_on_pillow,6426
green_sailor_collar,8123
red_sailor_collar,7628
blowhole,865
flower_tattoo,3477
striped_leotard,330
holding_plant,1269
long_scarf,1066
pubic_stubble,1266
tank_cupola,195
multicolored_coat,3562
hands_on_own_leg,299
ooarai_school_uniform,9860
ooarai_military_uniform,2801
yellow_leotard,2229
beer_tap,83
insect_on_head,108
furrification,2724
penguins_performance_project_(kemono_friends),264
floating_scarf,1754
torn_cloak,1177
spoken_light_bulb,354
vaginal_prolapse,350
grey_kimono,4464
kuromorimine_military_uniform,3639
torn_blindfold,78
metal_hairband,2595
yellow_sponge,77
brown_suit,861
flower_knot,9913
dragon_claw,563
purple_sleeves,8173
multicolored_ascot,97
plaid_ascot,133
horned_hat,989
black_jumpsuit,1185
bead_anklet,565
penguin_tail,668
holding_magazine,602
shower_(place),3274
dante_(devil_may_cry)_(cosplay),92
aqua_bodysuit,157
frilled_necktie,298
patreon_logo,19791
deviantart_logo,833
implied_pregnancy,928
ejaculating_while_penetrated,4945
blindfold_down,52
holding_blindfold,81
silver_leotard,71
virtuous_contract,432
tumblr_logo,209
artist_logo,28193
melon_hair_ornament,102
st._gloriana's_school_uniform,3003
imminent_fingering,169
window_(computing),2127
augma,95
frog_boy,372
blue_camisole,1941
blue_babydoll,411
kuromorimine_school_uniform,2107
pravda_school_uniform,1389
hat_ring,56
towel_on_legs,243
pink_babydoll,720
yellow_bloomers,101
white_bloomers,9789
white_babydoll,1352
black_babydoll,1378
st._gloriana's_military_uniform,2598
red_babydoll,216
yellow_babydoll,65
green_babydoll,79
babydoll_lift,165
saunders_school_uniform,895
saunders_military_uniform,1279
anzio_military_uniform,1125
anzio_school_uniform,2427
chi-hatan_military_uniform,966
pravda_military_uniform,968
keizoku_school_uniform,860
keizoku_military_uniform,1476
selection_university_military_uniform,690
green_pajamas,805
carrot_cake,61
female_butler,999
bikini_top_only,40687
kiyosumi_school_uniform,1509
blue_bloomers,125
purple_neckerchief,2915
purple_feathers,715
orange_neckerchief,4858
grass_root_youkai_network,567
giraffe_horns,536
key_earrings,1926
tasmanian_devil_ears,362
tasmanian_devil_tail,255
okapi_ears,127
okapi_tail,103
elephant_tail,170
gazelle_tail,114
rhinoceros_tail,53
hooded_capelet,6692
yoshizaki_mine_(style),58
orange_bloomers,71
purple_bloomers,62
shiraitodai_school_uniform,412
pepperbox_revolver,119
bc_freedom_military_uniform,1269
bonple_military_uniform,114
maginot_military_uniform,85
leg_blade,85
pleated_sleeves,779
corked_bottle,381
aqua_sailor_collar,865
dirty_hands,248
oversized_plant,174
medium_skirt,9437
medium_dress,10640
gradient_cape,213
arm_behind_leg,50
umbrella_bow,86
heart_border,58
polka_dot_border,113
blue_unitard,170
plaid_border,51
shirt_under_dress,1508
skirt_under_dress,1636
0w0,53
waist_sash,1601
magatama_necklace,3807
broken_necklace,88
gold_leotard,424
syringe_hair_ornament,74
pill_hair_ornament,696
venus_love_me_chain,100
green_scrunchie,1653
chilean_flag,58
angel_statue,291
orange_cloak,217
stained_sheets,1032
after_fingering,507
horn_lance,115
panties_over_clothes,91
black_bustier,832
bamboo_leaf,114
shiso_(plant),62
fur_hairband,89
diagonal-striped_background,1296
drink_pouch,82
gradient_bow,230
capybara_ears,81
holding_key,1280
body_jewelry,401
aquila_(symbol),167
airplane_hair_ornament,97
blue_wetsuit,97
tongue_tattoo,282
qingtuan,74
glass_bowl,201
purple_pajamas,468
snowbell_(flower),82
bunny_ears_prank,344
gradient_coat,125
blue_collar,3754
covering_another's_mouth,1604
bead_belt,134
open_wetsuit,87
fur-trimmed_collar,2019
mondragon_rifle,53
riding_dragon,421
facebook_logo,989
obijime,9442
american_flag_tattoo,133
rainbow_skirt,258
glowing_staff,80
orange_bandana,835
print_bowtie,3979
layout_plan,68
hands_on_own_arms,122
holding_jar,936
raccoon_nose,97
black_tongue,245
bag_on_lap,148
green_jumpsuit,1172
orange_sailor_collar,2287
patio_umbrella,96
octopus_hair_ornament,247
nikujaga_(food),57
in_cauldron,124
snake_hood,176
brown_outline,292
soviet_navy,81
removing_coat,166
gradient_fur,113
red_outline,1821
pink_sailor_collar,3191
gradient_skin,3093
green_hood,847
red_mittens,1619
glowing_bird,55
magatama_hair_ornament,673
purple_sailor_collar,4489
yellow_sailor_collar,1012
multicolored_sweater,323
flanged_mace,143
mole_on_stomach,2021
purple_capelet,3575
falling_money,278
riding_dinosaur,88
tsukishima_general_high_school_uniform,89
odaiba_middle_school_uniform,59
tsuruga_school_uniform,285
kazekoshi_school_uniform,450
miyamori_school_uniform,240
achiga_school_uniform,557
himematsu_school_uniform,144
yuunagi_middle_school_uniform,155
l'ecole_des_cinq_lumieres_school_uniform,347
kirakira_patisserie_uniform,65
white_pajamas,1214
multicolored_choker,127
winter_gloves,226
holding_mistletoe,187
kaban_(kemono_friends)_(cosplay),101
ass_tattoo,1004
hakuo_school_uniform,584
torii_earrings,71
senriyama_school_uniform,265
shindouji_school_uniform,227
usuzan_school_uniform,52
unit_patch,263
adapted_weapon,286
wet_ground,81
looking_past_viewer,280
mugen_gakuen_school_uniform,174
orange_pajamas,264
peter_pan_collar,320
shiba_koen_middle_school_uniform,187
juuban_high_school_uniform,142
juuban_middle_school_uniform,527
ta_girls_school_uniform,163
myoudou_gakuen_high_school_uniform,224
myoudou_gakuen_middle_school_uniform,355
public_yotsuba_middle_school_uniform,81
aria_gakuen_school_uniform,397
nanairogaoka_middle_school_uniform,1443
verone_gakuin_school_uniform,428
momotsuki_gakuen_school_uniform,235
misono_gakuen_school_uniform,134
kirameki_high_school_uniform,184
ootori_gakuen_school_uniform,151
torpedo_tubes,2266
durandal_(fire_emblem),89
musical_note_necklace,105
hibikino_high_school_uniform,122
jindai_high_school_uniform,121
bellwall_military_uniform,55
bellwall_school_uniform,86
drillhorn_sword,56
grey_sailor_collar,8531
seiou_gakuen_school_uniform,197
hand_on_cane,97
white_ascot,20484
izumi_sagiri_(cosplay),54
animal_on_leg,171
orange_pupils,1404
okamochi_(container),201
fur-trimmed_shorts,2828
curled_tail,426
large_belt,165
licking_blood,361
juubako,396
unajuu_(food),67
tachi_(weapon),481
inkan,50
small_stellated_dodecahedron,441
takamaki_anne_(cosplay),72
grey_choker,1426
multicolored_hairband,1643
cherry_blossom_print,3413
flower_clothes,58
lada_(car),55
kita_high_school_uniform,12885
hands_on_another's_thigh,95
purple_outline,724
red_hoodie,4986
holding_another's_thighs,288
st._michael's_school_uniform,348
petal_censor,95
pink_cardigan,10030
komatsuzaki_rui_(style),441
orange_scrunchie,3353
vaporwave,283
white_jumpsuit,1159
pawoo_username,55
two-tone_boots,1726
gradient_boots,266
green_serafuku,884
flickering,87
vertical-striped_jacket,2482
white_tulip,618
yellow_tulip,800
heart-shaped_bag,549
sprinkling,65
anal_invitation,299
double_horizontal_stripe,1273
black_sandals,11586
adrenaline!!!,153
holding_underwear,5269
pink_feathers,840
vertical-striped_leotard,112
ruan,149
nanamori_school_uniform,4226
fur-trimmed_shawl,92
blue_shawl,1608
spiked_jacket,953
aqua_flower,1055
aqua_belt,479
grey_ascot,1023
aqua_scrunchie,735
heart_collar,2269
temari_print,79
eyeball_hair_ornament,510
print_cloak,69
green_hoodie,4875
ankle_belt,217
multicolored_cloak,288
imminent_double_penetration,88
striped_belt,753
spoken_symbol,403
no_emblem,403
muscle_envy,146
colored_tips,19430
sailor_one-piece_swimsuit,196
holding_by_the_ears,66
stirrup_legwear,11253
blue_tank_top,2293
panties_under_leotard,115
badger_tail,93
japari_symbol_print,119
print_hairband,675
print_vest,270
splatter_print,182
kariyushi_shirt,1021
hand_on_headset,137
cracked_mask,302
ankh_necklace,436
print_curtains,52
crotchless_pantyhose,1095
maid_day,1701
stealth_cunnilingus,60
fur-trimmed_cloak,3393
hand_on_own_foot,661
blur_censor,4325
oogai_daiichi_middle_school_uniform,433
pikarigaoka_middle_school_uniform,98
pink_serafuku,632
gold_belt,1026
yellow_shawl,483
multicolored_capelet,447
ribbon-trimmed_choker,69
anchor_hat_ornament,425
food_truck,241
side-tie_shorts,146
double_bikini,196
four_of_hearts,153
looking_at_map,71
on_pillow,595
rope_around_waist,109
horikoshi_kouhei_(style),109
toyota_celica,62
imminent_hug,845
windows_logo,109
wooden_porch,87
checkered_gloves,60
holding_polearm,25490
applying_bandaid,64
holding_cane,3853
white_corset,2520
dried_blood,101
bat_necklace,70
untied_ribbon,235
aoshidan_(emblem),84
twitch_username,127
holding_headband,63
purple_collar,1859
basil_leaf,85
pet_bed,119
yellow_serafuku,176
smokestack_hair_ornament,1656
small_horns,5821
blue_capelet,9209
raven_(dc)_(cosplay),56
fox_print,217
torn_neckerchief,240
digimon_(creature),13142
crown_hair_ornament,869
ears_through_headwear,13370
paint_on_body,872
subdermal_port,251
panties_under_swimsuit,132
collapsing,59
yellow_nipples,60
twitter_logo,5709
crossed_knees,57
purple_serafuku,2072
glowing_armor,192
fish_skeleton,1676
slamming_door,93
dragon_(arms),150
megawatt_(arms),55
chilla_(arms),85
sangvis_ferri,3111
two-tone_swimsuit,5384
elbow_cutout,196
facing_to_the_side,6205
shimushu_pose,84
king_penguin,67
aiming_up,138
ribbon_shoes,50
fidget_spinner,138
hooded_leotard,540
noble_academy_school_uniform,178
episode_title,147
livestream,2484
alzano_school_uniform,208
blood_on_snow,85
brown_collar,1687
naked_tape,64
asymmetrical_dress,551
holding_scythe,7878
looking_inside,287
shared_hat,58
yuzu_(fruit),340
hex_tails,82
clover-shaped_pupils,229
fuck-me_shirt,298
otonokizaka_school_uniform,7704
h&k_psg1,362
sakugawa_school_uniform,1898
sling_bikini_top,1263
crackling_energy,89
riding_outfit,280
holding_lighter,1092
striped_coat,1218
kizuna_ai_(cosplay),69
oda_uri,1713
no_harness,75
frog_on_head,175
grey_feathers,478
multicolored_leotard,3753
wrestling_boots,132
frilled_hakama,120
holding_needle,2150
salmonid,517
e16a_zuiun,317
sugar_song_and_bitter_step,101
harpy_boy,506
body_freckles,3977
dragon_on_shoulder,110
brown_umbrella,140
towel_on_one_shoulder,426
hogwarts_school_uniform,1435
blue_pajamas,2384
uranohoshi_school_uniform,4847
tokiwadai_school_uniform,7982
hands_on_own_legs,1104
torn_capelet,442
barrel_shroud,51
gradient_gloves,463
gradient_kimono,792
hands_on_penis,248
single_empty_eye,123
glowing_crystal,145
precum_drip,1673
knee_boobs,76
overalls_pull,93
luna_nova_school_uniform,992
multiple_riders,1148
fire_axe,204
yasogami_school_uniform,2522
moth_boy,134
tokisadame_school_uniform,1187
arachne_boy,55
pink_bandana,324
playing_flute,587
staff_riding,147
holding_clipboard,5186
underlighting,794
fuurinkan_high_school_uniform,474
white_veil,9417
drying_body,150
grape_vine,109
red_circle,197
vine_print,517
mid-autumn_festival,283
coral_hair_ornament,341
white_bird,4251
chain_between_breasts,229
holding_turret,196
suspenders_hanging,551
holding_paddle,842
glowing_arrow,115
brown_hood,438
saitama_(one-punch_man)_(cosplay),52
grey_hood,397
freight_train,74
green_flag,88
father-son_kamehameha,63
kiritanpo_(food),383
shirt_overhang,1434
winged_wand,300
holding_sack,4451
indonesian_clothes,175
gold_choker,4336
feather-trimmed_gloves,176
yellow_capelet,939
holding_bell,1057
holding_pizza,2128
holding_candy_cane,362
stump_cover,126
brown_sleeves,2500
purple_sash,4859
bag_behind_back,51
street_gutter,66
star_block,155
plaid_sailor_collar,436
orange_cat,1139
holding_popsicle,6216
plurk_username,55
bear_charm,55
kissing_shoulder,201
yellow_tank_top,1761
yellow_cardigan,7057
striped_headband,363
orange_feathers,388
watermelon_slice,2173
airgetlam_(fate),322
asanagi_(style),129
taut_bodysuit,296
clutching_clothes,98
argyle_vest,73
blood_on_leg,1602
alternate_tail,147
intravaginal_futanari,345
animal_ear_hairband,15668
holding_flame,112
yellow_clouds,113
standing_on_animal,52
standing_split,10986
ryouou_school_uniform,5105
holding_candle,971
holding_sock,184
fn_scar_17,176
fn_scar_16,125
spiked_necklace,81
bad_gun_anatomy,236
engraved,105
chinese_lantern_(plant),344
grenade_hair_ornament,438
holding_surfboard,1074
holding_candy,13178
holding_cookie,721
asymmetrical_shirt,219
pink_liquid,153
purple_bag,1109
electric_kettle,260
holding_beachball,2426
slingshot_tan,52
bow_babydoll,56
putting_on_legwear,255
neckerchief_between_breasts,329
milo_and_akouo,80
magnhild,57
coughing_flowers,54
dalachi_(headdress),3288
two-tone_dress,25598
bow_skirt,1780
dress_swimsuit,1438
purple_buruma,387
hull_shoes,51
tomoeda_elementary_school_uniform,2020
tomoeda_high_school_uniform,120
glowing_windows,95
sierpinski_triangle,50
embroidered_panties,288
white_bathrobe,75
brown_jumpsuit,213
tomoeda_middle_school_uniform,264
saru_(style),159
black_slippers,507
red_garter_belt,258
s.o.n.g._uniform,52
national_shin_ooshima_school_uniform,521
sanshuu_middle_school_uniform,364
sofmap_background,347
coin_hair_ornament,1446
twin_blades_of_levianta,52
vessel_of_sin,102
mian_guan,291
cz_scorpion_evo_3,94
holding_sponge,630
two-tone_bikini,5538
white_garter_belt,1310
lace-trimmed_babydoll,127
black_garter_belt,2879
aqua_tongue,252
rice_(plant),278
aqua_coat,596
holding_stuffed_toy,18519
vertical-striped_bow,206
country_connection,886
brown_haori,57
star_map,149
hero_shot_(splatoon_2),59
jack_of_spades,146
holding_mushroom,510
mismatched_bikini,4340
nationale_volksarmee,110
mouth_insertion,147
person_between_breasts,486
imperial_war_flag,95
tatsuki_(irodori)_(style),112
aqua_cape,600
feather_collar,312
carrying_pole,50
beak_hold,130
holding_eyepatch,139
reflector_(ookami),77
seishou_elementary_school_uniform,740
hair_blush,190
ming_dynasty,74
heart-shaped_boob_challenge,934
hands_on_another's_arm,304
holding_bird,761
x_mouth,2335
ornate_weapon,337
nero_claudius_(swimsuit_caster)_(fate)_(cosplay),58
brown_scrunchie,451
su-57,58
brown_tail,6055
purple_cardigan,1954
hood_basket,189
myouga_(plant),350
prosthetic_hand,465
fake_claws,697
green_tank_top,1899
autobomb_(splatoon),51
bow_print,250
parquet_floor,51
username,50
la_liga,58
queen_of_diamonds,108
dapple_dualies_(splatoon),113
jikan_sokougun,149
two-tone_leotard,2736
floating_cape,2926
thompson/center_contender,288
yuujo,399
holding_saucer,2465
horse_racing_track,688
holding_mallet,810
holding_kite,85
blue_bandeau,553
green_bandeau,214
grey_umbrella,215
yellow_headband,1490
on_stool,2112
pencil_dress,3280
kakizome,211
spade_(shape),5405
flashing_light,52
hadanugi_dousa,3715
suzuki_jimny,58
implied_penetration,182
lightning_background,178
aqua_pupils,679
eliwood_(fire_emblem)_(cosplay),57
tsuutenkaku,54
ooarai_marine_tower,67
mouth_out_of_frame,72
grey_tank_top,2322
pocket_square,466
two-tone_skirt,6525
mushi_(mushishi),61
cavorite_ball,69
leather_shirt,62
bisexual_female,3630
rolled_up_paper,190
yellow_leaves,223
chinese_border,56
tekoki_karaoke,64
masturbation_day,121
evo_grim,210
eye_trail,2791
fengguan,98
head_arms,140
skull_ring,120
white_garter,125
yumenosaki_school_uniform,807
u.a._school_uniform,2170
saya_(scabbard),303
tsuka-ito,200
kojiri,51
tsuka_(handle),155
sageo,84
penis_on_ass,1429
penis_on_stomach,719
koshirae,59
military_operator,854
aqua_hoodie,499
obidome,885
obiage,5857
tsuba_(guard),419
train_(clothing),337
dance_studio,254
fish_tattoo,325
cake_print,93
deflect,61
cross_tattoo,990
heart_headband,58
hand_chains,146
purple_hoodie,3185
obi_bow,163
holding_notepad,989
han'eri,1918
ribbon_around_body,128
cumdrip_through_panties,94
black_bag,11131
brown_cardigan,16624
haori_himo,469
two-tone_jacket,11722
doppel_(madoka_magica),130
interlocked_venus_symbols,149
menuki,58
aqua_headband,298
fire_helmet,208
alondite,77
pig_mask,86
nami_(one_piece)_(cosplay),78
shish_kebab,656
blue_sports_bra,1990
torn_tank_top,272
foot_pussy,632
pink_sandals,1148
melon_slice,172
fliegerhammer,145
holding_grenade,579
holding_wrench,1803
holding_screwdriver,452
holding_baseball_bat,5352
camouflage_trim,86
green_robe,1110
hollow_mouth,166
pointillism,53
white_slippers,946
grey_buruma,66
troll_(homestuck),306
donbei_kitsune_udon,184
black_wetsuit,315
aqua_ascot,324
wavy_background,112
pterosaur,257
plunging_neckline,6047
blue_corset,919
high-waist_pants,7920
holding_pom_poms,7739
black_sash,7363
insect_on_finger,150
e-liter_4k_(splatoon),277
card_holster,163
aqua_outline,216
frilled_cape,234
palestine,56
eyebrows_visible_through_hat,283
pink_petals,4591
blue_hawaii,344
aqua_choker,657
hand_on_blade,528
collared_bikini,86
riding_bird,226
tall_female,4574
too_many_bows,277
yellow_cloak,1309
green_fur,2664
maruchan_akai_kitsune_udon,147
adjusting_apron,71
penis_shadow,1039
babywearing,328
purple_sarong,696
hoto_cocoa's_school_uniform,464
kafuu_chino's_school_uniform,615
tedeza_rize's_school_uniform,327
no_ahoge,211
tail_pillow,57
holding_water_gun,3461
green_capelet,2796
two-tone_ribbon,3283
flower_braid,352
hole_in_face,169
green_headband,2102
jacket_partially_removed,11876
plaid_capelet,501
pink_capelet,2372
holding_maracas,682
red_track_suit,1329
pokemon_ranger_uniform,97
usekh_collar,2453
st._hilde_academy_of_magic_uniform,170
orange_outline,594
starry_moon,362
mclaren_p1,51
mayonnaise_bottle,202
elizabeth_bathory_(fate)_(cosplay),60
^v^,81
seishou_middle_school_uniform,166
aqua_robe,117
red_bandeau,1169
white_tunic,1167
peel_(tool),53
atago_(azur_lane)_(cosplay),107
horns_through_headwear,2859
red_sports_bra,1402
shark_nose_art,87
takao_(azur_lane)_(cosplay),74
alice_gear,59
camouflage_paint,63
information_sheet,153
red_sarong,616
gear_hair_ornament,557
graphics_card,155
iphone_x,94
mirai_no_bokura_wa_shitteru_yo,57
shirt_straps,97
lap_pillow_invitation,1183
broken_eyewear,927
eyewear_in_mouth,296
eyewear_on_head,77792
eyewear_switch,178
hand_on_eyewear,3387
removing_eyewear,755
round_eyewear,57008
rectangular_eyewear,7817
semi-rimless_eyewear,53365
under-rim_eyewear,32171
rimless_eyewear,10205
over-rim_eyewear,4212
x-drive_(symphogear),106
honda_civic_type_r,54
red_shawl,1088
pink_shawl,461
polka_dot_footwear,136
camouflage_footwear,54
plaid_footwear,102
brown_shawl,842
orange_bandeau,116
eyewear_on_headwear,3215
eyewear_lift,472
eyewear_around_neck,278
eyewear_pull,109
demon_hood,50
lotus_pedestal,180
hand_in_thighhighs,56
running_on_liquid,142
blue_garter,57
spiked_boots,800
partial_bodysuit,123
paw_print_pattern,1053
sakimichan_(style),59
two-tone_panties,762
kino_makoto's_school_uniform,177
bow_camisole,352
fewer_digits,4471
gradient_sarong,105
cat_zipper,66
stuffed_pegasus,56
alternate_sleeve_length,311
crooked_eyewear,342
eyewear_view,209
imminent_gangbang,609
historical_connection,632
green_cardigan,1540
stirrup_footwear,1123
omegaverse,113
orange_overalls,317
fur-trimmed_pants,366
matsu_symbol,147
print_capelet,190
ultra_instinct,386
rearing,635
tortoiseshell-framed_eyewear,51
finger_on_eyewear,141
yellow_pillow,56
hand_on_own_penis,674
pink_negligee,114
convenient_head,224
pink_frills,141
yellow_camisole,1240
damselfish,96
holding_shovel,1402
blue_cardigan,5937
print_headband,337
purple_nightgown,148
garderobe_uniform,214
holding_lamp,151
kazakh_clothes,89
symphogear_pendant,448
aqua_sarong,207
team_rocket_uniform,2444
team_skull_uniform,217
aether_foundation_uniform,226
team_aqua_uniform,128
team_magma_uniform,466
team_galactic_uniform,254
team_plasma_uniform,89
team_flare_uniform,60
my_mai_tonight,54
casino_card_table,527
grapefruit_slice,61
purple_tank_top,923
long_fall_boots,67
green_sash,1406
ultra_recon_squad_uniform,108
domino_high_school_uniform,208
white_negligee,195
black_bandeau,1777
red_tank_top,2885
en_pointe,772
purple_hood,803
motion_slit,152
linea_alba,10178
jasmine_(flower),74
purple_sports_bra,597
glowing_jewelry,100
full_stomach,565
orthodox_cross,58
invincible_candy,186
grey_serafuku,1918
green_innertube,368
king_of_clubs,89
team_rainbow_rocket_uniform,72
clothes_iron,113
meister_otome_uniform,111
blue_innertube,1023
xingchen_(cosplay),61
aria_company_uniform,1521
yellow_innertube,649
pink_jumpsuit,186
white_bandeau,1497
water_censor,126
incoming_drink,647
gradient_horns,1493
orange_armor,317
multicolored_scrunchie,153
shoulder_boards,3787
instant_udon,343
v-shaped_eyebrows,211204
holding_crown,586
plaid_shawl,517
white_tongue,70
chocolate_print,162
pink_bandeau,196
bikkuriman_(style),252
giant_fork,63
thick_outlines,471
shiny_footwear,574
goggles_on_eyes,105
snorkel_in_mouth,193
stuffed_tomato,61
hands_on_another's_leg,319
splat_brella_(splatoon),68
chair_tipping,93
arm_on_table,904
looking_at_animal,7100
testicle_peek,614
implied_bisexual,387
wooden_bench,874
hat_over_hat,66
holding_dog,1045
miracle_wave,70
single_bang,694
on_branch,319
holding_pocky,1121
hat_launch,56
dream_c_club_uniform,287
covering_another's_eye,66
team_rainbow_rocket,117
putting_on_headwear,397
instant_loss,5080
holding_sweater,57
red_innertube,178
red_garter,52
stile_uniform,817
dimension_mirror,67
vehicle_name,834
side-tie_dress,672
maruchan_midori_no_tanuki_tensoba,104
paint_on_fingers,121
holding_plectrum,5523
cross_pasties,2106
tamamo_no_mae_(fate)_(cosplay),139
tamamo_cat_(fate)_(cosplay),89
shorts_rolled_up,126
whistle_around_neck,6349
good_breasts_day,229
mash_kyrielight_(cosplay),413
back_peek,306
d-pad_hair_ornament,3024
foot_out_of_frame,31688
sailor_senshi_uniform,9093
esports,108
ofuda_on_nipples,492
frilled_bloomers,65
purple_garter_belt,121
pantyhose_around_legs,88
incoming_call,316
himeya_company_uniform,592
orange_planet_uniform,597
notice_lines,38480
visor_lift,447
bone_necklace,688
feather_hair_ornament,21885
ice_shard,252
nero_claudius_(bride)_(fate)_(cosplay),164
layered_panties,68
kimisaki_school_uniform,172
holding_toothbrush,1315
astolfo_(fate)_(cosplay),65
jack_the_ripper_(fate/apocrypha)_(cosplay),140
hands_on_own_hips,36079
two-tone_gloves,8447
reflective_water,5996
angewomon_(cosplay),68
gold_earrings,10579
high_braid,56
armored_leotard,1178
tsab_ground_military_uniform,859
tsab_air_military_uniform,575
tsab_naval_military_uniform,233
tsab_executive_military_uniform,423
ribbon-trimmed_pants,58
aqua_bag,151
at_knifepoint,165
on_mecha,178
garapon,68
brown_hoodie,2550
minimap,692
black_eyeshadow,1935
gradient_nails,783
checkered_shorts,96
orange_capelet,549
bevor,121
multicolored_hair_bobbles,1379
layered_legwear,432
holding_pole,1317
good_ass_day,378
gem_uniform_(houseki_no_kuni),3581
animal_ears_helmet,448
smersh,63
glowing_bodysuit,105
brown_mittens,1152
mma_gloves,425
padded_gloves,114
picnic_table,79
zabaniya_(fate),68
masquerade_mask,1087
implied_after_sex,1091
fan_to_mouth,168
poking_penis,106
poking_with_penis,102
poking_nose,114
slapping_with_penis,128
ravenclaw,268
glooga_dualies_(splatoon),56
blood_on_shoulder,153
holding_megaphone,2366
pink_headband,860
tamato_berry,93
broken_handcuffs,150
kanji_hair_ornament,75
oval,99
dream_academy_school_uniform,154
print_camisole,250
very_wide_shot,1743
wide_shot,19099
adjusting_footwear,729
green_mittens,139
oohashi_high_school_uniform,1760
aqua_cardigan,342
holding_headgear,51
head_chain,1946
tsukumihara_academy_uniform_(fate/extra),386
tsukumihara_academy_uniform_(fate/extra_ccc),767
chaldea_uniform,7361
atlas_academy_uniform,219
detached_horns,218
aqua_buruma,58
great_pyrenees,420
delmogeny_uniform,632
steyr_iws_2000,102
white_wrist_cuffs,15510
field_cap,177
draph,10959
bc_freedom_school_uniform,768
saberface,66
spoken_venus_symbol,126
interlocked_mars_symbols,57
checkered_sash,1159
muscular_male,115031
pinwheel_hair_ornament,535
cape_hold,392
umesato_middle_school_uniform,172
naoetsu_high_school_uniform,3559
kibina_high_school_uniform,574
green_sarong,492
squeezer_(splatoon),50
kirara_jump,102
knee_cutout,158
reindeer_girl,643
break_action,52
book_strap,107
hand_eye,150
blue_tattoo,117
hair_behind_eyewear,112
neck_bell,53964
single_bare_arm,773
pink_tulip,936
orange_collar,398
octopus_print,62
wheat_bundle,50
hikarizaka_private_high_school_uniform,2660
grey_capelet,2125
holding_pan,188
kibito_high_school_uniform,2195
water_blue_new_world,62
ribbed_skirt,89
kosei_high_school_uniform,136
collared_coat,7252
happy_holidays,324
playing_card_print,72
leaning_against_motorcycle,192
two-tone_cape,2191
silver_choker,289
diagonal-striped_legwear,53
crossbuck,58
striped_sarong,88
ashford_academy_swimsuit,106
black_order_uniform,601
yellow_pajamas,711
low_twin_braids,15832
amestris_military_uniform,825
angel_wing_uniform,770
kissuisou_uniform,217
gyokuto_high_school_uniform,73
nakabayashi_yoshitaka's_maid_uniform,197
horned_hood,789
first_high_school_uniform,272
american_flag_neckwear,165
fur-trimmed_mittens,432
instrument_on_back,843
slav_squatting,437
holding_hoodie,87
deva_battle_suit,387
kazamatsuri_institute_high_school_uniform,600
b.a.b.e.l._uniform,172
holding_pocket_watch,842
cartoon_bone,1596
on_ladder,190
scrapbook,68
golden_arms,847
numbers'_uniform,289
bear_slippers,87
checkered_footwear,106
mall_link_suit,82
arm_on_knee,1792
sarashi_pull,65
yellow_mittens,210
year_of_the_goat,255
debt,59
hat_chain,93
stuffed_owl,79
hand_grip,1192
black_pubic_hair,4226
cum_on_horns,59
paintbrush_hair_ornament,240
palette_hair_ornament,316
grey_scrunchie,165
2others,11082
aqua_camisole,129
heart-shaped_eyewear,8415
open_gift,64
orange_cardigan,604
santa_lily,53
doreking,53
siren_(azur_lane),763
glowing_markings,646
holding_dog_tags,74
yume_no_tsue,286
clear_card,123
strong_zero,660
galaxy_background,111
empty_plate,518
lace_bikini,50
adam_(ensemble_stars!),52
screen_light,928
cropped_arm,187
grey_mittens,147
yellow_sarong,337
hair_tie_in_mouth,5674
knit_sweater,236
black_claws,610
blue_garter_belt,104
chest_strap,4560
sleeves_past_fingers,58861
imminent_punch,143
v-shaped_eyes,2599
broken_heart_print,187
three-wheeler,174
brown_flower,1211
ooarai_naval_school_uniform,517
winged_headwear,129
arrow_print,619
shark_boy,542
character_sticker,276
torn_flag,146
nasa_logo,298
holding_walkie-talkie,439
raccoon_girl,7808
aqua_umbrella,87
hello_kitty_(character)_(cosplay),75
hand_on_handle,82
pink_sarong,752
striped_wristband,204
axe_kick,197
asahigaoka_school_uniform,176
skirt_under_kimono,198
yellow_petals,841
chain_around_arm,519
weibo_watermark,20621
ganbaruzoi,130
feather_choker,64
zero_two_(darling_in_the_franxx)_(cosplay),65
black_streaks,1587
lace-trimmed_sailor_collar,67
bandaid_on_breast,186
aqua_tank_top,161
white_petals,1049
sokutai,110
checkered_wristband,78
hair_through_headwear,3023
armpit_crease,28294
argyle_kimono,126
holding_mop,1654
holding_sheet,315
cross_choker,1831
mask_on_shoulder,74
grabbing_another's_hand,580
holding_straw,71
kamakura_(city),84
holding_drinking_straw,456
mochi_trail,1538
green_track_suit,288
index_fingers_raised,1509
gold_gloves,398
grey_cloak,1387
chippendales,50
holding_bamboo_shoot,64
holding_hair_ornament,287
clawed_boots,186
looking_at_food,2953
neck_armor,63
hooded_cardigan,1883
cord_pull,181
bandaged_foot,1030
artist_name_(singer),234
orange_bag,567
gold_nails,460
aqua_eyeshadow,394
weapon_case,1279
wing_earrings,146
double_middle_finger,475
four-leaf_clover_earrings,87
red_armband,8174
raccoon_hood,255
torn_sarong,67
cat_symbol,108
sparse_pubic_hair,4117
moe2018,196
ribbon-trimmed_footwear,69
holding_comb,935
order_of_the_black_knights_uniform,203
playground_equipment_(kemono_friends_pavilion),112
frilled_wristband,1136
polka_dot_jacket,144
panties_day,304
two-tone_sleeves,831
navy_cross,199
holding_cloth,678
two-tone_sweater,1414
odogaron_(armor),87
tapping_shoulder,86
tapping_finger,97
alpaca_girl,330
jacket_around_neck,130
camouflage_tank_top,131
knights_of_the_round_uniform,360
black_sarong,727
brown_sarong,88
squirrel_boy,182
washing_another,456
gear_print,226
extended_upskirt,160
grenade_pin_in_mouth,138
jellyfish_hair_ornament,202
camisole_pull,280
pelvic_curtain_lift,1251
5others,822
underworld_(ornament),747
chi-hatan_school_uniform,341
gift_between_breasts,115
borrowed_hairstyle,650
dolphin_earrings,50
st._louis_(azur_lane)_(cosplay),181
head_on_another's_stomach,180
hands_out_of_frame,123
l'avenir_academy_school_uniform,170
yokosuka_girls_marine_high_school_uniform,624
kuoh_academy_school_uniform,472
fullbottle,118
hazard_trigger,61
studded_thigh_strap,90
majo_shuukai_de_aimashou,237
taiyou_gakuen_uniform,87
earmuffs_around_neck,307
holding_anchor,404
suzumebachi_(shikai),108
claw_hammer,328
holding_orb,695
metal_baseball_bat,749
sode_no_shirayuki_(shikai),132
hakka_no_togame_(bankai),128
zangetsu_(shikai),141
tensa_zangetsu_(bankai),182
brushing_another's_teeth,205
human_village_(touhou),237
money_fan,131
hand_guard,285
white_headdress,4971
monocular,59
papakha,1678
holding_baton,790
tent_interior,214
holding_spatula,1381
shumai_(food),91
panties_around_feet,63
checkered_hairband,1041
ink_stain,119
shure_55sh,73
multiple_drills,83
holding_chainsaw,945
layered_capelet,131
horned_mask,1144
oval_background,85
fruit_cup,711
otter_girl,330
werewolf_costume,594
disposable_cup,19890
purple_mittens,176
recreational_vehicle,146
carrot_pin,256
finger_on_forehead,60
glowing_heart,158
holding_bandages,218
star-shaped_eyewear,1365
plaid_kimono,146
holding_pill,204
implied_pornography,116
pink_carnation,74
holding_skateboard,458
spider_web_tattoo,150
hand_on_book,57
sitting_on_branch,997
blue_petals,956
seascape,170
yellow_bandeau,180
belly-to-belly,420
bellyjob,65
holding_controller,6051
studded_choker,1487
school_connection,50
1other,94689
mimosa_(flower),346
on_cloud,413
ribbed_jacket,78
heart-shaped_cake,177
holding_waist,61
grabbing_another's_arm,18707
leaning_against_vehicle,161
roselia_(bang_dream!),121
ram_(computer),54
poison_apple,71
collared_cape,3804
grazing_(livestock),77
lace-trimmed_jacket,85
blue-tinted_eyewear,3630
veiny_tentacles,107
half-nightmare,72
nemophila_(flower),761
black_sports_bra,13854
grey_sports_bra,2874
holding_map,1277
penguin_hair_ornament,70
triangle_earrings,4070
mortar_shell,54
virtuous_treaty,89
neck_blush,234
purple_corset,730
air_jordan_1,339
holding_teapot,1910
peed_self,149
chesto_berry,76
holding_watering_can,1024
eyewear_strap,3343
mailbox_(incoming_mail),741
postbox_(outgoing_mail),583
half-soles,148
skid_mark,85
fan_hair_ornament,695
eyebrows_visible_through_mask,104
desert_tech_mdr,128
brown_sash,1545
pink_cat,317
red_cat,80
lace_shirt,216
blue_leaf,62
sr-3mp,61
undersized_animal,1086
holding_money,1746
looking_at_doll,79
holding_spring_onion,1008
print_mask,227
blue_flag,72
diagonal_bangs,8571
white_unitard,175
frilled_garter,547
chocolate_chip,54
cat_choker,994
no_neckwear,182
cinemagraph,50
hakama_removed,50
holding_microphone_stand,1753
two-tone_coat,2174
belfast_(azur_lane)_(cosplay),66
holding_shawl,139
gold_bowtie,189
4others,1515
3others,3542
mk_14_ebr,59
6+others,3298
frilled_eyepatch,111
holding_cage,475
holding_pendulum,708
demon_core,89
single_ear_cover,6427
multiple_others,21859
hanging_food,230
survey_corps_(emblem),1275
training_corps_(emblem),866
paradis_military_uniform,3948
military_police_brigade_(emblem),99
argyle_cape,89
honda_civic,159
holding_violin,2512
whole_note,160
half_note,801
quarter_note,4282
beamed_eighth_notes,9973
sixteenth_note,1030
beamed_sixteenth_notes,3266
thirty-second_note,51
quarter_rest,292
eighth_rest,270
sixteenth_rest,58
affliction_(darkest_dungeon),76
red_garter_straps,448
red_overalls,493
food_on_penis,112
blue_hanbok,51
white_shawl,1644
key_in_head,363
hair_over_crotch,275
horror_(theme),7465
grey_camisole,1024
sitting_on_liquid,110
brown_camisole,296
bandaged_wings,67
holding_rag,161
hand_on_weapon,691
crescent_tattoo,96
collared_cloak,364
step_and_repeat,426
holding_coat,566
single_epaulette,2032
onigiri_hair_ornament,120
purple_bandana,308
single_half_glove,651
alternate_ass_size,154
st._feles_gakuen_uniform,267
holding_earphones,550
grey_sleeves,4312
haregi,94
green_helmet,989
too_many_fish,76
hanging_from_ceiling,56
creamer_(vessel),438
genkou_youshi,92
pants_around_ankles,72
frilled_sailor_collar,2453
too_many_eyes,371
hair_through_hood,538
colored_armpit_hair,146
fade_(haircut),93
shining_resonance_collection_of_visual_materials,63
flying_button,840
skinned,80
leotard_tug,128
panties_under_bodysuit,58
cradling_phone,288
holding_rod,243
dotted_quarter_note,168
dotted_half_note,92
planet_hair_ornament,1161
aqua_capelet,221
red_horns,20138
gradient_border,526
black_garter_straps,4441
polka_dot_camisole,593
short_cape,89
cave_interior,740
holding_spork,384
flower_choker,2023
purple_garter_straps,148
afterglow_(bang_dream!),169
hello_happy_world!,112
poppin'party,109
holding_sewing_needle,304
holding_cd,165
horseshoe_print,213
horseshoe_ornament,5523
ak-15,159
headlamp,4020
waist_bow,9722
hexagram_hair_ornament,275
horse_dildo,364
holding_necktie,911
abs_peek,54
urine_meter,351
scratching_stomach,107
leaf_necklace,52
orange_suit,86
flower_to_mouth,592
open_happi,144
red_happi,72
red_leaf,75
extra_pupils,811
green_camisole,773
high-waist_shorts,7859
sleeveless_duster,551
multiple_hairpins,2647
sleeve_ribbon,2463
white_armband,1417
leather_bag,116
snowflake_necklace,124
drawn_tail,523
sitting_on_own_tail,161
transgender_flag,379
collared_capelet,1887
holding_newspaper,1300
pokemon_tail,610
drawn_ears,1696
leather_choker,187
palm-fist_tap,99
purple_butterfly,2267
zipper_footwear,323
heart_bracelet,144
animal_shoes,66
dinosaur_hood,220
hooded_kimono,223
hentai-foundry_username,112
petals_on_liquid,2035
multicolored_sarong,55
ribbon_of_saint_george,86
yellow_helmet,553
united_states_army,327
gekkoukan_high_school_uniform,5125
aqua_innertube,56
stuffed_eggplant,496
holding_ladle,3083
supportasse,197
character_badge,112
bird_of_paradise_flower,151
print_tank_top,370
red_tabard,1448
hoshinomiya_girls'_high_school_uniform,99
throwing_person,219
amigasa,79
knee_strap,341
grey_bag,1275
aqua_sash,349
brown_sandals,6166
blue_horns,4327
orange_sports_bra,460
bad_neck,346
holding_flashlight,737
pink_innertube,763
purple_innertube,191
lace_sleeves,1072
fake_video,830
purple_headband,900
forced_partners,190
mole_on_crotch,613
musical_staff_print,432
single_drill,709
single_earphone_removed,556
hanasakigawa_school_uniform,3182
haneoka_school_uniform,4632
pink_helmet,658
coffee_filter,62
black_negligee,167
holding_pokemon,5966
blue_overalls,7989
colored_condom,658
water_lily_flower,1042
camouflage_cloak,54
holding_pokedex,72
award_ribbon,289
cross-laced_leotard,293
holding_frying_pan,1748
holding_handheld_game_console,5026
holding_cue_stick,292
arm_pouch,1309
netnavi,1406
holding_butterfly_net,712
pokemon_on_shoulder,2251
multicolored_horns,4307
pokemon_on_head,2840
multicolored_hoodie,1353
frilled_bustier,88
french_text,1718
pokemon_on_lap,628
holding_alarm_clock,59
distracted_boyfriend_(meme),189
extra_teeth,229
fur_capelet,562
frilled_straps,942
holding_cable,359
hands_on_another's_ass,1185
clawed_gauntlets,2335
holding_wig,222
lightning_bolt_symbol,8189
blue_armband,3701
oppai_challenge,262
alternate_animal_ears,209
charisma_gyaru_(idolmaster),65
holding_duster,716
holding_flask,1112
pink_overalls,417
veiny_testicles,226
teddy_bear_sex,103
brown_pupils,296
holding_vegetable,2616
holding_cat_teaser,206
orange_innertube,168
wallet_chain,1329
multicolored_neckerchief,248
hole_in_head,214
black_straps,682
dress_flower,5219
lace-trimmed_nightgown,117
brown_overalls,711
tyrfing_(fire_emblem),122
yiga_clan,97
orange_sash,821
polka_dot_sarong,64
male_prostitution,141
holding_javelin,59
frilled_corset,328
holding_sex_toy,3505
holding_pitchfork,296
cheese_hair_ornament,55
crosshair_pupils,849
hand_on_own_ankle,380
torn_bag,82
asymmetrical_eyewear,451
penis_on_shoulder,101
silver_trim,1783
minoseki_gakuin_uniform,380
off-color_semen,54
purple_cat,326
floral_arch,372
single_leg_warmer,353
emoji_censor,191
imminent_suicide,487
mifune_takashi_(style),109
green_scales,1028
red_scales,1148
blue_scales,906
infinity_gems,57
holding_quill,1477
aqua_fur,229
red_wrist_cuffs,864
brushing_another's_hair,1986
feather-trimmed_jacket,385
hashihime,76
jaguar_girl,877
white_sports_bra,5110
frilled_bandeau,108
blue_raincoat,117
fur_choker,911
hand_on_own_back,69
pokemon_on_arm,450
holding_torch,1080
skunk_boy,51
mizura,343
pokemon_egg,484
grey_bloomers,64
presenting_foot,3260
skeletal_tail,190
hands_in_opposite_sleeves,3957
holy_grail_(fate),479
holding_string,650
elephant_hat,56
purple_shawl,457
horse_boy,922
purple_horns,3667
akademeia_uniform,120
torn_bodystocking,1576
brown_sports_bra,289
rhinoceros_girl,166
fish_hat,135
towel_around_breasts,81
frilled_nightgown,300
white_nightgown,1431
blue_nightgown,224
pink_nightgown,381
black_nightgown,862
brown_corset,3193
sakuragaoka_high_school_uniform,10533
aqua_feathers,161
multicolored_vest,169
brown_tank_top,602
white_string,61
diagonal-striped_shirt,364
diagonal-striped_skirt,237
purple_sweater_vest,851
aqua_tunic,290
ankh_earrings,74
giraffe_girl,235
fur_hood,130
tiger_boy,5059
goat_boy,1573
adjusting_hood,369
st._hermelin_school_uniform,310
seven_sisters_high_school_uniform,296
kasugayama_high_school_uniform,110
striped_overalls,51
loose_skirt,50
veiny_hands,1150
bikini_briefs,400
animal_background,238
yellow_sports_bra,495
leaning_on_weapon,215
bump_(volleyball),75
holding_leotard,52
blue_rose_sword,138
osmanthus_blade,150
capelet_lift,54
cross-laced_gloves,234
single_horizontal_stripe,2194
holding_own_leg,1546
white_polka_dots,144
orange_sleeves,1965
hat_bell,854
cheetah_girl,369
multiple_rings,14801
grey_eyeshadow,883
yellow_eyeshadow,479
motorhome,50
copyright_logo,3566
snowflake_choker,176
blue_garter_straps,203
striped_wrist_cuffs,236
heart-shaped_innertube,117
heart_ring_choker,565
striped_sash,225
doomguy_(cosplay),71
crescent_choker,445
frilled_bracelet,237
u.a._gym_uniform,465
blue_carpet,52
pearl_hair_ornament,1757
pearl_anklet,187
striped_innertube,237
holding_chair,135
tatenashi_high_school_uniform,94
no_cape,572
star_bracelet,360
diagonal-striped_bow,6497
hydrangea_hair_ornament,71
white_bag,4920
platelet_(hataraku_saibou)_(cosplay),84
hands_on_eyewear,293
yellow_butterfly,2163
brown_buruma,72
open_jumpsuit,656
victorian_maid,783
see-through_sleeves,15639
chapter_number,525
grey_jumpsuit,329
striped_bodysuit,285
lightning_glare,350
sparkle_hair_ornament,1225
multicolored_sash,140
diagonal-striped_bikini,86
mole_on_nose,216
belarusian_flag,57
shark_print,843
green_cat,120
hair_petal,67
face_filter,405
mole_on_ear,89
black_petals,83
orange_petals,148
butterfly_hat_ornament,351
red_tulip,704
imminent_bestiality,240
nontraditional_wedding_dress,193
leopard_girl,746
letter_hair_ornament,1949
vibrator_in_leg_garter,59
knees_out_of_frame,1443
brown_headband,448
flash_drive,66
cardigan_pull,59
mascara_wand,143
action_camera,60
holding_net,100
wind_chime_focus,64
frilled_footwear,589
chain_print,86
fried_egg_on_toast,466
holding_magazine_(weapon),305
covering_one_nipple,153
open_leotard,152
covered_fellatio,249
gingham_apron,453
pink_butterfly,986
paint_in_hair,115
animal_ear_fluff,249641
seishou_music_academy_uniform,801
mug_writing,278
holding_tanzaku,483
gradient_hat,69
argyle_footwear,268
holding_racket,623
constellation_hair_ornament,88
straight-laced_footwear,58
holding_blanket,996
asymmetrical_arms,842
hug_from_side,225
discord_logo,149
snake_box_sneak,127
pink_trim,1476
green_trim,1104
holding_magnifying_glass,1322
leech_girl,57
white_sandals,5122
orange_tail,2050
mustard_bottle,164
holding_club,908
brown_horns,6812
shell_print,69
latex_pants,450
feathered_dinosaur,86
sheer_gloves,123
mole_above_eye,1019
mole_on_cheek,3186
through_mirror,100
mechanical_skirt,69
asymmetrical_pants,814
grey_horns,4843
holding_crossbow,970
wrap_towel,68
legendary_super_saiyan,353
slime_hair,118
tilted_headwear,15800
sallet,149
gold_ring,2849
cartoonized,729
flotation_belt,60
napolitan,178
tootsuki_saryou_ryouri_gakuen_uniform,512
fellatio_under_mask,485
full-length_mirror,1576
s4_uniform,152
putting_on_condom,77
o-ring_leotard,56
hand_under_shorts,270
martial_arts_belt,1560
fur_bracelet,335
black_wrist_cuffs,2134
frilled_wrist_cuffs,3415
chinese_armor,508
narrative_formation,109
mahora_academy_middle_school_uniform,474
lace-trimmed_capelet,337
hamster_boy,62
holding_watermelon,1409
renpu_girls_school_uniform,133
heijou_institute_school_uniform,188
poke_ball_symbol,2924
penis_tattoo,86
thigh_scrunchie,216
white_horns,8073
crazy_crazy_(idolmaster),55
military_coat,436
suction_cup_dildo,340
adjusting_another's_eyewear,73
aqua_collar,291
aqua_sleeve_cuffs,78
flower_in_drink,94
aqua_sleeves,1180
yellow_horns,5386
smelling_pussy,125
ice_horns,151
white_scales,1341
pink_sports_bra,1010
yellow_sleeves,3229
sleeveless_jumpsuit,292
print_bed_sheet,69
fringe_trim,10995
taito_four_seasons_figure_(vocaloid),52
grey_pubic_hair,686
green-tinted_eyewear,1878
cardboard_cutout,285
side_handle_teapot,100
holding_skewer,1423
gondola_lift,53
cleaning_rod,51
inktober,1073
finger_tattoo,757
winking_(animated),800
black_helmet,2124
vehicle_focus,13788
rainbow_bikini,669
build_driver,183
triple_horizontal_stripe,166
blue_string,93
against_desk,125
inflatable_duck,65
stiletto_(weapon),1052
fur-trimmed_bandeau,78
unbuttoned_sleeves,207
print_collar,151
yellow_collar,668
grey_collar,581
hand_blush,630
vepr-12,53
living_shadow,89
cirno_day,626
on_boat,765
skirt_around_ankles,259
deer_antlers,3778
cupless_babydoll,189
single_loose_sock,199
shirt_under_sweater,566
boot_straps,84
toes_up,242
hair_branch,394
grape_print,312
green_horns,1819
eyewear_hang,2101
sleeveless_bodysuit,1570
collared_leotard,807
brown_dog,210
holding_hand_grip,672
standing_fellatio,107
holding_petal,721
improvised_weapon,177
single_inverted_nipple,152
bloblobber_(splatoon),91
velcro_footwear,99
youtube_logo,591
youtube_username,205
shinda_sekai_sensen_uniform,1618
pommel_tassel,165
necktie_in_mouth,452
grey_headband,219
aoshidan_school_uniform,360
x_anus,352
mismatched_armpit_hair,107
green_sports_bra,647
lotus_pod,287
pink_corset,347
ribbon-trimmed_corset,50
eyes_visible_through_eyewear,396
head_tattoo,216
water_pump,62
gradient_jacket,817
black_overalls,1051
green_overalls,945
white_overalls,552
grey_overalls,692
yellow_overalls,639
aqua_cloak,62
green_sleeves,6252
taihou_(azur_lane)_(cosplay),76
super_crown,5819
frilled_bonnet,665
bikini_bottom_aside,7724
ugly_sweater,76
red_couch,180
leather_collar,120
holding_folder,461
question_mark_ahoge,55
jika-tabi,159
orange_headband,2071
heel_up,2957
transparent_innertube,261
skull_choker,422
frilled_garter_belt,122
torn_camisole,51
bowsette_(cosplay),101
circle_cutout,388
alternate_body_size,1435
spiked_thighlet,332
holding_cushion,112
stitched_eye,194
grey_sash,443
rocker-chic,65
holding_drumsticks,2269
leather_wrist_straps,140
cucumber_slice,281
leather_footwear,69
studded_footwear,65
jackal_boy,661
frilled_chemise,74
kiana_kaslana_(cosplay),57
mole_on_back,299
club_hair_ornament,407
shiromuku,528
grey_tongue,239
arabesque_(pose),258
uzumaki_symbol,115
multi-strapped_bra,374
skull_hat_ornament,827
gradient_sleeves,670
hoodie_tug,60
lion_boy,2985
jumpsuit_around_waist,544
hedgehog_girl,1165
pantyhose_lift,53
latex_shorts,111
latex_top,143
pink-tinted_eyewear,3971
purple-tinted_eyewear,3709
yellow-tinted_eyewear,2558
orange-tinted_eyewear,6089
multicolor-tinted_eyewear,137
red-tinted_eyewear,5781
pants_tucked_in,1852
studded_garter_belt,325
pink_garter_belt,114
zipper_leotard,594
mismatched_eyebrows,1989
hose_between_breasts,107
angel_day,54
sploot,80
scale_print,370
incoming_headpat,149
chipmunk_girl,768
hood_grab,81
web_shooter,60
spiral_horn,84
sweater_under_dress,115
plug_(piercing),515
bird_boy,1869
green_nipples,241
sweater_under_jacket,197
tassel_earrings,13445
embroidered_legwear,75
pectoral_docking,655
black_chemise,149
pleated_shorts,1371
white_chemise,365
gold_hairband,3499
multicolored_eyeshadow,58
hitodama_print,1570
ribbed_cardigan,536
holding_handcuffs,941
pecjob,290
black_snake,237
brown-tinted_eyewear,772
dappled_moonlight,95
shinjou_akane_(cosplay),65
pearl_choker,329
red_corset,1040
headphones_over_headwear,402
button_gap,9610
pov_doorway,2604
female_orc,655
holding_collar,409
holding_boxcutter,442
elbow_blush,153
green_corset,436
vertical-striped_footwear,87
battery_indicator,3030
latex_corset,85
endless_knot,96
ku_koro,76
brown_horse,158
diving_regulator,214
thinking_emoji,202
takarada_rikka_(cosplay),59
rakko-nabe,54
multi-strapped_bikini_bottom,10106
backless_swimsuit,1037
acceptor,87
adapted_turret,1951
screw_in_head,797
removing_bandaid,113
cardigan_lift,310
holding_hairband,273
spiked_cape,226
multi-strapped_swimsuit,87
single_leg_pantyhose,9986
bois_de_justice,198
child_carry,1386
baby_carry,538
theresa_apocalypse_(cosplay),53
mismatched_horns,621
demon_costume,344
pleated_pants,263
holding_thermometer,240
peach_slice,67
vkontakte_username,68
calavera,106
spiked_sleeves,75
h&k_g11,497
single_wide_sleeve,440
striped_capelet,216
safe_(container),170
yellow_jumpsuit,719
sphere_earrings,6770
cross-laced_top,2170
patchwork_skin,3389
hands_on_own_crotch,171
ultraviolet_light,220
embroidered_dress,172
k/da_(league_of_legends),1999
sailor_collar_lift,685
adjusting_dress,80
ribbed_camisole,116
striped_nails,77
orange_mittens,120
single_eyebrow,155
multicolored_sleeves,405
lesbian_flag,255
asymmetrical_shorts,114
blonde_armpit_hair,63
white_innertube,391
multiple_penis_fellatio,133
black_loincloth,108
white_loincloth,276
holding_mace,752
looking_over_eyewear,5206
itunes_card,55
aks-74,101
object_in_clothes,578
sour_(taste),179
argyle_hat,134
single_elbow_pad,750
sweater_vest_lift,296
fur-trimmed_armor,344
braided_tail,129
blue_shrug,412
facing_up,1502
parker-hale_idw,75
zaisu,139
implied_prostitution,445
orange_robe,207
green_butterfly,595
pentakill_(league_of_legends),73
red_nightgown,67
fur-trimmed_sweater,206
red_lightning,217
diagonal-striped_bowtie,3278
golden_hour,209
grey_garter_straps,69
stitched_face,4107
cross_(weapon),195
single_bare_leg,1431
grey_sweater_vest,1585
shin_strap,448
urban_camouflage,82
woodland_camouflage,429
desert_camouflage,216
high-waist_panties,99
blue_sweater_vest,1805
pink_sweater_vest,1177
tinted_eyewear,33531
bandaid_hair_ornament,4093
brodie_helmet,394
skin_fang,77143
sakuramon,2072
yellow_sweater_vest,3231
stitched_leg,926
sarkany_csont_landzsa,90
orange_sweater_vest,174
purple_petals,503
double_fox_shadow_puppet,2244
green_suspenders,458
elbow_on_another's_shoulder,124
free_sex_sign,57
lace-trimmed_eyepatch,300
teitan_high_school_uniform,247
sitting_on_log,307
spirit_(super_smash_bros.),122
yellow_hood,526
drawn_crown,165
brown_sweater_vest,6222
flower_on_liquid,1110
gingham_bow,126
holding_suitcase,1965
audio_cable,133
holding_hourglass,126
cape_grab,118
pink_track_suit,1207
ears_back,293
purple_bandeau,220
multicolored_buttons,711
casteliacone,81
black_suspenders,207
spoken_letter,126
panther_girl,2537
brown_pajamas,174
too_many_bandaids,131
universal_federation_army_uniform,62
yellow_bandana,753
pink_overskirt,85
bun_(food),144
armored_legwear,444
holding_wreath,380
inconvenient_ass,97
album_name,531
cloud_background,203
holding_crutch,85
pause_button,174
volume_symbol,82
white_butterfly,2644
purple_tail,6052
white_sweater_vest,496
hand_under_dress,95
elephant_girl,136
imminent_fight,150
holding_charm,235
arm_scarf,475
frilled_tankini,58
gingham_bikini,88
place_name,163
eyebrow_cut,4087
rudder_footwear,4760
diagonal-striped_ribbon,235
number_print,1567
obvious_statement,84
holding_thermos,143
chinese_text,38055
german_text,2097
russian_text,3550
spanish_text,1623
portuguese_text,316
italian_text,975
thai_text,1789
dutch_text,64
ukrainian_text,233
vietnamese_text,215
indonesian_text,465
greek_text,419
swedish_text,132
finnish_text,372
latin_text,600
simplified_chinese_text,2615
traditional_chinese_text,1537
mojibake_text,94
engrish_text,8518
tagalog_text,70
bandaid_on_horn,178
romaji_text,7411
hebrew_text,73
star_guardian_(league_of_legends),1253
black_track_suit,213
holding_pinwheel,202
latex_skirt,226
chui_(weapon),113
hasshaku-sama_(cosplay),78
riding_pokemon,2085
star_color_pen,99
at_computer,980
planted_shovel,88
raise_a_suilen,52
gear_earrings,55
striped_arm_warmers,1467
opal_(gemstone),128
jade_(gemstone),608
aquamarine_(gemstone),90
phosphophyllite_(gemstone),104
turquoise_(gemstone),101
lapis_lazuli_(gemstone),69
amber_(gemstone),128
diamond_(gemstone),1821
pearl_(gemstone),3545
panty_bulge,119
bead_choker,905
pinyin_text,53
people's_liberation_army_ground_force,121
himejoshi,740
himedanshi,171
antler_ornament,372
holding_lipstick_tube,1549
orange_butterfly,528
black_shawl,723
sidelighting,8815
boar_tail,60
paperclip_hair_ornament,99
h&k_hk417,60
h&k_mg5,124
h&k_hk416,2043
paizuri_on_lap,450
type-1_energy_sword,68
borderless_panels,1454
cross-laced_skirt,1151
toned_female,13379
fur_bra,78
green_bustier,58
two-tone_cloak,348
stamp_mark,756
yellow_corset,106
mirialan,60
mechanix_wear,60
vertical-striped_overalls,55
holding_rock,353
holding_crayon,380
pink_lipstick_tube,77
fur-trimmed_robe,420
battle_effectiveness_award,172
reflective_clothes,238
ikea_shark,720
orca_hood,669
dominator_(bdsm),67
uranus_(planet),112
cavalier_hat,374
pouring_onto_self,1991
sainan_high_school_uniform,915
white_bustier,216
half-split_chopsticks,128
rose_window,71
mechanical_gloves,143
pumpkin_hat_ornament,133
purple_theme,12884
between_pectorals,1463
furaffinity_username,110
aqua-tinted_eyewear,72
facing_animal,80
plectrum_in_mouth,350
throat_grab,61
cross-laced_bikini,995
boar_hood,150
holding_drawing_tablet,199
holding_tablet_pc,2765
dress_straps,139
holding_remote_control,1761
implied_cannibalism,125
holding_game_controller,4543
bugles_on_fingers,102
asymmetrical_skirt,236
black_headdress,686
frilled_headwear,2616
mask_lift,943
industrial_piercing,2997
holding_water,192
reindeer_boy,105
feather-trimmed_coat,141
stomach_jewel,184
mad_burnish,87
hip_focus,15696
object_insertion_from_behind,173
dildo_riding,2077
red_overskirt,55
buffering,168
lofter_username,587
purple_overalls,326
pointed_footwear,217
v_over_mouth,2071
moe2019,227
retweet_chicks,80
whale_hat,661
fur_sleeves,457
pinstripe_bow,169
grey_corset,246
other_focus,22140
ring_hair_ornament,2335
sweaty_clothes,2345
water_masturbation,111
pokemon_on_back,377
two-tone_necktie,1535
magatama_print,73
holding_organ,133
surgical_light,65
holding_chalk,583
backless_kimono,111
aqua_overalls,84
sanitized_(splatoon),249
holding_shell,425
flower-trimmed_dress,359
pill_on_tongue,146
kemurikusa_(object),64
pill_earrings,1450
believe_again,53
seisen_school_uniform,83
purple_jumpsuit,136
pig_boy,344
black_sweater_vest,4299
cardigan_on_shoulders,179
eyes_visible_through_headwear,76
lion_print,71
black_bridal_gauntlets,5082
frilled_bridal_gauntlets,56
armpit_stubble,239
fire_hair_ornament,91
silent_princess,527
shiny_leotard,76
blue_tabard,2476
spinning_weapon,235
kingdom_key,421
niedersachsen_military_uniform,85
white_bridal_gauntlets,1259
toni_kensa_(splatoon),50
holding_carton,1178
holding_ema,135
ice_cream_crepe,206
kimono_on_shoulders,291
vertical-striped_bodysuit,425
multiple_hair_bows,12356
fundoshi_day,58
upright_69,84
drawn_horns,187
censored_gesture,320
paradeus,618
planted_gun,126
grey_shawl,281
holding_dice,329
grey_nipples,107
chest_rig,443
tetra_dualies_(splatoon),90
multiple_hat_bows,617
heart_facial_mark,3468
patchwork_clothes,1726
earflap_beanie,379
power_symbol-shaped_pupils,2472
lightning_ahoge,514
dog_shadow_puppet,112
fish_background,83
riding_boar,68
oyakodon_(sex),910
hooded_jumpsuit,199
pita_(food),51
holding_sketchbook,874
tam_o'_shanter,3170
heart_hat_ornament,747
creature_and_personification,3675
star-shaped_food,186
red_snapper,51
danish_pastry,54
original_remodel_(kantai_collection),312
sunburst_background,2497
grilled_fish,314
cat_stretch,317
breast_focus,2982
shark_hair_ornament,4908
instagram_logo,2870
food_in_pocket,70
scoop_neck,1024
reverse_grip_handjob,516
cuddling_handjob,531
crop_top_lift,135
triangle_cutout,91
mihoshi_middle_school_uniform,65
single_handcuff,377
cropped_shoulders,5818
condom_on_head,163
planted_axe,119
number_earrings,61
blowing_on_food,155
holding_apron,53
lap_pov,176
off-shoulder_cardigan,79
alpha_signature,597
flamenco_dress,324
aqua_theme,2883
grey_theme,2021
brown_theme,4388
black_theme,2458
green_theme,10258
orange_theme,5024
blue_theme,35645
pink_theme,17381
white_theme,4155
yellow_theme,7662
holding_kettle,339
sig_516,326
shindan_maker,768
official_alternate_costume,427245
two-tone_umbrella,143
tentacle_hair_ornament,56
button_prompt,164
strap_between_breasts,4937
holding_pickaxe,773
devil_sword_dante,51
glove_cuffs,89
orange_shawl,94
glitch_censor,100
sin_devil_trigger,60
frilled_sweater,160
poke_puff,129
holding_ice_cream_cone,1910
bikini_bridge,232
vibrator_over_clothes,104
wood_carving_tool,338
surf_(pokemon),62
transform_(pokemon),132
shadow_ball_(pokemon),78
substitute_(pokemon),318
oversized_eyewear,53
wooden_railing,368
black_fundoshi,282
peeing_on_penis,96
bruised_eye,739
nautilus_(splatoon),95
mask_around_one_ear,91
standing_leg_lock,168
holding_nail,293
aqua_sweater_vest,111
drinking_straw_in_mouth,3481
kalina_ann_(weapon),158
red_fundoshi,314
triforce_print,343
r-301_carbine,161
alternate_neckwear,63
mature_female,40461
presenting_armpit,11542
trainer_wants_to_battle,142
wraith_(apex_legends)_(cosplay),86
gomusin,94
covered_armpit,209
gyari_(imagesdawn)_(style),267
amaryllis_(flower),86
alstroemeria_(flower),92
inu-hariko,63
too_many_in_mouth,76
yamabushi_tengu,69
red_bonnet,302
holding_stethoscope,542
mouth_drool,10400
leather_chair,59
fur-trimmed_shoes,538
striped_border,105
ballpoint_splatling_(splatoon),75
reiwa,370
cable_knit,7350
striped_headwear,2691
hrothgar,370
vintage_car,56
padded_jacket,729
pinching_gesture,102
x_fingers,840
simulated_fellatio,1339
shoulderstand,70
pectoral_grab,2580
pectoral_press,1257
fishnet_bridal_gauntlets,114
taker_pov,512
catalyst_scimitar,100
brown_helmet,560
water_drop_hair_ornament,127
hat_over_hood,66
hat_under_hood,300
pinstripe_skirt,728
no_freckles,116
layered_gloves,703
midriff_tattoo,180
m87_black_hole,104
holding_sickle,273
foot_tattoo,71
one_bar_prison,52
screw_hair_ornament,749
spanking_self,73
holding_planet,150
striped_cape,208
chibi_on_shoulder,243
presenting_anus,416
danmaku_comments,308
lumiose_city,65
holding_acorn,92
binaural_microphone,301
aqua_tail,240
non-binary_flag,63
bisexual_flag,142
transparent_butterfly,108
pinstripe_vest,731
heart-shaped_ornament,850
gold_jacket,114
glow-in-the-dark,63
print_mug,831
em-2,296
implied_murder,462
mab_pa-15,60
biting_another's_lip,107
holding_case,453
qbu-88,65
channel_ppp,73
skin_fangs,5040
cloak_lift,74
snowflake_ornament,360
jack_of_diamonds,78
spiked_legwear,79
object_in_swimsuit,181
object_in_panties,142
mega_evolution_symbol,139
grey_tunic,211
herbarium,93
tented_shirt,1940
colophon,122
broken_halo,2862
glowing_liquid,133
precum_pool,61
prosthetic_fingers,59
sun_earrings,777
kimono_dress,320
hedgehog_boy,1278
holding_pacifier,59
holding_rattle,342
whipping_hair,50
price_list,232
red_sweater_vest,669
red_butterfly,1008
okawaii_koto,144
gradient_tail,764
tanline_peek,428
fake_transparency,307
lightning_bolt_print,1288
removing_bra_under_shirt,177
cross-body_stretch,836
transverse_flute,790
ferrofluid,105
you_died,112
holding_tweezers,63
looking_at_object,12821
gradient_pants,148
sapporo_beer,176
white_tabard,1418
nintendo_switch_pro_controller,146
pokemon_on_leg,62
french_clothes,74
reality_arc_(sinoalice),220
holding_eyeball,404
whisp,301
hair_belt,673
piercing_through_clothes,411
navel_focus,549
joint_(drug),168
lattice_mast,53
zunda_mochi,210
loss_(meme),54
foot_on_chest,51
frilled_veil,64
holding_dart,88
dynamax,1069
tail_slapping,83
planet_earrings,230
sports_bra_pull,191
mole_on_leg,355
reisalin_stout_(cosplay),85
lichtenberg_figure,216
bubble_tea_challenge,1339
chinchilla_ears,318
chinchilla_tail,125
meerkat_ears,382
meerkat_tail,236
night_sky_sword,80
object_on_pectorals,92
roswaal_mansion_maid_uniform,5557
hane_(hanetsuki),560
sirius_(azur_lane)_(cosplay),118
grey_pajamas,225
dirty_footwear,110
looking_at_reflection,277
holding_test_tube,1637
sports_drink,54
science_babies,631
too_many_memes,65
splatter_background,546
koala_forest_military_uniform,93
yellow_raincoat,1888
o-ring_bra,92
spoken_emoji,501
wimple,351
standing_restraints,152
upright_restraints,454
holding_veil,173
gigantamax,826
dynamax_ball,131
black_pajamas,453
keaton_mask,77
off-shoulder_jacket,2523
scar_on_nose,7102
happy_anniversary,810
samus's_gunship,63
fantia_username,109
shaved_body,151
holding_legwear,274
high-waist_bikini,80
buttjob_under_clothes,144
wicker_basket,216
neon_palette,877
front_zipper,555
holding_handkerchief,743
striped_wall,127
bifurcated_jaw,110
innertube_with_ears,182
mismatched_pupils,11283
triangle_ring,50
duck_innertube,251
pc-98_(style),564
usada_pekora_(cosplay),270
succulent_plant,112
green_eyeshadow,1335
purple_tunic,593
tournament_bracket,60
musical_note_background,110
sakura_miko_(cosplay),66
inugami_korone_(cosplay),57
arrow_(jojo),191
colored_inner_hair,109777
sothis_(fire_emblem)_(cosplay),115
lucina_(fire_emblem)_(cosplay),106
erdrick's_sword,168
moonlight_greatsword,181
covering_another's_breasts,195
vibrator_on_clitoris,171
opaque_monocle,105
frilled_hood,108
covering_forehead,94
grabbing_another's_breast,78308
padded_cloak,141
team_yell,215
chain_earrings,479
edelgard_von_hresvelg_(cosplay),66
sideless_outfit,6100
kaneda_shoutarou's_bike,201
fish_(food),3250
bazooka_(gundam),576
sleeve_bow,4379
holding_telescope,228
garreg_mach_monastery_uniform,6928
saizeriya,50
united_states_air_force,155
united_states_medal_of_honor,181
iwi_tavor,240
gambeson,733
two-tone_kimono,1300
meltryllis_(swimsuit_lancer)_(fate)_(cosplay),68
animal_ear_hood,2310
komedawara,81
holding_ice_cream,3916
minato_aqua_(cosplay),86
fabarm_sat-8,68
spade_cutout,95
o-ring_dress,399
artoria_pendragon_(swimsuit_ruler)_(fate)_(cosplay),137
latex_jacket,51
lamellar_armor,205
bofors_40_mm_gun,86
m1_bazooka,53
kaiouken,76
power_bottom,495
dirty_legwear,74
lace-trimmed_headwear,770
holding_seashell,115
dollhouse_view,213
baltimore_(azur_lane)_(cosplay),85
two-tone_hoodie,2092
cross_tie,2468
inflatable_flamingo,143
figure_skating_dress,474
holding_cannon,425
drill_ponytail,1954
holding_compact,164
outer_glow,465
mario_hat,57
vertical_comic,506
horizontal_comic,72
imminent_vore,198
low-cut_armhole,1095
strapless_jumpsuit,69
mob_face,944
female_fertilization,108
drawn_heart,456
formidable_(azur_lane)_(cosplay),67
dorothea_arnault_(cosplay),134
diamond_cutout,3439
bandaid_on_head,1249
colored_cum,67
ring-con,635
holding_snake,164
microphone_wand,199
d'orsay_heels,115
towel_on_arm,243
red_tunic,548
possum_ears,108
possum_tail,85
possum_girl,74
raccoon_boy,885
old-fashioned_swimsuit,76
seafood,199
fan_print,71
flower_armlet,76
simulated_footjob,362
food_on_foot,66
brazilian_flag_bikini,63
time_patrol_(dragon_ball),144
square_4koma,3397
kamado_nezuko_(cosplay),65
argyle_jacket,91
drawn_halo,117
escape_room,133
power_item_(touhou),458
noodle_stopper,58
holding_gohei,4117
kitauji_high_school_uniform,3705
tokimeki_poporon,118
flower_over_eye,1985
bandaged_wrist,2099
holding_wind_chime,94
black_scales,1744
clawed_feet,247
humagear_headphones,196
black_lightning,81
nursing_fingering,148
kettle_helm,151
brown_butterfly,57
transparent_bag,303
biscuit_(bread),159
sandwich_cookie,190
condom_on_nipples,252
block_heels,611
fruit_tree,481
assisted_stretching,411
jacket_over_head,92
multiple_head_bumps,67
holding_flute,1690
too_many_papers,104
slave_brand,290
ghoul_(fallout),62
curved_horns,418
two-tone_bra,394
two-tone_shorts,1078
triangle_background,337
skin-covered_horns,16889
belt_bow,237
off-shoulder_coat,300
flower_trim,840
triangle_hair_ornament,4798
rpk-16,154
holding_trophy,437
turtleneck_leotard,3904
babyls_school_uniform,74
stitched_fingers,197
glowing_headgear,207
two-tone_scarf,2142
female_goblin,1302
long_mustache,607
holding_drawing,626
borrowed_weapon,234
stomach_day,261
smash_is_for_good_boys_and_girls,70
binding_blade_(weapon),76
inverted_bob,6813
antelope_ears,214
antelope_horns,227
three_ramen_musketeers,61
odradek,108
cum_on_testicles,150
true_damage_(league_of_legends),68
smoke_grenade_launcher,73
sword_of_the_creator,585
josou_seme,1126
white_freckles,54
torn_choker,75
snap_my_choker_(phrase),66
rectangular_pupils,511
turtleneck_jacket,1775
fur_armlet,158
holding_glowstick,1372
standard_manufacturing_dp-12,154
kanohi_(bionicle),117
clothes_between_thighs,1715
wd-40,55
welcome_mat,68
two-tone_shoes,2403
german_army,241
qbz-191,76
baseball_field,181
two-tone_jumpsuit,94
nike_air_force_1,91
low-braided_long_hair,8970
gym_challenge_uniform,415
hand_cursor,116
charizard_pose,87
cracked_phone,153
spiked_cuffs,78
sam_porter_bridges_(cosplay),79
good_twins_day,60
b&t_mp9,110
black_haori,713
ribbon-trimmed_kimono,280
moon_uniform_(houseki_no_kuni),198
cross-laced_cutout,875
cross-laced_slit,1605
ladder_cutout,117
cross-laced_shorts,437
monstera_deliciosa,173
uta-garuta,62
nipple_injection,98
black_crown,473
checkered_haori,603
suspender_pants,136
kamihama_university_affiliated_school_uniform,788
republic_of_korea_army,127
leg_focus,363
short_apron,54
convenient_hand,133
bandaid_on_ear,185
sword_earrings,186
bandaged_tail,310
stitched_hand,162
holding_snowball,389
butterfly_brooch,1218
floating_gun,60
colored_tears,164
remington_arms,184
calvin_klein,659
footjob_with_legwear,3295
braided_bangs,12675
netorase,329
wireless_earphones,861
paper_in_mouth,81
holding_saxophone,196
rainbow_print,491
holding_harp,128
anchovy_(girls_und_panzer)_(cosplay),61
teeth_print,156
tower_shield,53
whale_girl,358
cutout_above_navel,3219
cutout_below_navel,159
off-shoulder_leotard,450
headwear_with_attached_mittens,592
collared_sweater,285
crane_(machine),1978
purple_trim,1279
mouse_on_head,296
imperial_aquila,180
servo-skull,81
mouse_on_shoulder,53
necklace_pull,80
sakae_general_school_uniform,464
xiao_guan_(headdress),2698
wooden_bowl,111
biretta,190
covered_abs,4779
1930s_(style),103
1950s_(style),58
1960s_(style),269
1970s_(style),992
1980s_(style),6151
1990s_(style),10873
holding_rabbit,590
nanab_berry,57
stopwatch_around_neck,607
metamoran_vest,1269
camping_chair,184
lipstick_ring,1006
dental_chair,60
holding_vase,227
leaf_pile,97
kintsugi,78
tsum-tsum,105
originium_(arknights),451
rhine_lab_logo,883
straylight_(idolmaster),349
houkago_climax_girls_(idolmaster),153
holding_clothes_hanger,973
eye_symbol,783
fish_boy,1752
holding_hoop,109
doctor_(arknights)_(cosplay),71
easy_breezy,95
pink_blanket,125
vernier_thrusters,353
string_of_light_bulbs,646
breast_curtains,6703
breast_curtain,2982
air_current,158
rococo_movement,91
diverdiva,174
alternate_shiny_pokemon,669
hyena_girl,666
chest_fur,283
green_light,297
areadbhar_(fire_emblem),177
failnaught_(fire_emblem),57
genderswap_(otf),2037
coronavirus,53
holding_nunchaku,237
bandaged_ankle,293
moose_girl,122
grabbing_another's_hair,9404
holding_flamethrower,378
yume_kawaii,2571
levin_sword,70
yato_(fire_emblem),180
two-tone_headwear,2399
binding_shield,70
tall_crown,103
penis_over_eyes,1399
grocery_store,96
crotch_focus,1484
charging_device,501
chain_pull,52
charging_forward,538
ferret_girl,406
character_watermark,398
holding_game_cartridge,64
holding_pitcher,90
no_nut_november,177
fiery_horns,1718
simulated_paizuri,375
moe2020,123
holding_hair_dryer,875
holding_snowman,245
tharja_(fire_emblem)_(cosplay),125
footjob_from_behind,273
buying_condoms,279
alter_servant,465
stealth_handjob,110
green_lightsaber,161
butterfly_hat,52
adjusting_belt,55
dragonstone,396
m_legs,13929
wide_spread_legs,5157
mantis_girl,332
character_background,164
agni_gandiva,133
orange_eyeshadow,618
bruise_on_neck,148
multiple_pov,94
wrist_tattoo,233
six_of_hearts,118
orange_sandals,248
fur-trimmed_headwear,9231
hand_on_animal,308
surgical_scissors,133
holly_hat_ornament,168
chocolate_hair_ornament,70
self-propelled_artillery,153
print_headwear,1814
camouflage_headwear,1142
vertical-striped_headwear,946
multiple_fusions,154
black_mouth,651
failnaught_(fate),97
gracidea,92
healing_wand,69
emotional_engine_-_full_drive,487
layered_shorts,166
holding_creature,1982
equipment_layout,314
red_lining,113
mouth_veil,4018
asymmetrical_jacket,177
osmanthus,529
soviet_school_uniform,362
holding_vacuum_cleaner,97
holding_tree,76
ass-to-mouth,89
hanging_legs,525
battle_chatelaine,125
hair_around_ear,517
smelling_clothes,1114
pendant_choker,5358
pokemon_wings,81
spotted_fur,475
lifting_animal,89
murasaki_shion_(cosplay),56
shirakami_fubuki_(cosplay),113
ookami_mio_(cosplay),62
tulip_hat,1765
bandage_on_leg,201
light_areolae,2075
bouncing_belly,51
reverse_bunnysuit,7275
fed_by_viewer,126
ornate_clothes,688
vintage_clothes,51
2000s_(style),13733
chima_(clothes),66
jeogori_(clothes),117
clothes_blanket,90
cup_on_head,153
aqua_trim,1581
tapir_girl,774
shitty_t-shirt_naval_base,250
cow_print_bikini,10601
vibrator_in_thigh_strap,980
healing_animal,183
nejikirio_(style),51
geissele_urg-i,71
gravure_swimsuit_(idolmaster),160
cable-stayed_bridge,54
angel's_swimsuit_(idolmaster),144
beauty_swimsuit_(idolmaster),84
tsukinomori_school_uniform,3558
holding_napkin,84
imminent_explosion,66
red_sheet,157
reverse_outfit,7624
boom_barrier,573
yamaha_pacifica,206
houshou_marine_(cosplay),344
italia_mondial,66
kunugigaoka_middle_school_uniform,257
champion_uniform,1375
fatal_fury_cap,239
poleyn,1051
lace_garter_belt,272
see-through_jacket,2488
microphone_cord,111
too_much_food,342
holding_halo,111
holding_chess_piece,574
evol_driver,51
crucible_(doom),73
marley_military_uniform,246
yellow_armband,2884
coronavirus_pandemic,487
alternate_horns,116
too_many_balloons,131
republic_of_china_school_uniform,57
penis_over_one_eye,725
gram_(fate),54
white_turban,234
soviet_air_force,57
soviet_army,377
camera_around_neck,870
penguin_logistics_logo,446
in_locker,447
holding_carrot,862
glowing_ears,87
ohisashiburi_(style),358
standing_on_three_legs,243
lotus_leaf,956
bow_apron,206
stealth_fingering,65
bremerton_(azur_lane)_(cosplay),59
bead_sex_machine,69
orange_tunic,281
chinchilla_girl,194
dualsense,217
playstation_5,364
fruit_sandwich,155
mask_bikini,105
glass_teapot,289
great_lungmen_logo,81
batten_japari_dan,51
drawing_on_air,231
frilled_coat,423
hololive_gamers,354
originium_arts_(arknights),794
six_fanarts_challenge,518
animation_paper,405
heart_maebari,3698
thumb_in_beltline,142
coat_on_head,61
ursus_empire_logo,158
power_suit_(metroid),1823
umbrella_sword,53
naked_dogeza,456
shinjuku_(tokyo),201
mercury_(element),443
ugly_bastard,2517
pokemon_rgby_(style),228
pineapple_on_pizza,115
multicolored_border,137
416_day,66
undersized_breast_cup,1287
lungmen_dollar,208
lgbt_pride,735
theodolite,55
snow_leopard_ears,980
snow_leopard_tail,957
hannya_(arknights),101
menacing_(jojo),943
localized_gravity,54
disposable_coffee_cup,4752
shampoo_challenge,54
junkyard_dog_mk_iii,61
number_hair_ornament,335
dragon_empery_(emblem),77
vichya_dominion_(emblem),127
sardegna_empire_(emblem),144
sakura_empire_(emblem),655
northern_parliament_(emblem),134
iron_blood_(emblem),586
iris_libre_(emblem),109
eagle_union_(emblem),527
glowing_arm,242
hamster_girl,375
ak-alfa,72
rainbow_hair_ornament,182
hololive_fantasy,453
jewel_butt_plug,620
gigantamax_(other),62
pool_party_(league_of_legends),137
on_ball,121
noctchill_(idolmaster),567
lolibaba,252
creature_on_lap,134
ko-fi_logo,135
object_on_bulge,53
feathered_dragon,256
holding_manga,263
two-tone_pants,1196
striped_fur,1297
pizza_slice,2094
arrow_(symbol),30394
arrow_(projectile),21620
teardrop_tattoo,1752
amane_kanata_(cosplay),64
chocolate_donut,345
too_much_fluff,114
shoe_belt,358
transparent_seat,221
black_liquid,503
lyra_(constellation),137
vega_(star),96
aquila_(constellation),100
yami_kawaii,949
crying_cat_(meme),76
starter_pokemon_trio,3113
dog_on_lap,64
drawn_whiskers,1238
fanbox_logo,522
fantia_logo,77
transparent_leotard,142
deku_mask,52
soap_dispenser,179
shiny_and_normal,1681
blacksteel_worldwide_(arknights),60
head_between_pecs,413
berry_(pokemon),1822
packing_peanuts,85
alstroemeria_(idolmaster),235
poke_ball_(basic),23381
penguin_logistics_(arknights),270
srw_battle_screen,128
vertical-striped_capelet,54
wrinkled_frown_(detective_pikachu),101
green_hill_zone,82
nekomata_okayu_(cosplay),67
ribbon-trimmed_coat,77
imperial_fists,92
emperor's_children,96
luna_wolves,51
grabbing_own_stomach,71
beyblade_(object),123
animal_name,147
animatronic,277
light_bulb_hair_ornament,117
zanscare,80
u.a._cheerleader_uniform,270
reunion_logo_(arknights),204
necktie_aside,65
glorious_success,68
human_stacking,517
superman_logo,286
boyshort_panties,680
dolphin_shorts,12551
red_claws,224
red_panda_girl,559
lemur_girl,64
looking_for_glasses,123
followers_favorite_challenge,578
cupless_bikini,627
two-sided_fabric,25403
two-sided_skirt,1289
two-sided_cloak,1290
two-sided_dress,1925
two-sided_cape,7267
two-sided_jacket,6632
two-sided_headwear,1660
abs_cutout,102
polka_dot_headwear,2053
crocodilian_tail,1610
glowing_tongue,56
takarazaki_school_uniform,157
simulated_facial,206
spiked_penis,607
holding_hands_is_lewd,151
shared_sense,108
invisible_table,109
see-through_pelvic_curtain,193
nanahyakuichi_middle_school_uniform,221
tsuganoki_second_junior_high_school_uniform,118
rhine_lab_(arknights),61
yuigaoka_school_uniform,2552
gap_(touhou),10179
thunderseal,134
ear_chain,1194
bra_visible_through_clothes,9635
blue_swim_trunks,314
back_muscles,449
pie_slice,524
pill_bottle,515
oversized_jacket,198
maihama_minami_high_school_uniform,84
rewind_button,65
quilted_jacket,533
penis_to_breast,1083
deer_boy,595
brown_bird,82
super_saiyan_1,1698
master_dojo_uniform,245
gold_tiara,904
looking_at_flowers,796
large_horns,988
dynamax_band,3021
artstation_logo,214
like_and_retweet,1717
lantern_on_liquid,286
in_shopping_cart,470
heart_on_chest,1108
striped_collar,193
mutekikyuu_believer,82
heart_out_of_chest,196
staccato_2011,151
light_in_heart,448
square_neckline,2181
cumulonimbus_cloud,4737
vanripper_(style),514
diagonal-striped_necktie,7581
post_guild_war_celebration,209
rabbit_pose,6231
headhunting_permit_(arknights),79
lily_servant,74
caterpillar_girl,77
grabbing_own_tail,93
running_towards_viewer,291
multiple_style_parody,155
shigure_ui_(vtuber)_(cosplay),105
nami_junior_high_school_uniform,554
mihama_junior_high_school_uniform,316
paw_print_soles,708
nata_(tool),1352
ags_(last_origin),88
after_bathing,1308
see-through_shorts,179
overblot,84
against_chalkboard,52
balmung_(fate),156
wooden_tray,194
imminent_hit,69
imminent_grope,86
convenient_breasts,139
anglerfish_girl,58
illicium,103
dark_repulser,103
pioneer_movement,89
see-through_sarong,1176
eel_boy,313
holding_lasso,135
helltaker_dance,82
pioneer_neckerchief,105
scout_movement,169
sugoi_dekai,611
solarpunk,142
bread_slice,4415
masanori_sato_(style),312
yume_e_no_ippo,88
dodododo,138
dandelion_clock,273
pelvic_curtain_aside,547
xbox_controller,171
crown_(symbol),235
maid_leotard,348
bow_hairband,16178
dark_anus,2790
string_of_fate,5388
hyena_boy,980
scar_on_leg,2938
scar_on_forehead,4940
scar_on_arm,9523
scar_on_ear,120
scar_on_stomach,3280
scar_on_chest,9177
scar_on_neck,3873
japanese_tankery_league_judge_uniform,79
circuit_board_print,200
side-tie_peek,1763
condom_on_ass,90
waist_tassel,86
holding_lid,142
holding_omikuji,124
mirko_(cosplay),143
estus_flask,60
haunted_house_(attraction),71
too_many_butterflies,293
blood_in_water,115
broken_vase,118
pinup_(style),764
chi_xiao_(arknights),85
shelving_book,86
bookshelf_pov,70
skirt_caught_on_object,606
pokedex_number,2162
holding_rake,60
money_between_breasts,85
advanced_nurturing_high_school_uniform,635
two-tone_vest,755
traffic_cone_on_head,84
iphone_11_pro,119
athletic_leotard,1905
abyssal_ship,26943
pregnancy_mark,120
shiny_lips,486
drawstring_pull,70
orange-shaped_earrings,114
megurigaoka_high_school_uniform,631
ciao_churu,179
cross-laced_bra,56
purple_veil,1559
two-tone_hat,1469
fling_posse,62
cheshire_(azur_lane)_(cosplay),65
sobu_high_school_uniform,1820
skull_on_head,1006
drive-thru,103
cut-here_line,548
pink_car,93
oripathy_lesion_(arknights),9284
tokoyami_towa_(cosplay),127
gold_jewelry,359
orca_hair_ornament,217
skull-shaped_hat,308
blood_on_back,128
shirogane_noel_(cosplay),57
rose_of_sharon,72
externally_piloted_mecha,99
dolphin_girl,650
dark_foreground,66
spiked_headband,659
yin_yang_pin,243
lifebuoy_ornament,885
jaguar_boy,342
fall_guy_(cosplay),56
videocassette_recorder,83
paw-shaped_pupils,425
bouncing_pecs,305
asacoco,231
applying_bandages,222
off-shoulder_bikini,2703
implied_suicide,175
orca_girl,822
blue_penis,127
red_penis,64
holding_frog,59
ketsui_no_hikari,54
simon_(ttgl)_(cosplay),103
kamina_(ttgl)_(cosplay),70
edie_crop_hoodie,124
gumroad_logo,414
presenting_breasts,1503
scout_uniform,139
crystal_tail,177
squatting_cowgirl_position,8674
plap,1738
chugging,61
procreate_(software),1441
fishbowl_helmet,473
chest_harness,14425
fur_vest,73
pyra_(xenoblade)_(cosplay),123
mythra_(xenoblade)_(cosplay),113
unconventional_vehicle,151
manta_ray_girl,53
chase!_(love_live!),159
may_(pokemon)_(cosplay),143
misty_(pokemon)_(cosplay),135
lyra_(pokemon)_(cosplay),69
hilda_(pokemon)_(cosplay),117
rosa_(pokemon)_(cosplay),138
nessa_(pokemon)_(cosplay),75
marnie_(pokemon)_(cosplay),132
raihan_(pokemon)_(cosplay),57
programming_(topic),81
jessie_(pokemon)_(cosplay),296
dawn_(pokemon)_(cosplay),271
james_(pokemon)_(cosplay),67
holofive,103
topless_male,47724
garlean,542
chikage_(bloodborne),84
blade_of_mercy,78
ribbed_tank_top,234
lion_hair,195
shield_hair_ornament,88
holding_cum,53
high-waist_pantyhose,1590
red_visor,346
chest_(furniture),87
panda_boy,543
rabbit_boy,3845
race_vehicle,1945
unusually_open_eyes,3780
veiny_thighs,365
butterfly_in_eye,79
desk_slam,98
ouran_high_school_uniform,250
pectoral_pillow,178
penis_and_testicles_touching,191
tail_strap,123
clothing_cutout,208670
holomyth,1150
mustache_print,176
tawawa_group,76
two-tone_apron,82
wetland,578
hornet_(hollow_knight)_(cosplay),187
gawr_gura_(cosplay),186
blank_censor,3398
pectoral_focus,1161
green_nightgown,69
ethan_(pokemon)_(cosplay),62
ninomae_ina'nis_(cosplay),170
selene_(pokemon)_(cosplay),74
cynthia_(pokemon)_(cosplay),52
gloria_(pokemon)_(cosplay),131
ice_cream_hair_ornament,352
doukyo's,158
transparent_hand,130
beatrice_(umineko)_(cosplay),70
guts_(berserk)_(cosplay),50
slaanesh_(symbol),65
syringe_holster,120
slimification,168
cuntboy_with_male,422
revealing_layer,727
character_cutout,432
bicycles_only_sign,52
black_tabard,223
purple_tabard,1393
meat_armor,132
holding_trowel,242
reverse_amazon_position,107
burial_blade,55
chain_leash,4721
ichigo_junior_high_uniform,80
two-sided_coat,3283
hylian_(language),58
plaid_belt,75
fishnet_bra,82
diamond_choker,140
pancake_stack,2067
cross-laced_sleeves,2576
bulges_touching,255
quilted_clothes,356
takanashi_kiara_(cosplay),98
cutesexyrobutts_(style),101
bus_stop_sign,222
pedestrian_crossing_sign,72
male_playboy_bunny,2935
horn_speaker,130
pp_tenshi_t-shirt,293
man_levitating_pizza_(meme),73
nontraditional_playboy_bunny,5423
northern_ocean_princess_(cosplay),159
crystal_flower,244
rabbit_brooch,112
rabbit_charm,125
orange_clouds,337
watson_amelia_(cosplay),91
intestine_clothing,97
smash_invitation,321
phone_stand,91
panther_boy,213
pink_clouds,478
multicolored_belt,87
le_malin_(azur_lane)_(cosplay),68
board_eraser,705
fish_skeleton_print,127
mori_calliope_(cosplay),73
spiked_horns,192
rabbit_pasties,58
too_many_condoms,79
kobeya_uniform,680
ness_(mother_2)_(cosplay),58
green_snake,64
tattoo_sleeve,223
water_on_glass,54
cloud_focus,347
sweater_tucked_in,1344
animal_ear_legwear,2146
alternate_facial_hair,650
dobok,89
black_gemstone,361
fur_shawl,1210
handcuff_dangle,200
diamond_hairband,1791
fur_skirt,216
implied_tail_plug,222
blood_on_flower,187
bandaid_on_wrist,90
loose_bandages,327
blue_wrist_cuffs,1346
kingdom_of_kazimierz_logo,204
elephant_boy,59
gladiator_sandals,2353
hoshimachi_suisei_(cosplay),100
green_sweater_vest,1771
retro_artstyle,20830
fortified_suit,836
mona_(genshin_impact)_(cosplay),198
winnie_the_pooh_reading_(meme),68
ribbon-trimmed_jacket,56
crewmate_(among_us)_(cosplay),110
index_fingers_together,3167
vision_(genshin_impact),25478
barbara_(genshin_impact)_(cosplay),65
dive!_(love_live!),148
compression_shirt,944
four_of_diamonds,105
three_of_clubs,161
ten_of_hearts,206
two_of_hearts,213
four_of_spades,109
nine_of_clubs,58
six_of_clubs,86
ten_of_diamonds,85
three_of_spades,143
five_of_diamonds,133
four_of_clubs,147
seven_of_clubs,125
three_of_diamonds,189
two_of_clubs,115
two_of_diamonds,177
seven_of_hearts,143
three_of_hearts,214
eight_of_hearts,118
five_of_spades,157
dvd_logo,630
eight_of_clubs,103
six_of_diamonds,108
blu-ray_logo,136
eight_of_spades,73
ten_of_spades,158
seven_of_spades,96
five_of_hearts,203
nine_of_diamonds,77
kaenken_rekka,50
partially_opaque_glasses,416
wriggle_day,98
fur-trimmed_arm_warmers,106
makima_(chainsaw_man)_(cosplay),129
bouncing_bulge,76
expedition_uniform,186
ryu_(street_fighter)_(cosplay),83
multiple_monitors,681
shared_artificial_vagina,56
bonfire_(dark_souls),140
lotus_hair_ornament,120
star_pendant,220
super_chat,151
blunt_tresses,2927
multi-strapped_dress,82
holding_hoe,85
food_bite,1437
duel_(yu-gi-oh!),60
uekawa_yuji_(style),56
bad_multiple_views,61
sagging_testicles,308
on_moon,476
spiked_pauldrons,1216
remote_control_vehicle,101
smoke_from_mouth,72
z_saber,891
duel_academy_uniform_(yu-gi-oh!_gx),1595
duel_academy_uniform_(yu-gi-oh!_5d's),64
cracked_helmet,57
ok_sign_over_eye,456
blue_trim,2663
text-only_page,3147
winged_bag,260
colored_nipples,1989
grape_juice,58
multiple_halos,196
youtube_creator_award,205
standing_cunnilingus,544
starry_hair,1283
kitchen_hood,190
halloween_bucket,3136
syringe_gun,139
utensil_in_mouth,2161
forced_exposure,308
prosthetic_sword,50
zombie_costume,56
stitched_neck,1011
see-through_legwear,3295
stitched_arm,1648
jk_gumi_(nijisanji),226
cycling_uniform,596
face_to_pecs,439
holding_vial,265
weapon_across_shoulders,67
green_male_underwear,504
brown_male_underwear,223
black_male_underwear,3483
white_male_underwear,3586
spike_piercing,371
crystal_hair_ornament,466
sea_angel_girl,57
pink_tabard,75
orange_male_underwear,245
yellow_male_underwear,327
linear_hatching,2983
lace_dress,255
torn_curtains,105
wavy_ends,183
pink_male_underwear,160
blue_male_underwear,944
frilled_pajamas,267
holding_another's_finger,131
grey_male_underwear,782
nintendo_switch_lite,158
primogem,299
red_male_underwear,1060
airpods,320
bismarck_(coat_of_arms),120
no_coat,471
winged_unicorn,326
stuffed_winged_unicorn,1167
holding_riding_crop,1937
heart_hairband,72
dream_with_you_(love_live!),67
muscle_awe,89
red_bodice,71
hip_tattoo,523
usada_kensetsu,73
flower_over_mouth,835
holding_tissue,164
mixed-language_text,6664
fold-over_boots,2883
butterfly_(love_live!),86
implied_death,387
dim_lighting,662
after_gangbang,72
holding_gag,117
scar_on_mouth,2168
klee_(genshin_impact)_(cosplay),135
twitching_penis,4384
orange_horns,1156
eye_glitter,123
snowflake_pendant,154
acorn_pendant,103
victory_rolls,368
anarchy_symbol,69
ayanokouji_martial_arts_school_uniform,59
no_genitals,144
elbow_carry,3063
public_address_system,102
intangible,173
male_swimwear_challenge,513
cum_on_pectorals,1358
my_little_pogchamp_(meme),84
cross-laced_vest,73
uneven_legwear,16825
nail_ornament,157
after_ejaculation,4075
o-ring_thigh_strap,5822
toilet_stall,1342
poster_(medium),1839
ground_pound,53
chin_on_palm_challenge,103
air_max,53
paprika_private_academy_school_uniform,420
knee_armor,238
colored_lights,96
purple_male_underwear,180
glowing_scar,67
geometric_pattern,114
solitude_rain_(love_live!),80
starfleet_uniform,109
la_chancla,101
door_chain,76
veiny_belly,71
blue_visor,1100
fumo_(doll),2394
food-themed_earrings,2392
pop_tab,53
striped_jumpsuit,70
puma_(brand),143
oil-paper_umbrella,16089
dakimakura_(medium),25045
empty_picture_frame,658
milestone_celebration,5716
panther_print,112
ragfes,207
gigachad_(meme),89
red_feet,99
testicle_tattoo,61
faux_text,54
oozora_subaru_(cosplay),84
american_football_uniform,429
american_football_(object),252
american_football_helmet,210
excessive_lactation,83
leopard_boy,638
snow_leopard_boy,341
gerudo_set_(zelda),634
snowquill_set_(zelda),128
desert_voe_set_(zelda),107
stealth_set_(zelda),124
zora_set_(zelda),64
soldier's_set_(zelda),85
climbing_set_(zelda),58
barbarian_set_(zelda),79
royal_guard_set_(zelda),231
hylian_set_(zelda),55
assertive_female,14062
obliques,3849
wrist_chain,80
antler_ring,58
umbrakinesis,413
electrokinesis,3041
ribbon_earrings,797
the_fool_(tarot),195
the_magician_(tarot),167
the_high_priestess_(tarot),130
the_empress_(tarot),146
the_emperor_(tarot),119
the_hierophant_(tarot),113
the_lovers_(tarot),196
the_chariot_(tarot),113
strength_(tarot),113
the_hermit_(tarot),127
wheel_of_fortune_(tarot),129
justice_(tarot),120
the_hanged_man_(tarot),128
temperance_(tarot),95
the_devil_(tarot),104
the_tower_(tarot),80
the_star_(tarot),161
the_moon_(tarot),138
the_sun_(tarot),132
judgement_(tarot),100
the_world_(tarot),105
tohru_(maidragon)_(cosplay),78
walk_cycle,85
colored_pussy,472
green_pussy,72
animal_ear_headwear,5494
great_pyramid_of_giza,62
nonstandard_furigana,159
two-sided_capelet,395
finger_to_own_chin,4067
shine!!_(idolmaster),77
dearly_stars_(idolmaster),110
kawaii_boku_to_142's_(idolmaster),275
project_krone_(idolmaster),107
illumination_stars_(idolmaster),228
prologue_rouge_(idolmaster),103
shiny_trinity_(idolmaster),77
star!!_(idolmaster),191
top!_clover_(idolmaster),79
across_the_stars_(idolmaster),97
beit_(idolmaster),91
beyond_the_nobles_(idolmaster),209
beyond_the_vibes_(idolmaster),129
beyond_the_wishes_(idolmaster),92
cinderella_dream_(idolmaster),83
dramatic_stars_(idolmaster),76
high_x_joker_(idolmaster),88
individuals_(idolmaster),150
mofumofuen_(idolmaster),105
nightmare_blood_(idolmaster),102
new_generations_(idolmaster),428
new_wave_(idolmaster),88
over_the_collar_(idolmaster),63
pikapikapop_(idolmaster),197
pink_check_school_(idolmaster),392
pink_diamond_765_(idolmaster),562
positive_passion_(idolmaster),72
project_fairy_(idolmaster),113
pure_white_memories_(idolmaster),178
rocking_school_(idolmaster),79
rough_time_school_(idolmaster),375
rosenburg_engel_(idolmaster),88
ryuuguu_komachi_(idolmaster),121
s.e.m_(idolmaster),85
sexy_guilty_(idolmaster),103
snowflake_liliput_(idolmaster),76
starry_sky_bright_(idolmaster),398
sunset_nostalgie_(idolmaster),121
triad_primus_(idolmaster),356
fireseal,74
my_dear_vampire_(idolmaster),329
vital_sunflower_(idolmaster),130
seizon_honnou_valkyria_(idolmaster),160
blackish_961sp_(idolmaster),66
check_my_note_(idolmaster),93
crystal_night_party_(idolmaster),73
dekitate_evo!_revo!_generation!_(idolmaster),65
grateful_blue_(idolmaster),68
l'antica_(idolmaster),173
million_dreams_(idolmaster),231
stage_of_magic_(idolmaster),74
starpiece_memories_(idolmaster),337
starting_brighty_(idolmaster),118
the_kogado_(idolmaster),89
miserable_fate,99
b3_wingman,248
head_between_thighs,756
vivid_world_(love_live!),68
azuna_(love_live!),94
feather-trimmed_dress,396
gnosis_(genshin_impact),352
walfie_(style),226
compact_(cosmetics),598
a-pose,865
wet_male_underwear,362
holding_scale,387
gold_horns,401
regal_blue_tang,162
pokemon_move,1274
pokemon_ability,239
pepe_punch_(meme),63
trickstar_(ensemble_stars!),84
red_trim,5725
z-move_trainer_pose,162
2wink_(ensemble_stars!),114
ryuuseitai_(ensemble_stars!),68
bare_pectorals,16978
crazy_b_(ensemble_stars!),50
object_in_pocket,1528
white_trim,4131
see-through_leotard,3877
kafra_uniform,312
dried_flower,69
skull_brooch,502
lace_veil,51
slime_(creature),4589
green_tabard,250
body_fur,27623
mole_on_armpit,1002
holding_party_popper,560
brown_bandana,212
fur_(clothing),534
hope's_peak_academy_school_uniform,912
sword_print,368
organ_(instrument),211
hf_murasama,52
infection_monitor_(arknights),11397
callie_(splatoon)_(cosplay),71
marie_(splatoon)_(cosplay),59
running_blades,129
scar_on_back,1105
holding_utensil,382
santa_leotard,72
two-sided_gloves,601
crescent_pin,5554
kjerag_logo,176
liquid_weapon,145
ganyu_(genshin_impact)_(cosplay),175
instant_soba,373
gold_headband,244
super_full_power_saiyan_4_limit_breaker,79
aether_(genshin_impact)_(cosplay),95
lumine_(genshin_impact)_(cosplay),187
argyle_coat,200
holding_fireworks,3022
queen_of_spades_symbol,1052
uroko_(pattern),342
christian_louboutin_(brand),434
broken_statue,103
fold-over_gloves,599
kanoko_(pattern),538
yellow_tang,118
starfish_bikini,112
blue_eyeliner,753
drip_(meme),91
rgb_lights,75
pink_eyeliner,619
scar_on_hand,1593
swedish_uniform,64
epiphyllum,499
touching_another's_back,70
hair_between_horns,739
tre_kronor,57
group_(toaru),100
kerosene_heater,273
tan_tan_pou,138
molcar,368
straight-on,39520
grey_mask,380
goggles_around_breasts,132
earth_(planet),6165
feathered_cape,73
orange_fire,86
holding_gem,1128
blue_pussy,204
chaldea_logo,1734
eye_in_mouth,54
mercedes-benz_amg_gt,75
male_maid,7146
purple_pussy,101
see-through_shawl,703
condenser_unit,735
diamond_button,6681
golf_course,130
matcha_(food),490
tomato_slice,879
fried_food,87
softboiled_egg,402
iron_warriors,70
t-back_spats,52
oyster_pail,69
extra_horns,96
print_male_underwear,391
criss-cross_suspenders,60
mechanical_hair,364
grilled_corn,107
sidepec,2832
monocle_chain,746
yellow_bird,477
green_male_swimwear,309
sparkle_earrings,125
circus_tent,64
puzzle_piece_hair_ornament,94
color_timer,1021
tail_around_neck,83
character_snowman,288
danganronpa_10th_anniversary_costume,414
alcina_dimitrescu_(cosplay),81
poker_face_failure,75
pinstripe_pants,1190
ball_and_chain_(weapon),1069
gaming_chair,1903
arondight_(fate),210
caladbolg_(fate),151
caliburn_(fate),1170
clarent_(fate),869
enkidu_(weapon)_(fate),344
excalibur_morgan_(fate),1653
excalibur_galatine_(fate),139
fragarach_(fate),86
gae_bolg_(fate),3808
invisible_air_(fate),381
joyeuse_ordre_(fate),68
medjed_(fate)_(cosplay),321
nameless_dagger_(fate),607
photon_ray_(fate),342
rhongomyniad_(fate),316
twinmyniad_(fate),208
black_keys_(type-moon),807
clitoris_chain,124
adzuki_bean,162
red_bean_paste,221
abigail_williams_(fate)_(cosplay),105
florence_nightingale_(fate)_(cosplay),356
fou_(fate)_(cosplay),116
helena_blavatsky_(fate)_(cosplay),51
ishtar_(fate)_(cosplay),87
kama_(fate)_(cosplay),75
green_mask,275
shuten_douji_(fate)_(cosplay),244
cross-species_cosplay,232
wrap_skirt,58
kojitsunagi_(pattern),72
zawa_(onomatopoeia),116
dokuzuhonsha,57
prydwen_(fate),327
gate_of_babylon_(fate),562
vasavi_shakti_(fate),229
kanshou_&_bakuya_(fate),981
gae_dearg_(fate),800
gae_buidhe_(fate),621
ionioi_hetairoi_(fate),97
gordius_wheel_(fate),71
volumen_hydragyrum_(fate),279
himitsucalibur_(fate),158
kaisendon,52
scar_on_ass,119
tail_on_face,110
disguised_pyra_(xenoblade),94
satin_bra,355
satin_bikini,213
pink_male_swimwear,62
print_male_swimwear,164
black_male_swimwear,1434
red_male_swimwear,566
scar_on_tail,811
ushiwakamaru_(fate)_(cosplay),52
scathach_(fate)_(cosplay),105
jeanne_d'arc_alter_santa_lily_(fate)_(cosplay),93
mysterious_heroine_x_(fate)_(cosplay),57
mysterious_heroine_xx_(fate)_(cosplay),84
passionlip_(fate)_(cosplay),66
meltryllis_(fate)_(cosplay),82
black_tunic,329
brown_male_swimwear,75
large_pectorals,52320
implied_after_fellatio,213
alternate_species,1240
star_brooch,2556
pet_cone,151
red_lightsaber,411
admiral_(kancolle)_(cosplay),395
akagi_(kancolle)_(cosplay),89
akatsuki_(kancolle)_(cosplay),72
amatsukaze_(kancolle)_(cosplay),178
asashio_(kancolle)_(cosplay),73
atago_(kancolle)_(cosplay),105
atlanta_(kancolle)_(cosplay),56
bismarck_(kancolle)_(cosplay),81
etorofu_(kancolle)_(cosplay),54
fletcher_(kancolle)_(cosplay),62
fubuki_(kancolle)_(cosplay),174
gotland_(kancolle)_(cosplay),119
hamakaze_(kancolle)_(cosplay),67
haruna_(kancolle)_(cosplay),104
hibiki_(kancolle)_(cosplay),74
hiburi_(kancolle)_(cosplay),71
i-401_(kancolle)_(cosplay),53
iowa_(kancolle)_(cosplay),57
jervis_(kancolle)_(cosplay),72
johnston_(kancolle)_(cosplay),115
kaga_(kancolle)_(cosplay),128
lactating_into_container,340
kagerou_(kancolle)_(cosplay),53
kamoi_(kancolle)_(cosplay),69
kashima_(kancolle)_(cosplay),249
kasumi_(kancolle)_(cosplay),76
katori_(kancolle)_(cosplay),230
two-sided_hoodie,231
kiso_(kancolle)_(cosplay),58
kongou_(kancolle)_(cosplay),173
libeccio_(kancolle)_(cosplay),138
maru-yu_(kancolle)_(cosplay),57
maya_(kancolle)_(cosplay),65
murakumo_(kancolle)_(cosplay),93
musashi_(kancolle)_(cosplay),90
golden_axe_(weapon),65
white_male_swimwear,450
nagato_(kancolle)_(cosplay),93
naka_(kancolle)_(cosplay),98
blue_male_swimwear,977
ooyodo_(kancolle)_(cosplay),58
prinz_eugen_(kancolle)_(cosplay),68
ro-500_(kancolle)_(cosplay),202
ryuujou_(kancolle)_(cosplay),82
sagiri_(kancolle)_(cosplay),252
samidare_(kancolle)_(cosplay),64
shigure_(kancolle)_(cosplay),126
shimakaze_(kancolle)_(cosplay),3981
shiratsuyu_(kancolle)_(cosplay),57
suzuya_(kancolle)_(cosplay),117
taihou_(kancolle)_(cosplay),76
takao_(kancolle)_(cosplay),94
tatsuta_(kancolle)_(cosplay),70
tenryuu_(kancolle)_(cosplay),114
tone_(kancolle)_(cosplay),51
warspite_(kancolle)_(cosplay),55
yamato_(kancolle)_(cosplay),117
yukikaze_(kancolle)_(cosplay),195
yuubari_(kancolle)_(cosplay),70
yuugumo_(kancolle)_(cosplay),54
z1_leberecht_maass_(kancolle)_(cosplay),100
z3_max_schultz_(kancolle)_(cosplay),198
zuikaku_(kancolle)_(cosplay),87
keqing_(genshin_impact)_(cosplay),59
slime_(substance),8121
grey_male_swimwear,111
mature_male,40155
alternate_pectoral_size,946
single_mechanical_arm,9113
single_mechanical_leg,514
single_mechanical_hand,865
purple_male_swimwear,83
google_street_view,75
moe2021,207
dialogue_options,382
eimi_(blue_archive)_(cosplay),52
ghost_earrings,171
japanese_saw,211
skull_cup,110
improvised_umbrella,311
heart-shaped_chocolate,7692
fascinator,1211
blood_on_mask,152
leaning_on_animal,146
astolfo_monster_cosplay_(meme),98
yellow_male_swimwear,204
emergency_exit,110
foot_against_wall,93
squirting_liquid,209
brown_eyeshadow,193
weighing_breasts,66
low_horns,547
hug_and_suck,171
stele,50
tentacle_hands,60
pierced_hat,90
blue_dougi,58
arm_mounted_weapon,240
holding_figure,148
super_smash_bros._logo,137
heart_hair_bun,528
cactus_girl,77
excessive_nosebleed,387
genderswap_(otm),481
cigarette_pack,1262
shirow_masamune_(style),54
scar_on_breasts,558
booba_(meme),84
shout_lines,728
flying_animal,105
aqua_butterfly,108
golden_sword,193
sword_between_thighs,140
st._lucia_academy_school_uniform,432
tracen_school_uniform,28585
playboy_pokemon,62
holding_ruler,239
orange_male_swimwear,160
awakening_promise_(love_live!),61
cepheus_(constellation),54
bootes_(constellation),60
axolotl_girl,146
axolotl_tail,56
huge_horns,826
sa-3_mozambique,50
r-99_smg,106
vk-47_flatline,58
carrot_in_pocket,161
nepolabo,326
see-through_capelet,172
shoulder_patch,638
reverse_fellatio,1304
money-shaped_pupils,85
one-hour_drawing_challenge,38359
wiffle_gag,5924
sleeve_garter,3529
peach_ornament,128
shouting_with_hands,167
minecraft_sword,270
aegis_sword_(xenoblade),846
umbrella_octopus,233
footwear_bow,9558
hinadan,180
super_leaf_(transformation),106
scar_on_chin,285
alaskan_klee_kai,57
animal_hairband,95
heart_brooch,10621
hip_gear,150
sonic_the_hedgehog_(cosplay),151
m1904_mastiff,61
star_facial_mark,3553
teardrop_facial_mark,4658
crescent_facial_mark,2467
flower_facial_mark,157
evolutionary_line,5705
chicken_sandwich,58
star_on_cheek,167
footwear_ribbon,1857
see-through_bodysuit,576
vertical-striped_coat,450
long_belt,124
frilled_suspenders,62
smelling_underwear,241
smelling_ass,334
arthropod_girl,8589
arthropod_boy,1453
heart_halo,731
arm_fins,343
simulacrum_(titanfall),622
icho_private_high_school_uniform,1718
tachihanabishi,224
crotchless_bodysuit,109
aozora_middle_school_uniform,213
kirarigaoka_middle_school_uniform,72
wind_glider,100
grey_bandana,83
artist_glove,248
archery_shooting_glove,629
looking_at_pussy,162
spiral-only_eyes,698
gloved_handjob,5836
disembodied_eye,1171
eye_focus,3312
slap_mark_on_face,266
kris_(weapon),53
floating_neckwear,1031
ichigozaka_middle_school_uniform,56
penis_in_glove,130
sukoyaka_middle_school_uniform,65
yurigaoka_girls_academy_school_uniform,2514
imminent_masturbation,92
blush_visible_through_hair,435
downward_dog,340
joker_(dc)_(cosplay),102
swordstaff,85
two-tone_choker,374
official_alternate_hairstyle,62443
narehate,255
altyn_helmet,93
traffic_barrier,301
silver_armor,83
saiko_heart_(love_live!),66
exciting_animal_(love_live!),67
tsunagaru_connect_(love_live!),64
mihono_bourbon_(umamusume)_(cosplay),81
mechanical_spine,505
zone_(energy_drink),74
two-sided_shirt,72
kamura_(armor),226
cream_on_breasts,272
necktie_over_shoulder,67
holding_paper_airplane,599
disembodied_mouth,78
archer_(fate)_(cosplay),228
silence_suzuka_(umamusume)_(cosplay),68
daiwa_scarlet_(umamusume)_(cosplay),73
mejiro_mcqueen_(umamusume)_(cosplay),71
energy_barrier,647
p2020_(pistol),61
shimaidon_(sex),2290
footwear_ornament,81
pussy_sandwich,179
pinstripe_camisole,142
pinstripe_shorts,86
cat_penis,76
chocolate_strawberry,130
rice_shower_(umamusume)_(cosplay),82
nice_nature_(umamusume)_(cosplay),252
finnish_army,116
x-shaped_pupils,5503
luck_and_pluck,67
holding_lyre,256
reddit_username,113
chest_tuft,917
purple_hands,321
paw_tattoo,177
neuron_activation_(meme),59
character_tattoo,97
leon_s._kennedy_(cosplay),65
imminent_attack,147
unicorn_boy,91
urinary_drainage_bag,74
horse_pose,109
floro_(7th_dragon),94
bursting_pectorals,603
gilgamesh_(fate)_(cosplay),101
medusa_(rider)_(fate)_(cosplay),129
cu_chulainn_(fate/stay_night)_(cosplay),56
kaburagi_t._kotetsu_(cosplay),65
stoat_girl,111
pinstripe_jacket,2607
low_poly,893
sailing_ship,272
tying_footwear,446
scar_on_shoulder,1276
deez_nuts_(meme),66
naked_gloves,219
raven_guard,50
finger_counting,1092
cable_tail,2057
logo_hair_ornament,61
fanbox_username,3825
no-show_socks,181
glowing_hot,174
polyamory,86
seed_uniform_(ff8),97
poking_belly,315
holding_record,106
tokai_teio_(umamusume)_(cosplay),51
particle_cannon_case,398
gold_diadem,117
gold_ship_(umamusume)_(cosplay),85
collared_jumpsuit,200
pinstripe_kimono,83
monobloc_(chair),148
panzer_iii,87
calflet,122
agnes_tachyon_(umamusume)_(cosplay),111
aihara_academy_school_uniform,108
gibson_es-335,57
blob_(google),80
animal_on_finger,54
too_much_burger,72
burger_malfunction,133
scorpion_tattoo,184
cheek_tattoo,335
eye_injury,101
collarbone_piercing,169
kneeling_on_liquid,155
glowing_neckwear,52
shadow_(shadows_house),387
hajimari_wa_kimi_no_sora,107
snorkel_mask,96
religious_offering,117
silver_bodysuit,151
holding_tripod,225
minecraft_pickaxe,350
daemon_prince,68
spiked_hat,96
osandon,100
puttee,125
think_mark_think!_(meme),88
akira_slide,189
fishnet_dress,125
two-tone_bag,142
two-tone_wristband,53
yoru_(sword),117
dragon_mask,70
necktie_overhang,56
holding_tongs,533
aymr_(fire_emblem),170
veiny_arms,4139
just_the_tip,2074
chicken_boy,77
core_crystal_(xenoblade),2449
inverted_cross_necklace,104
raijinto_(fire_emblem),70
pussy_juice_in_container,55
blue_lightsaber,344
holding_slingshot,76
steel_mask,78
armpit_focus,2413
rainbow_hairband,125
fujin_yumi_(fire_emblem),117
grey_bandeau,91
hu_tao_(genshin_impact)_(cosplay),118
sword_in_head,204
rerebrace,1017
orange_armband,443
tail_armor,74
coat_stash,114
morning_glory_print,663
licking_own_nipple,147
glowing_clothes,372
food-themed_necklace,268
food-themed_bag,181
food-themed_ornament,367
food-themed_background,654
animal-themed_umbrella,158
food-themed_pillow,236
orange_hood,233
holed_coin,2084
holding_clock,80
rest_in_peace_(phrase),109
tall_male,400
hollow_(bleach),132
hollow_body,275
buchi_holes,110
implied_extra_ears,861
long_earlobes,1546
aqua_horns,610
shendyt,163
boar_boy,395
wooden_cup,206
center_axis_relock_stance,62
instance_domination,59
bikini_over_clothes,310
yellow_haori,180
content_rating,10357
kaito_(vocaloid)_(cosplay),83
jack-o'-lantern_hat_ornament,236
hood_over_one_eye,58
shirt_bow,826
holding_ear,119
finger_cots,248
afro_puffs,569
mika_pikazo_(style),58
flat_chest_joke,384
used_condom_on_penis,1227
belted_skirt,191
insect_hair_ornament,206
arrow_through_apple,171
jujutsu_tech_uniform,2076
vergil_(devil_may_cry)_(cosplay),75
clothes_shop,304
pee_in_container,289
pigeon_pose,127
holding_burger,1999
apu_spills_his_tendies_(meme),118
navel_peek,340
social_media_composition,132
alice_(alice_in_wonderland)_(cosplay),1512
cheshire_cat_(alice_in_wonderland)_(cosplay),292
mad_hatter_(alice_in_wonderland)_(cosplay),276
white_rabbit_(alice_in_wonderland)_(cosplay),397
march_hare_(alice_in_wonderland)_(cosplay),62
legs_on_another's_shoulders,86
queen_of_hearts_(alice_in_wonderland)_(cosplay),132
see-through_pants,314
hands_on_bed,64
gold_bow,157
long_necktie,168
horns_through_hood,271
choking_on_object,91
cuisses,774
clerical_collar,181
piledriver_(wrestling),72
piledriver_(sex),869
junko_day,69
roots_(hair),4609
bilingual_text,2286
food_in_ass,335
sekibanki_day,125
grey_facial_hair,129
black_facial_hair,231
brown_facial_hair,173
white_facial_hair,221
blonde_facial_hair,254
red_facial_hair,121
blue_facial_hair,102
olympus_(apex_legends),63
purple_facial_hair,222
green_facial_hair,72
string_around_neck,104
dashed_eyes,1711
red_ocean,242
mystical_high_collar,614
eyes_of_grima,317
reference_inset,8433
artifact_(genshin_impact),76
airplane_arms,212
full-body_tattoo,2314
brown_bandeau,139
mcm_(brand),52
kanba_girls_high_school_uniform,1129
ear_bell,308
incoming_kick,172
zombification,336
spiked_ball_and_chain,666
winged_halo,1037
cryptocurrency,52
scapular,113
yotsuwari-bishi,54
dildo_reveal,221
mage_staff,3999
fairy_(girls'_frontline),221
kcco_(girls'_frontline),188
hk416_(girls'_frontline)_(cosplay),50
kalina_(girls'_frontline)_(cosplay),124
torn_mask,140
404_(girls'_frontline),568
anti-rain_(girls'_frontline),266
defy_(girls'_frontline),213
404_logo_(girls'_frontline),263
footwear_flower,1193
jidaigeki,106
himation,391
x-shaped_eyewear,281
pom_pom_(cheerleading),20578
twitch_logo,313
self_milking,186
witcher_medallion,112
for_the_better_right?_(meme),70
pom_pom_hair_ornament,7784
coat_partially_removed,1323
shirt_cut_meme,287
multicolored_feathers,125
flaming_halo,347
licking_tears,56
san_(mononoke_hime)_(cosplay),58
flying_spittle,95
archaic_japanese_text,59
official_alternate_hair_length,12307
amaurot,75
hugging_own_legs,16300
coyote_boy,91
duck_boy,149
bone_weapon,79
head_fuse,95
fuse_tail,334
taurus_curve,60
capybara_girl,181
holding_shuriken,424
furry_with_furry,4357
furry_with_non-furry,7697
pectorals_on_glass,64
freudian_slip,118
see-through_mask,119
animal_hands,39149
heart_wand,685
single_pasty,57
excuse_me_he_asked_for_no_pickles_(meme),56
explosion_gag,227
subarashii_pose,66
bee_print,54
game_screenshot_background,1141
tangyuan,90
agatha_chris_q_outfit_(touhou),62
bandaged_chest,2098
paw_print_palms,150
frogging,57
from_hat_trick,118
duck_girl,171
heart_on_cheek,354
licking_leg,169
lone_nape_hair,1921
don't_you_ever_stop_(meme),79
tail_around_arm,183
holographic_clothing,990
qingxin_flower,902
tracen_academy,193
staff_of_homa_(genshin_impact),542
viewer_holding_leash,2585
viewer_on_leash,706
holoforce,255
baton_(weapon),1102
anya_(spy_x_family)_(cosplay),182
shield_print,354
agemasen!_(meme),167
gold_lips,77
fat_rolls,1026
piercing_hole,207
uneven_sleeves,3839
uneven_footwear,725
penis_under_another's_clothes,807
gold_cape,154
umapyoi_(phrase),124
licking_testicle,865
licking_navel,207
licking_thigh,117
scalp_massager,53
see-through_cape,267
manya_(dq4)_(cosplay),56
duellist's_cap_(tier_6),177
sitting_between_lap,363
holding_ofuda,650
covered_testicles,1383
innovators_(gundam_00),189
watercolor_background,339
large_head_wings,57
fur-tipped_tail,972
two-tone_wings,1124
kissing_stomach,166
kissing_back,163
kissing_leg,129
kissing_ear,198
kissing_eye,107
kissing_nose,251
turtle_boy,219
glass_footwear,96
liquid_halo,901
finger_claws,261
toon_(style),4046
breast_curtain_lift,317
coconut_cup,359
meerkat_boy,53
xtransceiver,153
kalashnikov_rifle,3077
fake_head_wings,95
crane_print,109
area_15,126
hiroshimaben,232
white_whale,57
wolf's_gravestone_(genshin_impact),213
gradient_leotard,69
holding_flail,158
myers-briggs_type_indicator,68
razor_blade_hair_ornament,228
start!!_true_dreams_(love_live!),58
gardevoir_day,213
blood_on_knife,2676
blood_on_bandages,1534
blood_on_dress,255
shirt_partially_tucked_in,1057
kamisato_ayaka_(cosplay),52
three-toned_background,70
liquid_dress,133
yamaku_high_school_uniform,528
white_haori,585
ankh_print,58
holding_bento,484
scotch_(cookie)_(style),84
steam_deck,70
massage_table,131
character_backpack,300
ibispaint,79
foodification,581
thigh_focus,552
leather_strap,322
zipper_bikini,356
ei_ei_mun!,195
condom_in_hair,206
12_billion_yen_incident,62
holding_christmas_tree,78
ultra_beam,145
orange_mask,53
valz,50
looking_at_creature,442
almond_tofu_(genshin_impact),82
sweet_madame_(genshin_impact),68
chicken-mushroom_skewer_(genshin_impact),58
golden_shrimp_balls_(genshin_impact),94
wolfhook_(genshin_impact),58
kei_(keigarou)_(style),94
vehicalization,106
emotionless_sex,1792
black_horse,168
furry_female,47843
furry_male,47137
in-universe_location,2940
servants_holding_aphrodite's_breasts_(meme),59
marmyadose_(fate),121
habanero_pepper,126
hanging_lantern,543
mash_kyrielight_(dangerous_beast)_(cosplay),1525
obsydia_(nijisanji),106
lazulight,247
tiktok_logo,314
souffle_pancake,324
oguri_oguri_(meme),92
holding_portrait,59
yellow_trim,2598
alternate_muscle_size,1785
enoshima_electric_railway,82
nail_hair_ornament,75
bang_(gesture),104
painting_fingernails,286
hand_focus,2124
holding_with_tail,1148
tiny_stars,56
blood_on_teeth,148
blood_on_axe,152
blood_on_eyewear,85
fujimoto_tatsuki_(style),173
denji_(chainsaw_man)_(cosplay),57
power_(chainsaw_man)_(cosplay),58
j.k._(style),50
zipper_top,253
zipper_dress,772
criss-cross_back-straps,651
wrapped_bento,407
mating_(animal),181
drawing_on_another's_face,682
drawing_on_own_face,129
paint_splatter_on_face,1739
glaze_lily,396
grabbing_another's_chin,2546
heads_together,12430
mjolnir_(marvel),164
laevatein_(touhou),4371
florence_nightingale_(trick_or_treatment)_(fate)_(cosplay),426
summon_ticket_(fate),69
craft_essence_(fate),520
flower_on_face,60
hakama_short_skirt,13511
grim_reaper_(cosplay),80
holocouncil,549
water_world,297
frog_headband,324
shoulder_pouch,64
nonexistent_memories_(jujutsu_kaisen),64
akari_(pokemon)_(cosplay),97
cum_in_footwear,284
burger_hair_ornament,220
tourbox,71
black_armband,3057
raiden_shogun_(cosplay),140
eyeshadow_under_eye,170
watercolor_effect,719
multiple_animal_ears,190
commissioner_name,2631
holding_crowbar,1007
jack-o'_challenge,2477
dream_world_(touhou),97
shirt_behind_neck,321
shooting_star_(symbol),182
saint_quartz_(fate),856
triangle_halo,274
mora_(genshin_impact),253
two-legged_horse_(kanji),81
male_underwear_pull,1308
male_underwear_peek,1116
wrinkled_fabric,368
edging_underwear,211
hongbao,539
marshmallow_(site),834
ouro_kronii_(cosplay),50
off-shoulder_one-piece_swimsuit,1664
delusion_(genshin_impact),223
huadian,533
fox_statue,165
through_ground,221
moth_antennae,569
headphones_for_animal_ears,107
hips_in_air,88
asymmetrical_bodysuit,321
two-tone_tail,864
canopy_(forest),59
canopy_(aircraft),677
topless_female,79217
masturbating_while_penetrated,121
fingers_to_head,78
imminent_irrumatio,184
glorious_azure_costume_(umamusume),96
cardiogram_print,70
plucking_petals,95
confetti_ball,57
mamezara,111
claw_hair_clip,249
glowing_snowflake,86
saliva_on_penis,1231
pink_armband,447
hole_in_ears,63
broly_culo_(meme),107
pectoral_cleavage,16169
reversible_couple,224
lop_rabbit_ears,1571
strawberry_hat_ornament,72
see-through_coat,309
tube_top_lift,220
tube_top_pull,92
blue_tube_top,632
black_tube_top,2534
fur-trimmed_tube_top,120
green_tube_top,332
grey_tube_top,208
purple_tube_top,226
red_tube_top,839
white_tube_top,2699
limiter_(tsukumo_sana),844
blood_on_gloves,449
market_stall,1006
chinstrap_beard,414
holding_cube,122
intertwined_fate,148
booth_seating,1182
cicada_hug,71
srw_cover,59
two-tone_bodysuit,4485
hair_mustache,97
holoro,121
censored_nipples,3728
necktie_between_pectorals,392
striped_male_underwear,112
snoot_challenge,349
pringles_can,287
instagram_story,74
titans_(gundam),571
vistamp,186
rex_genome,104
simulated_handjob,71
icon_(computing),529
ink_on_clothes,50
fruit_hair_ornament,281
snow_on_headwear,140
fruit_hat_ornament,1041
multiple_dogs,293
bowser_logo,74
grey_butterfly,73
own_hands_clasped,17438
broken_skin,98
handjob_under_clothes,61
nachiya,54
heart_hands_failure,931
peach_hat_ornament,1230
guitar_little_sister_(hitomi_o)_(cosplay),57
chest_bow,1687
scroll_tube,150
cut_bangs,1691
reptile_boy,937
weapon_focus,1119
undone_neck_ribbon,1135
holding_eye,52
donut_hair_bun,2898
subscribestar_username,1317
security_checkpoint,51
another_rider_(zi-o),60
popsicle_in_mouth,2632
holding_limb,103
drinking_from_condom,131
figure_stand,99
heart-shaped_buckle,942
sword_of_dios,323
ultra_ego_(dragon_ball),88
suspicious_egg_dish,90
purple_slippers,205
single-shoulder_shirt,1098
single-shoulder_dress,1141
yuigaoka_music_program_school_uniform,87
tied_up_(nonsexual),3780
cowboy_western,2378
heel-less_heels,396
shogi_piece,344
insect_pin,89
wiping_pussy,63
shiroko_(blue_archive)_(cosplay),99
iced_latte_with_breast_milk_(meme),387
selfie_prank,51
spade_tattoo,419
nero_claudius_(fate/extra)_(cosplay),82
pectoral_lift,272
arc_phone,66
pink_tube_top,417
german_flag_print,99
french_flag_print,74
italian_flag_print,222
japanese_flag_print,79
union_jack_print,178
swedish_flag_print,53
argentinian_flag_print,117
non-circular_lens_flare,582
orange_tulip,327
tassel_hair_ornament,9578
terada_tera_(style),113
horn_cover,99
knotted_dildo,83
ginger_root,64
holding_cleaver,407
mismatched_eyelashes,638
zippo_lighter,245
hakuryou_high_school_uniform,323
brazilian_flag_print,1086
nonfiction!!_(love_live!),88
knife_hair_ornament,180
cow_print_sleeves,282
condom_between_breast,97
thick_arms,4354
herensuge_girls_academy_school_uniform,751
holding_another's_wrist,15935
sarayashiki_junior_high_school_uniform,58
kirby's_house,74
juuban_elementary_school_uniform,130
checkered_bracelet,56
asuna_(blue_archive)_(cosplay),144
tiktok_username,112
yomiyama_north_junior_high_school_uniform,295
misaki_high_school_uniform,965
purple_bridal_gauntlets,294
hiking_pole,80
pov_bullying,134
pov_adoring,141
bonyari_high_school_uniform,448
onono_imoko_(style),86
travel_attendant,925
penis_earrings,62
hatchet_(axe),302
hashitsuki_nata,724
ethyria,151
ten_of_clubs,60
wax_play,182
lasagne,51
grape_hat_ornament,569
boy_and_girl_sandwich,403
star_sticker,2623
dildo_under_mask,77
stitched_torso,1133
magnolia_eclair_ii,64
pantyshot_through_reflection,188
crying_emoji,533
crescent_halo,442
linea_nigra,80
reflective_table,93
two-tone_collar,137
ao_nhat_binh,70
khan_van,61
hamster_on_shoulder,59
500_dollar_four_foot_tall_mareep_(meme),149
woman_yelling_at_cat_(meme),154
padoru_(meme),310
orange_tabard,441
after_anilingus,126
licking_another's_lips,155
split_head,127
musical_note_tattoo,58
anal_grip,94
dvddvd_(meme),94
nijiura_7_(meme),55
yjsnpi_interview_(meme),111
playstation_symbols,125
mute_speaker_sign,54
fiery_clothing,107
pumpkin_dance_(meme),58
ijimeka_(meme),184
yamcha_pose_(meme),469
brown_ascot,1043
striped_ascot,78
checkered_ascot,52
checkered_neckerchief,216
print_neckerchief,181
black_teeth,54
holding_chisel,94
face_of_the_people_who_sank_all_their_money_into_the_fx_(meme),235
cross-laced_dress,3650
bulge_to_face,97
frilled_bowtie,172
pull_cord,453
death_box_(apex_legends),71
precure_netorare_(meme),59
licking_another's_face,2545
licking_another's_cheek,716
taste_of_a_liar_(meme),85
pink_tattoo,453
leaf_hat_ornament,1127
chocolate_on_hand,326
food_on_hand,875
bulge_to_ass,576
no_male_underwear,518
animate_object,294
food-themed_hat,353
yamaboshi_private_high_school_uniform,137
recruitment_bag_(arknights),119
gradient_necktie,491
tail_tuft,105
itan_private_high_school_uniform,814
allium_(flower),52
cow_print_thighhighs,7868
holding_crystal,230
dot-matrix,114
male_underwear_aside,434
pouring_onto_another,275
hennin,75
eyelash_ornament,1540
underpec,1230
two_soyjaks_pointing_(meme),262
yubi_yubi_(inugami_korone),113
red_halo,25114
paku_paku_desuwa,102
two_sidriver,61
bat_genome,77
brown_tabard,84
bird_tattoo,53
food-themed_hat_ornament,193
drakeposting_(meme),320
qi_maid,235
piper_perri_surrounded_(meme),190
polka_dot_neckerchief,396
gradient_flower,127
loose_neck_ribbon,526
two-tone_bowtie,2735
neck_tassel,2085
neck_flower,1882
voyager_golden_record,77
scar_on_head,143
blush_visible_through_hands,59
revice_driver,135
rabbit_bow,60
hello_kitty_print,91
shrimp_tie,75
skull_and_crossbones_tattoo,52
how_to_talk_to_short_people_(meme),71
cloud_tattoo,945
remilia_day,97
azov_battalion,129
bisexual_male,776
ear_scrunchie,997
nigekiri_sisters_(umamusume),102
mithra_(ff11),1572
cold_pack,543
orange_tube_top,85
multicolored_bandeau,118
brown_tube_top,73
gingham_necktie,65
bat_boy,114
spiral_cheeks,54
kiwi_(bird),183
midriff_sarashi,1082
chest_sarashi,10643
panda_ornament,63
phoenix_print,411
moon_gate,139
used_artificial_vagina,308
backless_shirt,663
very_long_beard,1249
yin_yang_hair_ornament,433
fur_footwear,51
sweet_flower,92
brown_mask,54
two-sided_scarf,69
implied_after_masturbation,113
pixel_text,194
robot_dragon,488
bandage_on_hair,293
ahri_(league_of_legends)_(cosplay),53
human_scabbard,1570
audio_visualizer,121
cat_hat_ornament,86
contract_monster,67
advent_deck,93
v_buckle,144
mismatched_animal_ear_colors,558
ascot_between_breasts,808
ribbon_between_breasts,574
star-shaped_pillow,504
blood_elf_(warcraft),370
night_elf_(warcraft),476
shooting_through_heart,56
shenhe_(genshin_impact)_(cosplay),70
matching_earrings,56
trumpet_boy_(meme),57
chameleon_boy,105
dance_floor,59
ship_deck,177
sky_focus,788
room_you_can't_get_out_of_unless_you_x_(meme),247
bicep_strap,183
me!me!me!_dance_(meme),161
mochizuki_kei_(style),71
excessive_saliva,88
holox,325
split-color_hair,21141
nice_boat_(meme),98
they_had_lots_of_sex_afterwards_(meme),1345
sailor_moon_redraw_challenge_(meme),1542
scamp_(kancolle)_(cosplay),61
octopus_tattoo,66
fenix_uniform,82
umapyoi_densetsu,386
paintbrush_rack,91
oota_kuniyoshi_face_(meme),79
mummification_(bound),242
yor_briar_(cosplay),375
twilight_(spy_x_family)_(cosplay),154
swimsuit_cover-up,1731
starting_gate,81
large_bulge,437
gradient_text,119
holographic_horns,87
see-through_kimono,124
eating_flower,174
petals_in_mouth,68
cross-laced_pants,207
christmas_star,326
mongolian_clothes,269
two-tone_capelet,594
umbrella_flower,155
see-through_bra,565
nine_of_hearts,107
dyed_ahoge,526
suuankou,67
pajamas_challenge_(meme),302
standing_on_another's_head,182
torn_ascot,82
character_cookie,99
tassel_choker,495
whispering_in_ear,522
gold_bra,632
holding_hair_brush,789
black_hanbok,171
yaopei,833
chidori_(naruto),74
she_holds_my_weakness_(meme),56
gaijin_4koma_(meme),748
flame-tipped_tail,4765
twitter_verified_checkmark,62
pectoral_squeeze,379
cat_on_chest,51
cross_background,70
luxiem,153
bizarre_rain,92
you_should_kill_yourself_now_(meme),61
orca_boy,97
hyrule_castle,153
buttjob_over_clothes,574
guided_kiss,56
shinra_infantry_uniform,304
single_fishnet_legwear,1106
cargo_pallet,61
idiot_sandwich_(meme),90
orange_loincloth,52
yellow_tunic,258
skirt_cutout,453
personality_excrement,90
corn_cob,392
red_crown,1284
gold_crown,3089
hexagonal_eyewear,127
one_year_artist_progress_record,75
egg_(food),3695
breast_band,57
aqua_shawl,124
on_crescent,722
sleeveless_tunic,144
christmas_tree_print,76
fur-trimmed_scarf,66
lantern_earrings,133
crying_aqua_(meme),265
two-tone_neckerchief,246
tied_hoodie_strings,177
anti-aircraft_gun,864
feet_in_food,57
looking_at_crotch,96
gold_anklet,472
corinthian_helmet,53
greek_helmet,50
arona_(blue_archive)_(cosplay),72
masamune_(ff7),551
incoming_letter,146
looking_at_bulge,187
kousaka_kirino's_school_uniform,1022
faiz_driver,64
see-through_body,1627
chrysanthemum_print,680
yuyushiki's_school_uniform,606
cicada_block_(meme),151
sexual_coaching,941
white_romper,3966
jackal_girl,225
cheek_on_glass,124
double_driver,115
foreground_text,291
le_mans_prototype,175
arm_on_thigh,263
queen_of_hearts_symbol,63
holding_digimon,95
fairy_tail_logo,84
vortex_vanquisher_(genshin_impact),232
primordial_jade_winged-spear_(genshin_impact),431
engulfing_lightning_(genshin_impact),317
calamity_queller_(genshin_impact),293
dogwood_(flower),141
multiple_forms,90
unconventional_weapon,74
fish_on_head,60
padded_vest,75
pinstripe_socks,63
happy_white_day,116
glitter_makeup,158
double_popsicle,124
hat_flaps,61
liquid_gold,118
sex_toy_pull,395
pet_food,983
green_shawl,325
gris_swimsuit,304
bikini_bottom_only,10296
multicolored_wristband,55
game_boy_(original),707
jaggy_lines,10061
wing_brooch,1596
crescent_wand,84
diamond-shaped_brooch,155
diamond_brooch,81
waist_brooch,198
scar_on_hip,130
summer_maid_coord,85
race_bib,928
unison_(nanoha),262
colored_veins,51
kitagawa_marin_(cosplay),68
favonius_greatsword_(genshin_impact),83
song_of_broken_pines_(genshin_impact),457
crescent_brooch,69
strapless_kimono,170
okita_souji_(koha-ace)_(cosplay),104
blush_visible_through_clothes,73
pet_rock,104
too_many_hands,120
roubai_academy_school_uniform_(old),196
roubai_academy_school_uniform_(new),83
checkered_sweater_vest,145
double_biceps_pose,509
itou_ikuko_(style),336
venus_chain_(sailor_moon),51
seggs_(meme),162
spoken_thumbs_up,84
musou_isshin_(genshin_impact),1665
touhou_costume_examination_(meme),77
puffer_fish_vomiting_water_(meme),76
kiki_(majo_no_takkyuubin)_(cosplay),222
bomb_item_(touhou),121
neck_bobbles,197
odaiba_girls_high_school_uniform,1049
tokiame_(style),71
pointing_spider-man_(meme),125
charisma_establishment,121
flower_focus,778
triangular_eyewear,983
print_tabard,125
heart_pouch,272
official_cosplay,215
lying_on_animal,152
nismo,54
shinji_in_a_chair_(meme),146
eye_hair_ornament,349
lapels,28287
weapon_on_floor,177
imminent_facesitting,58
decadriver,112
black_unitard,578
veiny_face,427
haidate,53
thigh_armor,157
when_mama_isn't_home_(meme),72
cure_black_pose,127
cure_white_pose,106
single_bracer,226
penis_out_of_frame,479
kuroe_shizuku_(cosplay),79
dancing_pallbearers_(meme),63
sample_watermark,23073
arthropod_limbs,2227
pov_across_bed,771
arrow_earrings,77
holding_sandwich,364
claw_bra,83
wizardriver,74
cross_ornament,204
brown_tunic,409
two-tone_eyewear,98
tsubakigaoka_metropolitan_high_school_uniform,60
tasting_plate,320
onee-shota,14059
originite_prime_(arknights),62
galaxy_expedition_team_survey_corps_uniform,1553
diamond_clan_outfit,424
pearl_clan_outfit,228
azumanga_daioh's_school_uniform,1021
rabbit-shaped_eyewear,79
hexagon_hair_ornament,1206
raiden_punching_armstrong_(meme),54
maya_kai_ni_(kancolle)_(cosplay),50
saori_(blue_archive)_(cosplay),56
battle_academia_(league_of_legends),98
blood_moon_(league_of_legends),78
ruined_(league_of_legends),81
amos'_bow_(genshin_impact),247
spirit_blossom_(league_of_legends),738
marble_(stone),256
anzio_ironworks_20mm_rifle,58
p14_enfield,188
purple_tulip,178
ginkgo_guild_uniform,293
voy@ger_(idolmaster),63
ghost_driver,67
simon_shades,101
lion's_roar_(genshin_impact),73
ring_light,51
moe2022,101
see-through_bag,70
red_panda_boy,96
favonius_sword_(genshin_impact),155
double-decker_hamburger_bun,56
sizzler_plate,76
imomochi,60
hoshino_(blue_archive)_(cosplay),78
asashio_kai_ni_(kancolle)_(cosplay),77
yae_miko_(cosplay),98
mistsplitter_reforged_(genshin_impact),119
owl_boy,160
holding_snowboard,64
censored_feet,98
colored_anus,121
blue_anus,98
gradient_ascot,63
two-tone_ascot,69
chouzetsusaikawa_tenshi-chan_(cosplay),72
neumann_ku_100,112
necklace_between_breasts,156
scottish_fold,163
western_comics_(style),1285
typhoon_(kamen_rider),107
onii-shota,1566
multiple_bracelets,3363
yas_bitch_slay_(meme),59
hugging_own_leg,64
marble_(toy),521
spreading_another's_anus,196
mouthful_mode,140
hanafuda_earrings,530
aogami_high_school_uniform,296
semi_truck,273
red_shrug,786
penis_focus,122
presenting_penis,88
side-seamed_gloves,102
single_hair_tube,2954
blackcliff_slasher_(genshin_impact),50
sea_slug_girl,460
coat_around_waist,61
celestica_flute,133
hamayumi_(genshin_impact),119
food_on_pectorals,81
gungnir_(toaru),67
koharu_(blue_archive)_(cosplay),81
shoulder_peek,1871
although_she_hurriedly_put_on_clothes_(meme),169
asymmetrical_coat,86
spoken_www,106
holding_rocket_launcher,493
ink_stamp,277
lace_bow,53
gold_collar,808
uohhhhhhhhh!_(meme),289
cetacean_tail,2380
whale_tail_(clothing),585
supreme_(brand),239
sports_sunglasses,232
noctyx,66
erdtree_(elden_ring),201
firefighter_jacket,455
black_tiara,2633
mizuno_(brand),162
omocat_(style),285
snowflake_brooch,68
wig_stand,50
nonstop_nut_november,124
russo-ukrainian_war,626
holding_gourd,501
falconry_glove,65
foot_blush,63
silver_chain,124
smc-gumi_(nijisanji),61
blowing_candle,90
spiked_ear_piercing,1404
onee-loli,4494
elysia_(honkai_impact)_(cosplay),63
ryuko_redraw_(meme),87
kirima_syaro_(cosplay),121
see-through_gloves,499
royal_bitter_juice,82
greyscale_with_colored_background,8841
yuudachi_kai_ni_(kancolle)_(cosplay),77
artillery_shell,90
oh?_you're_approaching_me?_(meme),103
here's_johnny!_(meme),327
bandaid_on_thigh,1558
hugging_another's_leg,739
strawberry_pop_moon_(idolmaster),60
vivienne_westwood,83
poptepipic_pose,80
evolved_virgin_killer_sweater,55
holding_scalpel,312
clitoral_stimulation_through_clothing,203
kanazawaben,62
prattkeeping_(meme),151
pendant_collar,947
clitoral_injection,51
entrance_ceremony,59
genba_neko_(meme),253
ear_focus,151
backwards_virgin_killer_sweater,410
interface_censor,125
hiding_behind_another,753
creepy_chin_joey_wheeler_(meme),51
two-tone_horns,1119
rina-chan_board,831
z_(russian_symbol),100
site_of_grace,105
holding_soap,50
leo/need_(project_sekai),165
vivid_bad_squad_(project_sekai),224
more_more_jump!_(project_sekai),187
wonderlands_x_showtime_(project_sekai),395
satori_day,125
swaddled,301
linked_sausages,82
cover_them_up_slut_(meme),133
elden_ring_(object),165
text_tattoo,79
vyshyvanka,81
arcle_(kuuga),95
police_motorcycle,97
demon_slayer_uniform,5816
extra_digits,375
very_long_cape,55
partially_opaque_sunglasses,111
deltoids,499
ranni_the_witch_(cosplay),57
head_tail,89
ufo_hair_ornament,95
uproar_(holostars),68
kyoudaidon_(sex),112
rizu-kyun_(cosplay),75
giving_food,284
black_halo,11852
borrowed_clothes,4973
sanada_clan_(emblem),332
heart_o-ring,4912
too_bad!_it_was_just_me!_(meme),366
kono_dio_da_(meme),50
lahti-saloranta_m/26,171
guilty_gear_strive_x_tower_records,142
komainu_boy,654
komainu_ears,1052
komainu_tail,474
hand_in_another's_pants,81
third_eye_on_chest,648
gear_hat_ornament,105
holding_belly,125
loose_kimono,57
tying_another's_hair,308
finger_in_own_mouth,3287
great_rune_(elden_ring),113
aqua_gemstone,2015
clamp_(circle)_(style),178
cropped_kimono,76
gear_fifth,582
purple_gemstone,5689
green_gemstone,8753
red_gemstone,12093
blue_gemstone,17662
full_cowling_(boku_no_hero_academia),89
black_whip_(boku_no_hero_academia),77
headwear_pull,52
hair_clipper,158
will_smith_slapping_chris_rock_(meme),72
masturbating_while_watching,161
hair_tuft,204
lord_camelot_(fate),1660
sword_writing,514
just_as_planned_(meme),344
black_knife_(elden_ring),84
yelan_(genshin_impact)_(cosplay),56
character_logo,233
javelin_(spear),218
shanzha_(fruit),51
circled_9,1692
sketch_background,736
through_painting,352
sleeping_on_desk,269
multiple_scars,3687
saturated,425
eutopia_(love_live!),79
silver_jewelry,54
matcha_parfait,153
otaru_(hokkaido),58
mixed-sex_combat,536
o-ring_strap,386
yellow_gemstone,1544
short-sleeved_sweater,1757
ear_birthmark,1209
two-tone_nails,516
qifrey's_atelier_apprentice_uniform,66
pink_gemstone,2447
youmu_day,230
lobotomy_corporation_logo,58
funnels_(gundam),1017
rainbow_halo,56
titan_(titanfall),276
ahoge_grab,50
wooden_plate,72
colored_eyepatch,717
gem_(symbol),1640
sakamoto_clan_(emblem),81
pepper_(spice),179
reien_girl's_academy_school_uniform,493
kouyouen_academy_school_uniform,493
orange_gemstone,985
biting_glove,1314
hat_tassel,1338
ko~n,209
trapeze_dress,82
yukadon,576
lace-trimmed_bowtie,63
long_labia,1897
male_swimwear_pull,175
muntins,410
stroking_own_chin,2540
stroking_another's_chin,434
gallente_federation_(eve_online),177
amarr_empire_(eve_online),212
caldari_state_(eve_online),259
minmatar_republic_(eve_online),159
mole_on_collarbone,1351
orange_eyeliner,338
catwalk_(modeling),55
catwalk_(walkway),137
sticker_on_face,3942
capital_ship_(eve_online),69
traditional_bowtie,12211
shiranui_kensetsu,130
median_furrow,10035
high-waist_dress,126
gamer_driver,101
wings_through_clothes,121
rabbit_ears_antenna,70
sun_hat_ornament,73
clover_ornament,75
translucent_bunnysuit,916
needle_(hollow_knight),451
elbow_on_thigh,151
racerback,1494
h_(letter),307
walrus_boy,53
vertical-striped_necktie,515
fake_text,126
front_and_back,87
removing_necktie,88
indonesian_high_school_uniform,342
hands_in_own_hair,7220
malaysian_secondary_school_uniform,87
plant_print,91
datemaki_(food),205
holding_kunai,227
yuuka_(blue_archive)_(cosplay),100
smith_&_wesson_360,82
lauren_phillips_lifting_alice_merchesi_(meme),84
holding_lightning_bolt,98
leaf_bracelet,102
imminent_tickling,98
official_art_inset,1398
tentacle_between_breasts,70
artoria_caster_(fate)_(cosplay),61
anya's_heh_face_(meme),632
tokyo-3_middle_school_uniform,1951
tweedia,74
fruit_on_liquid,114
hand_fan_writing,494
shuuchiin_academy_school_uniform,2804
muscular_child,203
adjusting_neck_ribbon,53
king_gainer_over!,56
gradient_neckerchief,194
gradient_neck_ribbon,100
spotted_tail,194
diagonal-striped_neckerchief,59
bandaged_torso,445
colorful_dreams!_colorful_smiles!_(love_live!),63
yellow_eyeliner,84
grey_gemstone,149
cardigan_under_jacket,925
lightning_bolt-shaped_pupils,125
how_to_draw_manga_redraw_challenge_(meme),50
buttercup_redraw_challenge_(meme),166
flat_chastity_cage,428
sounding_rod,69
glass_teacup,166
bloody_footprints,70
that's_your_girlfriend_(meme),53
watermelon_between_thighs,65
how_to_draw_an_owl_(meme),58
mutual_foot_licking,68
iwatobi_high_school_uniform,199
pastel_palettes_(bang_dream!),93
hair_length_switch,81
holding_diploma,363
purple_eyeliner,327
weapon_in_mouth,369
lemon_blossoms,74
red_shell_(mario),69
green_shell_(mario),80
blue_shell_(mario),76
neck_fur,3157
couter,1261
rondel,191
green_armband,1863
string_play_spider_baby_(meme),79
women_want_me_fish_fear_me_(meme),63
long_hoodie,702
painting_(action),2746
industrial_pipe,3531
holding_smoking_pipe,5598
pile_of_trash,62
in_orbit,602
orbited,133
orbital_path,309
hexagon_print,1387
white_eyeshadow,133
flaming_head,277
sweets_bird,324
mole_on_foot,76
holding_kickboard,85
pubic_tattoo_through_clothing,481
implied_breast_milk,67
bandage_on_thigh,143
holoh3roes,101
shaving_armpit,50
sucking_both_nipples,103
paper_crown,76
griffin_&_kryuger_military_uniform,1473
long_breast_curtain,98
blushing_girls_are_cute_(template),54
floral_print_kimono,7321
pyroxene_(blue_archive),207
cooperative_fellatio,4550
cooperative_paizuri,2348
cooperative_footjob,316
cooperative_handjob,700
cheating_(relationship),4276
video_game_cover,795
legwear_garter,4136
carcinization,69
muscular_other,56
animal_earrings,174
emotion_(love_live!),56
yamabuki_high_school_uniform,999
holding_canteen,87
bow-shaped_hair,9519
brown_garter_straps,75
flower-shaped_hair,362
official_alternate_hair_ornament,60
shinsen_middle_school_uniform,51
fat_joke,141
marisa_day,107
holding_bow_(ornament),309
holding_bow_(music),1737
detached_cape,286
thors_military_academy_class_vii_uniform,202
thors_military_academy_branch_campus_uniform,161
pokemon_focus,18565
guimpe,648
conifer,191
mole_on_forehead,230
ice_cream_print,59
curtain_call_challenge_(meme),132
cone_hair_bun,17472
grabber_tool,64
lambent_light,316
long_sword_(sao),55
kagemitsu_g4,123
obsidian_slasher,239
ray_of_grace,115
black_iron_great_sword,64
annihilate_ray,57
radiant_light,68
light_bow_shekinah,71
hina_(blue_archive)_(cosplay),67
zig-zag_pattern,51
yggdrasil_(sao),103
crown_of_insight,77
viewer_self-insert,75
knights_of_blood_uniform_(sao),560
short_male,276
bandage_on_neck,130
e.g.o_(project_moon),6575
saliva_on_breasts,206
mini_chef_hat,248
frayed_shorts,123
colored_shoe_soles,3327
colored_shoe_interior,142
silk_flower_(genshin_impact),74
slavic_clothes,315
female_ejaculation_through_clothes,583
tribadism_through_clothes,227
wiping_blood,457
singing!_(k-on!),168
hugging_own_tail,796
hugging_another's_tail,504
collared_socks,127
tail_under_clothes,383
high-low_skirt,657
guided_fingering,53
thousand_yard_stare,87
hamburger_hat,95
sanbaka_(nijisanji),669
stars_we_chase_(love_live!),67
r3birth_(love_live!),50
kamihama_future_academy_school_uniform,50
raccoon_hair_ornament,187
holding_tool,200
triceps,430
yukuni_academy_school_uniform,56
huge_antenna_hair,68
bikini_bottom_around_leg,176
heart-shaped_cookie,183
star-shaped_cookie,72
konbumaki,105
moe_(phrase),158
aqua_pajamas,117
slam_dunk_(basketball),153
brushing_own_hair,698
tracen_swimsuit,2010
teddy_bear_ornament,71
panties_over_leggings,98
mole_on_chest,514
weimao,201
no_halo,3024
mizuna_girls'_academy_school_uniform,282
minaminagi_liberty_academy_school_uniform,70
st._liliana's_academy_school_uniform,71
dribbling_(basketball),163
bangboo_(zenless_zone_zero),4386
hand_in_another's_mouth,239
earth_federation_space_forces,417
white_gemstone,461
ballistic_shield,772
penis_to_navel,74
single_hair_bun,80420
single_side_bun,31496
dragon_boat_festival,126
tri-stringer_(splatoon),227
sticker_on_arm,323
sticker_on_leg,223
tail_pussy,95
holding_matchstick,161
amenoma_kageuchi_(genshin_impact),77
post_and_rail_fence,216
rope_fence,57
a_(phrase),688
button_up_skirt,145
purple_lightsaber,67
pentagram_necklace,120
vermilion_city_school_uniform,129
see-through_apron,157
slugcat,188
shin_ramyun,100
holding_pliers,62
holding_saw,104
jacket_over_hoodie,1432
emo_fashion,1176
axolotl_ears,68
genshin_impact_sticker_redraw_(meme),417
sailor_fundoshi,79
cecilia_flower_(genshin_impact),238
precum_through_clothes,624
multicolored_butterfly,73
tam_(ragnarok_online),264
kagome_(pattern),97
non-humanoid_robot,6935
scar_on_lip,187
aprob_(meme),50
holding_ticket,458
stippling_(texture),66
marmot_ears,96
bnw_(umamusume),547
mouth_focus,289
clear_insertion,106
tonsure,78
holding_tentacle,134
halo_ornament,91
moonflower_(flower),54
tears_from_one_eye,302
looking_through_scope,308
snow_on_tree,195
see-through_bikini,659
quilted_headwear,67
see-through_camisole,410
revealing_tanlines,215
unbuttoned_jacket,259
black_eyeliner,1683
on_ship,121
hair_focus,746
star-shaped_hair,68
riding_tricycle,55
falling_flower,863
wood-burning_stove,65
tamagoyaki_pan,80
two-sided_sleeves,357
pill_print,74
backpacking_stove,95
santoku_knife,70
areola_measuring,98
sideboob_cutout,384
holding_badge,93
bomb_hair_ornament,95
jack-o'-lantern_head,164
holding_flower_pot,897
holding_cooking_pot,619
storage_pot,112
one_finger_selfie_challenge_(meme),431
holding_coffee_pot,168
heattech_leotard,504
kashikoma!,64
melting_halo,968
back_focus,2407
orbital_frame_(zone_of_the_enders),100
ragdoll_(cat),54
red_bandage,290
breast_slider,66
flandre_day,186
figure_four_sitting,810
holding_banner,204
springsuit,217
highleg_springsuit,112
tapir_print,54
double_finger_heart,207
growing_out_of_body,98
blue_veil,2023
ludvico_private_girls'_academy_school_uniform,528
igeta_(pattern),78
aqua_pantyhose,604
official_alternate_hair_color,2463
tall_hat,168
licking_another's_hand,107
shima_(pattern),210
jeep_(company),84
fujiwara_takumi's_toyota_trueno_ae86,94
pink_halo,36368
karasuno_volleyball_uniform,318
nekoma_volleyball_uniform,91
grey_scales,209
crew_neck,1594
turtleneck_bodysuit,1153
brown_bear,53
holding_own_ears,95
fishnet_socks,1718
scratching_back,76
see-through_pantyhose,201
shell_brooch,138
holding_floatie,80
celestial_globe,182
rainbow_choker,89
collared_robe,122
uwasa_(madoka_magica),94
komaru_(himouto!_umaru-chan)_(cosplay),65
liquid-in-glass_thermometer,119
blood_on_mirror,66
omedetou!_(meme),67
lotus_earrings,67
hand_on_another's_headwear,62
brown_scales,132
sparkle_facial_mark,105
eyebrows_hidden_by_hair,31022
metal_gear_(robot),118
kataphrakt_(aldnoah.zero),68
inoue_takina_(cosplay),79
nishikigi_chisato_(cosplay),104
brown_armband,125
covered_piercing,404
cat_tattoo,55
armored_trooper,200
facing_ahead,1277
aoba_johsai_volleyball_uniform,63
tied_drawstring,193
floating_crown,536
bow_shorts,104
nail_(hollow_knight),431
sucking_on_multiple_breasts,105
fur-trimmed_hoodie,90
aegyo_sal,5515
miao_clothes,135
miao_hat,76
voltaction,57
femboy_hooters_(meme),56
death_guard,131
torso_flash,736
pure_nail_(hollow_knight),52
old_nail_(hollow_knight),71
ayanami_barrage_(meme),56
umamusume_tanuki,111
yellow_leg_warmers,137
two-tone_thighhighs,1823
two-tone_leggings,501
cat_breakdancing_(meme),140
sulong_form,104
qixiong_ruqun,1220
green_car,142
stop_(gesture),105
two-sided_hood,179
kid_taped_to_wall_(meme),52
jirai_kei,6405
desire_driver,251
xp-pen,50
starting_future_(umamusume),807
sig_mcx,399
completionist_cape_(runescape),64
family_guy_death_pose_(meme),175
grey_bridal_gauntlets,61
duijin_ruqun,284
jiaoling_ruqun,249
chinese_hairpin,1878
honggaitou,97
ruqun,77
biting_shoulder,208
detached_eyes,92
magnum_boost,57
magnum_shooter_40x,53
longcat_(meme),630
komakasugite_tsutawaranai_monomane_senshuken,56
triangle_hands,122
half-erect,1068
weasel_girl,1328
holotempus,194
black_leg_warmers,1461
dull_blade_(genshin_impact),55
windwheel_aster_(genshin_impact),96
silver_sword_(genshin_impact),135
purple_leg_warmers,173
magnum_buckle,52
raise_buckle,105
two-sided_bow,99
two-sided_ribbon,136
instrument_hair_ornament,70
andon,509
hirabitai,428
slingshot_dress,50
scribble_censor,1558
nilou_(genshin_impact)_(cosplay),114
grey_leg_warmers,341
two-tone_socks,478
red_bridal_gauntlets,184
gyaru_v,1614
marmot_girl,94
marmot_tail,62
frilled_pantyhose,58
imminent_uno_loss_(meme),72
69_(meme),91
nahida_(genshin_impact)_(cosplay),55
creature_on_arm,62
holding_cigarette_pack,251
wataboushi,1007
nerd_emoji,98
assisted_paizuri,84
holding_beaker,102
bilibili_username,243
star_guardian_pet,100
ghost_ornament,70
tera_orb,251
white_leg_warmers,3711
cow_print_gloves,6147
chisato_and_takina_kicking_each_other's_butt_(meme),74
fur_thighhighs,75
haruba_negi_(style),107
lofter_logo,108
etna_(disgaea)_(cosplay),95
lycoris_uniform,3415
ear_flower,493
animal_skeleton,619
crossbody_bag,55
pink_leg_warmers,445
kamiha_magica_idol_costume,58
shuujin_academy_school_uniform,1772
androgyne_symbol,1841
butterfly_ring,131
bruise_on_ass,70
deal_with_it_(meme),577
gun_on_back,916
leaf_on_liquid,94
shirt_partially_removed,726
imminent_netorare,254
ability_card_(touhou),511
tracen_training_uniform,6829
right-over-left_kimono,839
nail_polish_brush,181
licking_another's_neck,1113
ass_peek,685
ethereal_(zenless_zone_zero),371
cube_hair_ornament,12422
biting_another's_clothes,53
gender_transitioning,252
st._theresa's_girls_academy_school_uniform,930
liquid_from_mouth,68
inseki,955
akasha_terminal,129
hokkamuri,94
stealth_bondage,110
gold_creator_award,105
what_i_watched_what_i_expected_what_i_got_(meme),53
mismatched_pasties,54
twisted_breasts,89
cafe_cuties_(league_of_legends),88
original_race_uniform_(umamusume),758
digimon_on_head,52
trembling_legs,206
two-tone_pantyhose,516
neco_spirit,698
jaeger_(pacific_rim),264
two-tone_sash,122
he_wants_to_order_(meme),224
violetgrass,69
land_striker,103
mismatched_ear_covers,57
trimmed_tail,150
in_trash_can,357
ornate_ring,1454
mayan_clothes,154
halter_shirt,3297
red_one-piece_swimsuit,3774
orange_one-piece_swimsuit,453
yellow_one-piece_swimsuit,1073
green_one-piece_swimsuit,1447
blue_one-piece_swimsuit,36232
purple_one-piece_swimsuit,2062
grey_one-piece_swimsuit,886
black_one-piece_swimsuit,27997
pink_one-piece_swimsuit,2762
aqua_one-piece_swimsuit,547
striped_one-piece_swimsuit,1042
evangelion_(mecha),1532
holding_grass,90
frilled_one-piece_swimsuit,6101
projectile_lactation,2553
cat-shaped_eyewear,63
brown_one-piece_swimsuit,238
sash_bow,83
illyasviel_von_einzbern_(beast_style)_(cosplay),120
aged_down,74886
twitter_strip_game,2481
sad_cat_dance_(meme),132
ako_(blue_archive)_(cosplay),81
weapon_on_wall,80
inquisition_(warhammer),82
lycoris_challenge_(meme),100
teddy_(lingerie),128
traditional_youkai,2403
see-through_headwear,282
techwear,156
see-through_bow,104
azure_(armor),137
doting_parent,102
nameplay,56
erection_under_towel,126
vertical-striped_sleeves,1098
hand_jewel,433
sakana~_(meme),117
chips_(food),5226
amazon_warrior,867
snowflake_hat_ornament,186
paw_sleeves,265
blue_leg_warmers,291
oath_of_judah,121
bible_(object),490
pyramid_(structure),964
team_star,484
jackalope_girl,78
dunhuang_style,125
synthwave,55
holding_potion,115
cruiser_(eve_online),138
battleship_(eve_online),232
frigate_(eve_online),133
destroyer_(eve_online),57
battlecruiser_(eve_online),175
evidence_board,87
naranja_academy_(emblem),185
beretta_1301,761
gaze_on_me!_outfit_(umamusume),459
floral_border,326
asymmetrical_sidelocks,2460
longinus_(weapon)_(fate),53
kimoi_girls_(meme),133
gold_one-piece_swimsuit,165
metal_sand,80
fur_dress,97
bilibili_logo,173
male_penetrated,14472
implied_netorare,151
holding_neckerchief,55
m1917_enfield,79
cardigan_partially_removed,310
insulting_viewer,111
curly_eyebrows,3394
pleading_face_emoji,731
shichiten_shichitou,196
uva_academy_(emblem),142
subscribestar_logo,521
raizen_high_school_uniform,356
monowire,70
how_to_make_sushi_(meme),73
foot_kabedon,141
happy_aura,1203
fallen_angel_ero_maid_costume,59
parsee_day,118
bandaid_on_eye,105
button_dress,90
partial_transformation,70
heart_ear_ornament,462
sidelocks_tied_back,1324
tweaking_own_nipple,1302
brown_leg_warmers,107
star_button,202
cat_o-ring,163
hair_color_switch,60
horseshoe_hat_ornament,449
seraphim_(one_piece),235
milking_cow,53
frilled_tube_top,149
splatana_wiper_(splatoon),100
splatana_stamper_(splatoon),101
plaid_leg_warmers,66
red_leg_warmers,236
butterfly_over_eye,155
bouncing_flat_chest,52
barbed_tongue,88
guiding_hand,2356
glaive_(polearm),1513
grey_slippers,229
bandaid_on_chest,146
companion/af,413
push-button,451
image_macro_(meme),352
among_us_eyes_(meme),95
extreme_dangling,233
holding_stopwatch,289
sandevistan,53
close_game/offline_(project_sekai),164
mark_of_the_doom_slayer,107
oversized_fork,58
oversized_spoon,152
haran_geppaku_futsu_(genshin_impact),60
triangle_facial_mark,2277
durindana_(fate),78
samurai_jacket_(cyberpunk),516
multi-strapped_bikini_top,2566
green_raincoat,61
see-through_cleavage,9803
liberation_(fire_emblem),71
clothed_robot,897
see-through_thighhighs,717
ah_eto..._bleh_(meme),130
cat_testicles,63
hibiki_(blue_archive)_(cosplay),79
sumeru_rose_(genshin_impact),118
colored_mouth,136
go_do_a_crime_(meme),58
mini_tiara,66
#unicus_(idolmaster),281
bow_headband,57
plaid_sweater_vest,68
ofuda_on_leg,94
fishnet_cutout,137
creator_name,114
pill_ring,59
elevator_operator,92
giorno_giovanna's_pose_(jojo),124
dio_brando's_pose_(jojo),85
miku_day,1818
censored_testicles,58
qixi_festival,61
borrowed_accessory,264
unusually_visible,516
anal_only,924
two-sided_veil,120
two-tone_bandeau,79
tsukimi_burger,87
holding_boombox,175
lifted_by_tail,746
gold_headwear,540
trapper_hat,63
hand_on_bed,59
nape_braid,2133
red_hands,2804
carrot_slice,435
food-themed_creature,724
star_of_life,548
see-through_chemise,60
wireless_sex_toy_controller,344
husband_and_wives,135
misplaced_genitals,173
teri_derp_(meme),227
pink_scales,121
the_vivid_old_tale_(project_sekai),99
kaitou_shinshi_no_harahara!?_white_day_(project_sekai),147
florakinesis,190
playing_chess,95
let's_draw_pretty_girls_challenge,58
glowing_hat,102
holding_ski_pole,100
mechanical_pussy,60
burning_building,331
grabbed_breast_over_shoulder,245
party_parrot_(meme),67
blue_car,484
purple_car,55
orange_car,98
grey_car,262
phone_on_wall,205
nine_years_in_a_coma_(meme),99
kamiyama_high_school_uniform_(project_sekai),1723
kamiyama_high_school_uniform_(hyouka),1397
single_hair_ring,5647
tech_2_ship_(eve_online),75
bar_(place),5639
lipstick_mark_on_ass,278
lipstick_mark_on_breast,425
lipstick_mark_on_chest,188
lipstick_mark_on_penis,1298
lipstick_mark_on_testicles,627
lipstick_mark_on_stomach,348
lipstick_mark_on_pussy,69
lipstick_mark_on_neck,379
lipstick_mark_on_anus,54
lipstick_mark_on_arm,105
lipstick_mark_on_shoulder,127
lipstick_mark_on_leg,302
implied_lactation,58
collared_suit,96
kabedon_on_viewer,235
holding_tennis_racket,437
staff_of_the_scarlet_sands_(genshin_impact),123
tokiwadai_school_swimsuit,270
lipstick_mark_on_face,1068
bite_mark_on_hand,106
bite_mark_on_neck,1061
nen_(hunter_x_hunter),305
footwear_focus,689
bite_mark_on_breast,757
removing_earbuds,55
green_halo,10985
yellow_halo,25706
orange_halo,1918
purple_halo,7781
iono_(pokemon)_(cosplay),126
mitasarenai_pale_color_(project_sekai),65
flower-shaped_eyewear,61
bite_mark_on_shoulder,812
sloppy_blowjob_devil_(meme),67
meiko_(vocaloid)_(cosplay),50
very_big_eyes,313
secret_distance_(project_sekai),80
on_swing,3061
group_costume_switch,55
kujo_jotaro's_pose_(jojo),315
jonathan_joestar's_pose_(jojo),108
wolf_cut,3966
neru_(blue_archive)_(cosplay),59
overhead_lights,60
holding_ornament,276
star_piercing,58
red_veil,317
no_seek_no_find_(project_sekai),73
ai_drawing_anime_characters_eating_ramen_(meme),97
crocodile_boy,183
ass_ripple,2991
silver_crown,149
kitsune_dance,97
paw_socks,74
mugetsu_form_(bleach),50
kobeni's_car_(chainsaw_man),62
asticassia_school_uniform,4279
plaid_pantyhose,136
single_leg_bodysuit,259
game_controller_print,236
strapless_bodysuit,113
moon_in_daylight,94
mari_(blue_archive)_(cosplay),70
biopunk,77
steaming_clothes,77
salmon_run_(splatoon),756
world_eaters,84
word_bearers,67
sharp_tail,577
earphones_on_animal_ears,98
wet_male_swimwear,57
crystal_necklace,426
white_halo,4612
sailor_jacket,117
bite_mark_on_chest,79
ai-generated_art_(topic),819
condom_thigh_strap,422
lipstick_mark_on_cheek,114
a_certain_high_school_uniform,1727
lipstick_mark_on_forehead,53
multiple_drawing_challenge,2516
this_is_fine_(meme),71
chain_headband,1999
self_cosplay,1457
yellow_lightsaber,51
feather_sleeves,180
implied_cheating_(relationship),135
photocopying_self,70
pretty_waitress_(idolmaster),185
iron_sting_(genshin_impact),52
himitsu_no_valentine_daisakusen!_(project_sekai),117
wonder_magical_showtime!_(project_sekai),78
pop_in_my_heart!!_(project_sekai),55
bcy_username,157
scramble_fan_festa!_(project_sekai),75
purple_haori,104
crocodile_hair_ornament,130
straddling_paizuri,4227
crisis_management_form_(machikado_mazoku),931
rukkhadevata_(genshin_impact)_(cosplay),64
gemini_(constellation),400
presenting_bra,206
cygnus_(constellation),199
nipple_tweak_through_clothes,398
implied_peeing,59
chain_hairband,66
blender_(object),265
reaching_towards_viewer,27816
one-piece_swimsuit_pull,6351
linked_bikini,74
leo_(constellation),360
cancer_(constellation),348
taurus_(constellation),331
crafting_table_(minecraft),61
pegasus_(constellation),104
black_tape_project,51
ear_wreath,209
licking_another's_finger,132
see-through_ribbon,73
shocked_black_guy_(meme),50
eye_on_hat,124
black_bandages,559
clover_brooch,163
two-tone_scrunchie,56
spoken_smile,73
tryzub,181
cat_necklace,50
hameru-type_asacoco,100
roasted_sweet_potato,1160
spiked_halo,2525
true_zangetsu_(shikai),59
braided_sidelock,2281
night_raven_college_gym_uniform,131
smile_of_dreamer_(project_sekai),62
vergil's_chair_(meme),105
holding_flyer,74
delphinus_(constellation),51
lepus_(constellation),58
ursa_major_(constellation),101
ursa_minor_(constellation),107
hercules_(constellation),81
turkey_(bird),70
silver_earrings,642
veiny_feet,57
crystal_eye,66
round_bag,176
fatui_logo,103
motosu_school_uniform,909
mismatched_arm_warmers,118
canis_major_(constellation),63
single_fishnet_armwear,103
cetus_(constellation),57
wandenreich_uniform,317
biblically_accurate_angel,188
reflection_focus,4534
partially_open_jacket,397
surrounded_by_penises,10694
pixel_eyes,142
cuff_title,62
veiny_neck,191
perseus_(constellation),56
andromeda_(constellation),81
holding_another's_tongue,98
nike_dunk,53
heartsteel_(league_of_legends),295
sighting,112
superhero_costume,13493
official_alternate_eye_color,1858
breastless_leotard,272
power_crashes_kobeni's_car_(meme),75
broken_heart_hair_ornament,284
phone_number,82
covered_penetration,1042
multiple_thigh_straps,604
genius_invokation_tcg,245
gigbag,94
clawed_hands,153
boss_fight,319
animal-themed_food,745
doll_panty_check,53
isekai_truck,54
bite_mark_on_arm,281
chajinbou,131
streetwear,1882
slime_on_head,64
white_hanbok,260
v_over_head,671
holding_tera_orb,212
terastallization,279
animal-themed_vehicle,73
rapture_(nikke),117
yoitomake_(food),63
holding_digital_media_player,254
forearms,335
red_swim_trunks,88
two-tone_one-piece_swimsuit,1948
dish_rack,51
art_vs_artist,63
tail_belt,379
dinosaur_skeleton,115
bell_pepper_slice,119
grease_(mechanical),638
on_innertube,1029
soy_sauce_bottle,359
tactical_playboy_bunny,195
condiment_packet,52
fish-flavored_toast_(genshin_impact),57
turks_(ff7),166
hat_branch,55
fourth_east_high_school_uniform,2416
mejiro_family_(umamusume),94
roto_(dq3)_(cosplay),77
pov_stabbing,57
shiny_rod_(little_witch_academia),107
shiny_tambourine_(heartcatch_precure!),65
large_earrings,194
green_highlights,76
nevermore_academy_school_uniform,120
european_architecture,864
notched_neckline,86
swinging_(relationship),89
covering_own_eyes,4447
crux_(constellation),103
rabbit_ear_headphones,513
snake_bite,97
boku_no_ashiato_kimi_no_yukusaki_(project_sekai),148
utensil_rack,95
cross-laced_corset,713
holding_jump_rope,301
marshall_amplification,213
fur-trimmed_jumpsuit,85
gem_hair_ornament,1089
animal_ear_footwear,54
breasts_squeezed_together,30807
object_through_head,2651
toki_(blue_archive)_(cosplay),85
3dio,85
playstation_logo,285
blue_tulip,100
tactical_maid,148
majiwaru_senritsu_tomoru_nukumori_(project_sekai),50
red_leash,105
reverse_palettes,107
cocking_gun,223
upper_teeth_only,196073
camel_girl,103
tiki_(young)_(fire_emblem)_(cosplay),54
lower_teeth_only,14507
okamoto_condoms,577
hanging_flower,91
lace_pantyhose,418
rudolph_the_red_nosed_reindeer_(cosplay),68
noah_hat_(ragnarok_online),57
hidden_blade_(assassin's_creed),187
simulated_bukkake,184
shell_jacket,90
black_overskirt,707
weasel_boy,113
two-tone_sports_bra,1722
heart_pin,86
hanako_(blue_archive)_(cosplay),72
dragon_bubble_(arknights),813
combat_helmet,3428
peony_print,877
lily_print,270
awakened_being_(claymore),71
wooden_desk,166
dp-27,86
ashford_academy_school_uniform,1118
eden_academy_school_uniform,1782
st._chronica_academy_school_uniform,907
lillian_girls'_academy_school_uniform,912
starlight_academy_school_uniform,1085
rouman_academy_school_uniform,450
lydian_academy_school_uniform,474
hyakkaou_academy_school_uniform,586
hoshinoumi_academy_school_uniform,509
naranja_academy_school_uniform,2228
miyamasuzaka_girls'_academy_school_uniform,1863
uva_academy_school_uniform,1828
saikai_academy_school_uniform,310
raira_academy_school_uniform,494
fuuka_academy_school_uniform,563
ame_no_kisaki_academy_school_uniform,156
yotsuboshi_academy_school_uniform,157
infinite_stratos_academy_school_uniform,859
southern_cross_academy_school_uniform,94
kawakami_academy_school_uniform,141
mihoshi_academy_school_uniform,92
sword_mastery_academy_school_uniform,164
habataki_academy_school_uniform,161
seijou_academy_school_uniform,85
saint_mary's_academy_school_uniform,70
saotome_academy_school_uniform,70
seigetsu_academy_school_uniform,67
ototachibana_academy_school_uniform,144
seio_girls'_academy_school_uniform,141
tennomifune_academy_school_uniform,57
star_harmony_academy_school_uniform,112
osafune_girls_academy_school_uniform,139
thors_military_academy_school_uniform,70
seiyo_academy_school_uniform,317
hanegasaki_academy_school_uniform,51
kouryou_academy_school_uniform,54
seitetsu_academy_school_uniform,89
shuuchikan_academy_school_uniform,95
zashono_academy_school_uniform,53
shield_on_back,1135
white_shrug,2871
robot_boy,109
sitting_on_mushroom,79
melting_eyes,94
snow_goggles,94
camellia_print,402
lotus_print,206
musical_note_brooch,54
laguz_(fire_emblem),402
holding_radio,54
looking_at_self,645
holding_moon,128
broken_phone,61
new_stars_rose_(umamusume),54
breast_on_breast,134
diamond_in_eye,125
aqua_armband,114
feather_(magia_record),91
imminent_wardrobe_malfunction,99
discord_username,81
fur-trimmed_socks,107
ko-fi_username,120
lion_head_(ornament),276
glitter_dress,489
balance_scale_print,111
bandaged_horn,136
white_rabbit_(animal),1058
untying_hair,144
footjob_under_table,152
blue_spider_lily,84
shinshun!_shishimai_robo_no_oshougatsu_show!_(project_sekai),51
tint_me_(idolmaster),55
bent_v,499
rabbit-shaped_pupils,2644
green_leg_warmers,96
boosty_username,122
grey_armor,800
star-shaped_buckle,55
royal_navy_emblem_(azur_lane),370
tree_hollow,63
shuka_high_school_uniform,2166
shimokitazawa_high_school_uniform,1414
o-ring_arm_strap,139
on_scooter,968
in-franchise_crossover,6649
spoken_notice_lines,71
italian_senate_porn_livestream_(meme),90
floral_bow,69
finger_to_own_nose,123
lance_of_longinus_(evangelion),901
mortar_(bowl),601
blurry_edges,465
lesbians_doing_makeup_(meme),66
prototype_design,1776
offering_leash,124
tohmi_higashi_high_school_uniform,481
tracen_winter_coat,369
matching_accessory,98
glowing_halo,455
penis_tentacle,816
pussy_tentacle,66
moon_with_face,68
artificial_vagina_with_body,112
potential_unleashed,70
antithetical_couplet,84
fai_chun,130
holding_power_drill,136
laughing_man_(gits),91
vertical-striped_sash,71
money_in_mouth,80
wall_cross-section,55
aac_honey_badger,63
partially_feathered_tail,77
cat_under_faucet_(meme),54
atsuko's_grin_(meme),136
ecdysis,52
shedding_skin,66
strawberry_plant,165
carrot_background,59
blue_arm_warmers,543
camera_pov,51
alcohol_carton,696
oyama_mahiro_(cosplay),121
kazusa_(blue_archive)_(cosplay),93
armor_under_clothes,130
one_arm_handstand,644
gununu_(meme),347
hand_on_own_ear,1502
pulling_own_ear,181
grabbing_another's_ear,961
foot_on_another's_face,519
snow_leopard_girl,643
pinstripe_thighhighs,277
vivosaur,60
brown_trim,195
snickers_(brand),102
creature_focus,1199
grey-tinted_eyewear,110
ruffle_bikini,1263
canned_fish,114
fast_forward_button,69
frontless_outfit,1308
monster_focus,1174
kotatsnail,53
official_alternate_color,2434
print_fan,121
o-ring_garter_belt,90
marine_uniform_(one_piece),176
striped_sports_bra,239
chevron_(symbol),224
iwi_jericho_941,55
china_tracksuit,87
gold_eyeshadow,61
pinstripe_ribbon,53
kite_shield,98
fence_post,54
pitcher_(container),1055
jug_(bottle),1026
polka_dot_one-piece_swimsuit,143
black_rabbit_(animal),190
emblem_ring,75
gold_boots,628
adaptive_combat_rifle,114
carhop,379
national_verbena_academy_school_uniform,244
draco_(constellation),78
middle_part,266
cs/ls06,308
rabbit_on_shoulder,144
own_cum_in_mouth,91
holding_painting,55
gundam_aerial_slap_(meme),94
reflective_weapon,79
shaped_cloud,60
kisaki_(blue_archive)_(cosplay),261
hololive_idol_uniform_(bright),886
akira_movie_poster,179
gradient_hoodie,59
shigure_kai_san_(kancolle)_(cosplay),54
blood_on_armor,252
leo_(zodiac),116
virgo_(zodiac),117
scorpio_(zodiac),116
cancer_(zodiac),126
sagittarius_(zodiac),118
pisces_(zodiac),118
taurus_(zodiac),116
capricorn_(zodiac),140
aquarius_(zodiac),140
gemini_(zodiac),143
frilled_shrug,85
pinstripe_sleeves,76
trout,71
black_bulls_(emblem),200
dreadnought_(warhammer_40k),56
german_empire,53
maid_one-piece_swimsuit,92
silicon_creature_(blame!),77
red_snake,293
blacked_(phrase),120
anthias_(fish),86
yellow_tube_top,114
anglerfish_boy,57
secretary_settings_(arknights),60
double_bladed_lightsaber,92
tetra_(fish),54
blue_liquid,106
agemaki_knot,88
candied_ajilenakh_nut_(genshin_impact),50
heterochromatic_eyewear,978
smiley_hair_ornament,86
green_hair_ornament,166
mazda_rx-7_fd,213
mazda_rx-7_fc,68
eye_tattoo,503
golden_generation_(umamusume),180
sky_mirage,155
mirage_pen,79
print_sports_bra,101
plum_blossom_print,402
item_(toaru),139
fetal_movement,62
mizuki_nana_(cosplay),55
@_(symbol),163
tucked_money,737
cooperative_buttjob,195
cooperative_grinding,277
virgin_destroyer_sweater,1363
glowing_gem,378
awakening_beat_(project_sekai),75
holding_hair_tie,289
shirttail,120
aozora_ni_negau_your_happiness!_(project_sekai),67
stealth_footjob,75
mandalorian_helmet,88
holding_calligraphy_brush,877
nissan_skyline_r34,168
nissan_skyline_r32,108
nissan_skyline_r33,68
ninomiya_squad's_uniform,79
kageura_squad's_uniform,57
mikumo_squad's_uniform,208
tachikawa_squad's_uniform,72
arashiyama_squad's_uniform,70
ikoma_squad's_uniform,73
border_operator_uniform_(world_trigger),114
candle_no_kaori_wa_omoide_to_tomo_ni_(project_sekai),113
mihuashi_username,50
dollchestra,1345
iron_hands_(warhammer),54
a_certain_high_school_gym_uniform,191
tokiwadai_school_gym_uniform,550
orange_trim,710
rabbit_bag,270
kanmarisa_(meme),64
pussy_grip,80
buster_bros!!!,64
hypnosis_microphone,52
feeling_muscles,67
dyson_(company),55
musical_note_ornament,279
scissor_blade_(kill_la_kill),2303
sprout-shaped_pupils,57
kitsune_no_mado,53
feather_fingers,116
transparent_fan,277
orange_leg_warmers,60
rabbit_balloon,76
rabbit_choker,157
rabbit_cutout,81
rabbit_ear_legwear,229
rabbit_earmuffs,235
rabbit_earrings,398
rabbit_ornament,488
rabbit_pajamas,93
rabbit_paws,64
rabbit_pin,124
theater_seating,278
rabbit_puppet,87
rabbit_symbol,171
rabbit_tattoo,88
tristar_vision_(idolmaster),103
bite_mark_on_ass,159
seia_(blue_archive)_(cosplay),120
anemo_symbol_(genshin_impact),1000
control_bar,195
tuanshan,1345
red_poncho,150
star_maebari,71
saliva_on_hand,84
touhou_user_interface,61
leatherclub_scene_(meme),52
beacon_of_the_reed_sea_(genshin_impact),68
sweater_under_shirt,319
brown_bridal_gauntlets,167
hand_hair,651
gold_headdress,211
layered_armor,85
planted_shield,63
imminent_murder,57
checkered_socks,93
tree_horns,1033
blue_negligee,87
crown_necklace,98
legless_amputee,204
armless_amputee,501
cammy_stretch_(meme),95
crack_of_light,754
hydrangea_print,69
bugles_(food),135
lavender_melon_(genshin_impact),52
wind_waker_(object),70
bite_mark_on_back,56
dice_necklace,59
incoming_fist_bump,51
front_bow,77
chinese_empire,158
gradient-tinted_eyewear,581
profile_picture,535
oerlikon_20mm_gun,56
empire_waist,1037
kono_matsuri_ni_yuuyami_iro_mo_(project_sekai),84
aozora_no_saki_kagayaki_wo_oikakete_(project_sekai),52
gold_border,234
dobermann,412
purple_clouds,118
nipples_pressed_together,319
padisarah_flower,157
halter_leotard,716
game_screenshot_inset,1781
cempoalxochitl,51
tail_around_own_leg,2127
tail_around_another's_leg,274
point_item_(touhou),78
cat_brooch,60
qinghua_(porcelain),177
never_give_up_cooking!_(project_sekai),71
clutching_head,151
flame_tattoo,102
blood_halo,801
getabako,672
justina_follower_(blue_archive)_(cosplay),127
saliva_trail_between_teeth,180
multicolored_sailor_collar,80
egret_orchid,75
diamond_necklace,289
microsoft_paint_(software),701
hypnotizing_viewer,127
vertical-striped_pajamas,290
dorothea_arnault_(plegian)_(cosplay),117
single_arm_hug,127
25-ji_nightcord_de._(project_sekai),459
superman_exposure,104
ass-to-ass_penetration,197
us_navy_(emblem),55
idios,51
dango_milk_(genshin_impact),186
caressing_cheek,78
nijihub_(meme),127
holding_cloak,91
ten_no_hate_no_phoenix_e_(project_sekai),57
sorashido_academy_school_uniform,98
movie_poster_(object),92
champion's_tunic_(zelda),3197
video_game_cover_(object),93
dodge_(company),195
electric_plug_tail,976
x-ray_phone,100
pride_flag_question_mark_(meme),55
no_heterochromia,431
gravity_suit_(metroid),87
toyota_supra_mk_v,85
toyota_supra_mk_iv,76
semi-circular_eyewear,269
circumcision_scar,125
vertical-striped_one-piece_swimsuit,251
pink_veil,119
bulge_lift,217
stance_(vehicle),329
loving_aura,1121
gibberish_text,73
pony_(animal),636
single_ankle_cuff,210
animal_crossing_(style),75
kongou_pose,130
ladybug_ornament,441
bandana_around_arm,698
art_tools_in_frame,2578
on_mini_planet,69
excessive_armpit_hair,178
wispy_bangs,4460
see-through_cutout,82
socks_over_pants,57
criss-cross_straps,1243
wing_cape,468
choppy_bangs,3743
double-parted_bangs,47767
spreading_own_anus,394
immiscible_discord_(project_sekai),79
pussy_jewelry,288
side-tie_one-piece_swimsuit,114
cross_facial_mark,703
traditional_nun,3269
black_romper,100
clear_file_(medium),102
slapping_with_breasts,69
grey_halo,8943
prime_warframe,51
snubnosed_revolver,187
looking_at_pectorals,374
daijoubu?_oppai_momu?_(meme),444
ina's_back_(meme),53
i've_never_seen_a_guy_recreate_this_successfully_tbh_(meme),285
petroleum,161
draw_this_in_your_style_challenge,480
cum_in_gloves,58
number_balloon,113
box_body,149
covering_own_ears,900
lollipop_hair_ornament,126
selene_girls_school_uniform,431
leg_on_another's_leg,61
alternate_body_hair,375
star_o-ring,57
gem_(azur_lane),145
trinity_general_school_swimsuit,785
blueprint_(object),429
brown_poncho,107
handsfree_paizuri,1732
grabbing_another's_wing,119
golden_bough_(limbus_company),66
mephistopheles_(project_moon),57
soap_shoes,52
strapless_one-piece_swimsuit,1364
jack_(fish),83
o-ring_legwear_garter,74
kissing_animal,292
higashikata_josuke's_pose_(jojo),75
gradient_feathers,175
rio_(blue_archive)_(cosplay),52
team_31a_(heaven_burns_red),50
bite_mark_on_thigh,363
strap_break,370
rupee_(zelda),177
blue_suspenders,51
fruit_focus,104
antler_ribbon,159
mosaic_pattern,109
bikini_under_shorts,1497
middle_ring,2249
spiked_shirt,52
plant_focus,650
noble_phantasm_(fate),189
boc'z_(umamusume),215
buttoned_cuffs,3163
single_nipple_piercing,329
akademiya_uniform,424
leekspin_(meme),82
metal_eyepatch,225
womb_massage,191
checkered_armband,108
necktie_around_wrists,340
bakatare_(hololive),85
get_over_it._(project_sekai),56
bite_mark_on_leg,132
basketball_(object),5017
shield_module,429
volleyball_(object),2399
sweaty_breasts,83
millennium_cheerleader_outfit_(blue_archive),3302
surgeon_cuffs,75
cropped_cardigan,103
number_candle,75
horse-drawn,61
matis_(nikke),79
wish_song_(love_live!),51
colt_9mm_smg,149
camera_feed,91
how_to_hold_x_(meme),81
low-tied_sidelocks,4642
heart_emoji,63
dropped_object,107
pov_shadow,453
auriga_(constellation),53
millennium_science_school_logo,10942
ophiuchus_(constellation),59
life_points,52
fake_trading_card,121
two-tone_beard,370
single_legwear_garter,478
recursive_genderswap,516
grizzly_win_mag,136
collar_chain_(jewelry),486
seven-segment_display,421
red:birthmark_(song),76
tickling_armpits,916
tickling_nipples,183
shaving_beard,79
humpty_lock_(shugo_chara!),181
latex_shrug,348
high_side_ponytail,5137
double_finger_gun,439
aquiline_nose,657
guy_tired_after_sex_(meme),243
low_side_ponytail,1608
motivator_(meme),151
tailcoat_playboy_bunny,604
seyana_(meme),137
triangle_necklace,272
startend_(hololive),249
lace_socks,164
lon_lon_milk,70
tnt_block_(minecraft),223
block_(minecraft),383
block_(mario),120
fangtian_ji,66
wisdom_cube_(azur_lane),130
quality_cabbage_(meme),62
naval_battle,76
lens_eye,345
astral_express_(honkai:_star_rail),323
hololive_summer_2022_swimsuit,255
shredded_muscles,294
roasted_marshmallow,157
petal_on_head,156
uneven_horns,3632
red_prison_magic_school_uniform,190
snake_head_tail,173
see-through_midriff,208
ears_through_hood,624
mole_beside_mouth,126
muscular_uke,528
curved_penis,97
sparkling_sweat,217
stelle_(honkai:_star_rail)_(cosplay),57
black_scapular,76
implied_after_paizuri,51
presenting_removed_panties,880
tokyo_racecourse,61
twitter_rabbit_ears_(meme),68
youtou_high_school_uniform,1151
genre_connection,681
multiple_anklets,90
wink_star,269
text_hair_ornament,106
smear_frame,378
cable_hair,228
work_boots,71
location_name,86
percentage,88
jersey_maid,2237
persona_(summon),659
bokutachi_no_seizon_tousou_(project_sekai),101
mixed_maids,269
red_arm_warmers,292
double_gyaru_v,141
antlers_through_hood,155
half_capelet,52
skirt_pocket,60
feather-trimmed_cape,55
arched_bangs,4480
can't_show_this_(meme),185
change_in_common_sense,459
see-through_socks,104
grabbing_another's_ankles,93
gloved_sleeves,433
waterfall_shower,73
shaving_another,124
panties_visible_through_clothes,423
fanged_bangs,1556
wisteria_print,126
cafe_maid_(love_live!),177
ryouran!_victory_road_(love_live!),171
suzume's_chair,60
bat_brooch,157
head_pinned_down,389
arched_window,253
enveloped,87
birthday_sash,496
pride_month,129
umbrella_over_shoulder,1413
squeezing_cheeks,219
solar_term,117
crocodile_girl,79
hand_on_chair,144
black_arm_warmers,1999
chain_around_neck,163
honkai:_star_rail_sticker_redraw_(meme),86
problem_solver_68_(blue_archive),811
cleaning_&_clearing_(blue_archive),475
game_development_department_(blue_archive),900
gourmet_research_society_(blue_archive),132
rabbit_platoon_(blue_archive),477
arius_squad_(blue_archive),284
justice_task_force_(blue_archive),240
make-up_work_club_(blue_archive),335
after-school_sweets_club_(blue_archive),560
foreclosure_task_force_(blue_archive),486
prefect_team_(blue_archive),298
tea_party_(blue_archive),772
engineering_department_(blue_archive),144
archaic_set_(zelda),563
seminar_(blue_archive),197
standing_anilingus,307
hasu_no_sora_school_uniform,11859
mastectomy_scar,194
inverted_pentagram,300
object_focus,2139
black_armlet,79
pink_arm_warmers,1150
kimono_partially_removed,133
alpine_(carmaker),66
o-ring_harness,1044
mazda_mx-5_na,103
mouth_bubble,51
hooded_shrug,608
zonai,220
halo_behind_head,3540
frostbite_set_(zelda),94
cake_on_head,72
biting_own_lip,6070
hair_floating_upwards,749
war_banner,131
war_flag,160
mustache_stubble,3497
inward_w,95
goatee_stubble,3778
sword_in_front_of_face,298
thick_neck,457
colorful_festival_(project_sekai),379
half-heart_hands,735
divine_entity,70
divine_being,62
screen_zoom,244
holding_butterfly,52
purah_pad,145
single_off_shoulder,6742
colored_text_highlight,106
skull_head,287
scabiosa_(flower),57
glowing_mask,124
legwear_cutout,324
cross-laced_hairband,82
misskey.io_username,123
ring_light_reflection,406
thick_mustache,2833
charo_(meme),57
grey_veil,302
tentacle_legs,67
barber_cape,104
robotic_vacuum_cleaner,488
tentacle_around_neck,179
pet_walking,442
gyaru_w,60
pose_imitation,829
hoshino_ai's_pose,368
front-to-back,982
ghostbusters_uniform,58
very_sweaty,7480
kanaria_wa_kyuukyou_ni_utau_(project_sekai),58
margherita_pizza,316
koi_(koisan)_(style),64
face_in_armpit,56
sazae-san_food_gag_(meme),104
lying_on_branch,55
animal_legs,319
pearl_hairband,73
pov_peephole,694
leg_on_another's_shoulder,124
barbie_mugshot_(meme),310
white_raincoat,442
object_floating_above_hand,1144
blurry_text,55
robe_partially_removed,135
drill_sidelocks,6248
simple_bird,2322
pogchamp_(meme),106
slingshot_(weapon),393
kanji_focus,129
center_cross_lace,268
facing_object,55
tied_beard,210
center-flap_bangs,7439
holding_stapler,61
allagan_tomestone,52
oversized_footwear,50
plaid_clothes,157757
lamia_boy,235
yellow_poncho,99
leash_between_breasts,63
leash_in_mouth,136
cross_in_eye,87
sweaty_foot,224
glove_cutout,891
enkephalin_(project_moon),120
goddess_(nikke),72
counters_(nikke),235
absolute_(nikke),71
tonari_ni_tatsu_yasashii_anata_e_(project_sekai),82
bangs_blown_up,85
veritas_(blue_archive),122
onion_(pikmin),53
star_bra,50
altair_(star),78
deneb_(star),76
multicolored_gemstone,123
nervous_sweating,17473
spiral_print,70
kankaku_shadan,250
whoop_catsuit,79
sparse_navel_hair,805
sparse_chest_hair,1840
see-through_babydoll,332
ankle_tattoo,61
cherry_hat_ornament,97
multicolored_sports_bra,55
color_wheel_challenge,237
holding_dustpan,137
medium_eyebrows,119
art_program_in_frame,4422
canvas_texture,254
kakyoin_noriaki's_pose_(jojo),53
sparse_stubble,1463
backless_bodysuit,796
fish-shaped_pupils,204
tart_slice,85
media_player_interface,191
convenient_skirt,578
unconventional_maid,9552
ginkgo_tree,687
2nd_popularity_poll_(boku_no_hero_academia),239
flip-up_sight,62
aqua_hood,55
aristocratic_clothes,889
7th_popularity_poll_(boku_no_hero_academia),73
komaniya_express_(genshin_impact),160
unequal_popsicle_division,89
hermitage_(ensemble_stars!),53
brown_halo,1395
single_arm_guard,405
veiny_crotch,129
eyes_of_horus_(warhammer_40k),113
patchouli_day,120
historical_name_connection,1635
sacabambaspis,616
protect_gear,50
colored_bangs,3072
thumb_hole_sleeves,83
asari_(mass_effect),208
yellow_veil,87
lock_necklace,117
breast_pile,82
currency_strap,60
skull_pauldron,55
777_(nikke),197
stellar_jade,66
otter_boy,71
fox_platoon_(blue_archive),109
head_on_another's_back,54
length_markings,219
roman_armor,126
girthy_penis,2770
bmw_3_series,100
screenshot_inset,1495
secret_stone,161
large_teddy_bear,210
char-siu,303
tulaytullah's_remembrance_(genshin_impact),82
armpit_hair_peek,989
power_rack,57
dry_suit,76
dendro_symbol_(genshin_impact),145
electro_symbol_(genshin_impact),436
geo_symbol_(genshin_impact),248
aqua_scales,56
braided_hair_rings,9568
light-skinned_palms,343
birthday_connection,212
striped_shawl,68
mole_on_areola,169
blue_clouds,139
pixel_art_inset,226
ankha_zone_(meme),111
strongman_waist,2666
pink_light,128
ofuda_earrings,153
darkin_(league_of_legends),59
autoscorer,65
poster_parody,582
presenting_tanlines,118
hair_tattoo,450
sparse_leg_hair,716
petals_on_ground,59
kafka_(honkai:_star_rail)_(cosplay),66
sideburns_stubble,3627
id_photo,273
gold_mask,95
shooting_star_hair_ornament,238
hydro_symbol_(genshin_impact),538
mecha_focus,7115
pinstripe_coat,141
kessoku_band_logo,180
woven_hatching,60
p-chan_(p90),204
super_star_(mario),628
muzzle_device,325
sig_p220/p226,468
sig_sg550,74
penlight_(glowstick),1543
kamehameha_(dragon_ball),549
rainbow_feather_(pokemon),63
inverted_umbrella,70
melusine_(genshin_impact),526
green_poncho,102
leaning_on_self,92
grimace_shake_(meme),228
purple_lightning,130
finger_under_clothes,208
multiple_wristbands,64
kazuya_guy_(meme),50
framed_cleavage,54
single_blush_sticker,1076
simple_fish,151
pink_bridal_gauntlets,159
lay's_(potato_chips),114
wand_in_head,110
gakuseibou,307
korean_fire_noodles,52
glass_pen,181
veiny_pectorals,89
eye_of_senri,605
katagiri_senior_high_school_uniform,165
tent_dress,89
ridewatch,103
turnip_(mario),67
inner_ego,100
v-taper,679
ichigo_ichie_na_hyakki_yagyou!?_(project_sekai),102
pink_wrist_cuffs,2306
huge_pectorals,1358
kessoku_band_t-shirt,302
arm_on_another's_head,246
see-through_veil,1988
bladed_tonfa,160
fuzzy_clothes,62
liquid_from_eyes,117
wing_hat_ornament,111
green_penis,69
fish_skeleton_hair_ornament,290
hololive_summer_2023_swimsuit,739
deku_shield,143
diamond_facial_mark,348
tentacle_tail,98
sleeves_tied_together,98
sleeve_tied_shut,207
hip_dips,447
plap_plap_plap_get_pregnant_(meme),72
slime_sex,277
pk_academy_school_uniform,135
red_loincloth,98
sig_p228/p229,76
gotoh_hitori_(cosplay),176
sports_bra_peek,102
iris_print,87
flower_thigh_strap,135
mac-10/11,383
chari_de_kita_(meme),55
holding_with_feet,1287
fake_phone_screenshot,4215
rejected_kiss,279
object_in_bra,79
two-tone_tube_top,91
gauze_over_eye,316
gauze_on_cheek,1752
gauze_on_face,251
gauze_on_arm,207
bite_mark_on_face,72
character_bag,193
spiked_arm,82
gripping_clothes,122
gauze_on_knee,477
reverse_nursing_handjob,695
see-through_skirt_layer,380
chest_hair_peek,268
cross-laced_jacket,203
artist's_hand_in_frame,279
see-through_dress_layer,402
gehenna_academy_logo,409
floral_print_bikini,1828
black_shrug,3087
gauze_on_leg,212
cowgirl_(western),736
hand_in_another's_clothes,177
see-through_cardigan,50
zonai_device,66
floating_liquid,75
sparkling_aura,1979
floral_print_dress,1370
captain_morgan_pose,98
justice_task_force_member_(blue_archive)_(cosplay),56
sight_magnifier,223
crescent_ornament,101
v-bangs,605
heart_hands_over_eye,86
fuck-me_clothes,83
road_of_radiance_(umamusume),59
liminal_space,158
marquee_lights,98
floral_print_skirt,509
kozaki_yuusuke_(style),59
frilled_leg_warmers,77
safety_pin_piercing,172
whitebeard_pirates_jolly_roger,91
silver_necklace,526
biometal,235
letter_print,86
green_veil,139
face_in_shadow,380
flower_on_chest,738
bulge_peek,128
putting_on_jacket,105
blue_journey_(hololive),73
winged_heart_tattoo,1321
melting_tail,72
jewel_under_eye,2379
dahlia_academy_boarding_school_uniform,88
frilled_thigh_strap,18028
holding_mahjong_tile,779
aroused_nosebleed,1152
sticker_on_hair,59
ribbed_bandeau,69
fox_shadow_puppet_kiss,63
implied_nudity,523
twitter_x_logo,1668
green_streaks,392
single_detached_legging,55
uriko_(baseball),100
sessyoin_kiara_(cosplay),113
m._bison_(cosplay),94
arrow_cross,224
holding_removed_eyewear,9344
projectile_trail,373
space_habitat,138
holoadvent,458
sanbaka_anniversary_outfit,158
sound_effects_only,643
cometik_(idolmaster),102
fixed-point_camera,184
food_costume,353
topless_other,341
flower_hairband,908
railgun_(misaka_mikoto),328
holding_dumbbell,1082
top-load_washing_machine,245
holding_razor,196
holding_paint_roller,66
yellow_aura,54
washing_vehicle,295
soshite_ima_ribbon_wo_musunde_(project_sekai),71
ribbon_censor,52
single-shoulder_bikini,92
tarot_(medium),2269
single_sode,525
loose_hair_strand,7164
tumbler_glass,97
sway_back,904
wooden_stairs,87
living_doll_uniform,425
yellow_wrist_cuffs,204
fire_light,73
animal_ear_piercing,12423
pyro_symbol_(genshin_impact),209
surrounded_by_hands,568
feather_in_mouth,95
colored_inner_animal_ears,5065
food_name,984
star-shaped_bag,50
holding_behind_neck,133
stuffed_food,95
bandage_on_cheek,185
testicle_hair,136
double-sided_polearm,121
badger_girl,66
future_signature_(idolmaster),55
framed_crotch,62
lower_lip_only,67
head_on_another's_leg,72
cryo_symbol_(genshin_impact),217
lace-trimmed_shirt_collar,56
implied_hetero,57
pile_of_money,161
greek_armor,82
gotcha_driver,94
victory_club_(umamusume),65
self-harm_scar,1214
a2_(nier:automata)_(cosplay),53
strangulation_mark,112
2b_(nier:automata)_(cosplay),1017
kiryu_kazuma_(cosplay),82
9s_(nier:automata)_(cosplay),114
promotions_(meme),63
birch_tree,196
antique_phone,2356
seafloor,298
cross-laced_one-piece_swimsuit,367
flower_underskirt,168
furina_(genshin_impact)_(cosplay),156
star_rail_special_pass_(honkai:_star_rail),138
phrygian_helmet,114
brown_rabbit,75
fish_grill,132
two-tone_tank_top,182
kitchen_range,56
holotori,55
lapel_chain,124
amanogawa_high_school_uniform,115
bite_mark_on_stomach,79
gag_harness,1606
side-view_mirror,320
toasting_(gesture),675
partially_buried,176
white_arm_warmers,1263
moai_(koseki_bijou),86
enamel_leather_dark_nurse,79
missile_trail,101
mao_suit,53
gun_sling,2395
purple_crown,97
cozmez_(paradox_live),113
single_feather,78
spidersona,51
split_crop,513
autocycle,50
dressed_shadow_(meme),246
alcohol_enema,70
holding_chibi,383
drop-shaped_pupils,3290
tres_bien_maid_uniform,60
brigandine_(armor),60
red_slingshot_swimsuit,523
purple_slingshot_swimsuit,356
blue_slingshot_swimsuit,426
black_slingshot_swimsuit,1531
white_slingshot_swimsuit,839
cz_805_bren,77
steaming_food,317
double-sided_axe,278
release_celebration,322
green_slingshot_swimsuit,149
fruit_popsicle,102
bunny_hood_(zelda),72
cum_on_male,3575
breasts_on_another's_back,449
bodystocking_only,546
yellow_slingshot_swimsuit,602
sage_outfit_(fire_emblem_engage),87
grey_armband,130
object_to_mouth,66
squiggle_eyes,195
no_lady_on_twitter_can_recreate_this_(meme),60
single-shoulder_one-piece_swimsuit,53
dark_signer_uniform,66
catcher's_mask,173
catcher_(baseball),224
vehicle_and_personification,921
pink_slingshot_swimsuit,246
nice_knee_socks_day,92
backpack_basket,536
black_bodystocking,186
doodle_inset,1485
phantometal_(paradox_live),142
saliva_bubble,69
soyombo,63
soyombo_earrings,58
floral_print_apron,86
manchu_clothes,51
formula_racer,388
pee_pad,138
medium_support_(meme),92
i_think_we're_gonna_have_to_kill_this_guy_steven_(meme),139
partially_shaded_face,3419
lace-trimmed_wrist_cuffs,74
double-parted_hair,85
ancestor_and_descendant,284
combat_medic,142
unwanted_creampie,230
heart-shaped_hair,998
swimsuit_hanger,456
military_truck,279
aqua_halo,2061
dial_television,141
inset_border,3309
ornate_border,2911
segmented_comic,3073
single_bracelet,81
necktie_in_pocket,63
training_outfit_(fire_emblem_engage),100
two-tone_belt,91
x-cross_(bdsm),150
floral_print_shirt,504
frilled_anklet,188
tracen_ondo_outfit_(umamusume),120
tracen_ondo_(song),125
novelty_glasses,280
ancient_egyptian_architecture,61
single_flame,218
shielding_another_from_rain,74
thumbs_up_emoji,64
polehammer,50
regloss_(hololive),146
grabbing_another's_leg,187
koge_donbo_(style),109
green_wrist_cuffs,174
phone_between_breasts,104
sparse_arm_hair,821
bow_button,274
ranoa_magic_academy_school_uniform,231
lancer_(gears_of_war),67
shipping_(fandom),249
utnapishtim_operator_uniform_(blue_archive),309
sonic_adventure_pose,62
katsu_curry,88
ambrosia_(dungeon_meshi),941
requesting_internal_cumshot,356
two-tone_robe,129
taped_note,103
mischievous_straight_uniform_(blue_archive),216
orange_shrug,333
see-through_shrug,77
purple_shrug,245
medici_collar,115
frayed_skirt,72
chinese_trumpet_vine,80
ots-14_groza,182
walker_(robot),879
lat_model_(mikumikudance),194
sour_model_(mikumikudance),71
tda_model_(mikumikudance),77
grey_trim,243
lifted_by_cursor,137
pulled_by_cursor,56
third_wheel,321
bubble_tea_challenge_failure,82
pointing_at_mouth,95
ice_hair,52
devil_fruit_power,1812
paint_palette,2717
mexico_ufo_alien_bodies_hearing_(meme),80
bowlegged_pose,1992
ave_mujica_(bang_dream!),549
mygo!!!!!_(bang_dream!),728
kamchatka_lily,138
air-to-air_missile,85
kill_markings,142
too_many_hair_ornaments,324
see-through_scarf,80
teardrop_earrings,1698
shocker_(kamen_rider),138
adonis_(flower),55
carrying_multiple_people,168
splendor_of_onyx_(umamusume),68
holding_clothes_iron,65
acrylic_stand_(object),181
self_character_print,244
heavy_spear_(evangelion),83
grey_wrist_cuffs,117
huge_ears,88
chengdu_j-10,72
cargo_ship,63
armpit_carry,470
cross_hat_ornament,211
strawberry_brooch,67
see-through_footwear,287
angel's_24_uniform_(blue_archive),658
red_haori,455
purple_wrist_cuffs,417
lekku_(anatomy),279
frilled_overskirt,79
little_busters!_school_uniform,2891
blood_on_hat,60
purple_light,121
arm_on_another's_shoulder,1404
holding_trombone,106
two-sided_robe,73
very_low_bun,162
hoyolab_username,56
pentagram_hair_ornament,81
fur_anklet,82
multicolored_armor,475
two-barred_cross,50
mayu-tan_no_kung_fu_(meme),99
vertical-striped_collar,61
kagurabachi_pose_(meme),56
snake_on_shoulder,156
chained_legs,139
mira-cra_park!,1591
cerise_bouquet,1542
pink_streaks,947
pirate_faction_(eve_online),57
zaft_(gundam),67
powerpuff_girls_(style),51
holding_board,97
beyond_the_bluesky_(idolmaster),136
kurokw_(style),153
salamanders_(warhammer),73
sons_of_horus,65
frieren_(cosplay),244
umbrella_ribbon,151
reverse_nursing_fingering,257
taking_shelter,589
toy_packaging,199
ring_piercing,6366
tail_around_another's_waist,108
eyed_silhouette,182
god_tier_(homestuck),83
biting_another's_hand,249
biting_own_hand,60
biting_another's_finger,323
biting_own_finger,765
blacktober,55
denim_overalls,439
covered_pectorals,580
frilled_tank_top,70
triangle_button,77
character_charm,1639
pike_(weapon),96
eight_of_diamonds_(playing_card),98
jack_of_clubs_(playing_card),52
king_of_hearts_(playing_card),174
queen_of_hearts_(playing_card),295
white_poncho,74
horse_pussy,67
aramis_high_school_uniform,77
twitter_suki,55
mandalorian_armor,77
crossguard_lightsaber,58
demon_primarch,75
print_armband,68
brown_wrist_cuffs,81
seabird,286
greco-roman_clothes,5906
fried_rice_prank_(meme),86
grey_arm_warmers,202
unworn_headwear,42188
unworn_hat,31394
unworn_eyewear,17841
unworn_skirt,9467
unworn_panties,9995
unworn_shoes,16099
unworn_clothes,8767
unworn_jacket,9196
unworn_bra,5602
unworn_mask,7377
unworn_helmet,6559
unworn_shirt,5457
unworn_bikini_top,2554
unworn_gloves,2590
unworn_socks,2605
unworn_boots,2935
unworn_backpack,1462
unworn_sandals,2511
unworn_eyepatch,1017
unworn_dress,1954
unworn_bikini_bottom,1212
unworn_coat,2145
unworn_jewelry,1101
unworn_legwear,570
unworn_necktie,1155
unworn_thighhighs,845
unworn_goggles,907
unworn_shorts,1143
unworn_pants,882
unworn_hair_ornament,1155
unworn_swimsuit,1796
unworn_hairband,712
unworn_bowtie,744
unworn_necklace,811
unworn_bikini,1287
unworn_pantyhose,472
unworn_cape,1071
unworn_crown,658
unworn_headgear,332
unworn_kimono,468
unworn_scarf,1058
holding_pastry_bag,881
unworn_bag,2612
unworn_swim_cap,383
unworn_slippers,728
unworn_belt,460
unworn_vest,279
unworn_sarong,182
unworn_blindfold,293
unworn_gag,758
unworn_armor,381
unworn_blazer,143
unworn_ribbon,296
unworn_sweater,323
unworn_hairclip,256
unworn_neckerchief,191
unworn_cardigan,215
unworn_headband,177
unworn_hoodie,192
unworn_earring,166
unworn_cloak,181
unworn_collar,239
unworn_scrunchie,108
unworn_sleeves,142
unworn_wig,323
unworn_buruma,104
unworn_bow,213
unworn_apron,193
unworn_kneehighs,65
unworn_bloomers,68
unworn_bandana,68
unworn_blouse,55
unworn_mittens,99
unworn_armband,145
unworn_hair_bow,91
clone_harem,1368
olive_branch,52
vehicle_chase,95
pregnancy_halo,110
shroud_(sailing),175
food-themed_hair,286
collared_shrug,995
bullet_earrings,267
akg_k-series_headphones,252
side_cape,3243
ratline,136
competitive_sex,67
hourglass_earrings,157
thick_navel_hair,858
unworn_ascot,52
poke_ball_insertion,118
polyhedral_dice,159
chest_markings,104
grabbing_own_pectoral,177
juxtaposition,1584
panzer_ii,99
artistic_error,8640
crown_ornament,61
command_input,262
floating_curtains,634
poet_shirt,75
yellow_light,111
gradient_halo,775
pulling_tongue,57
image_in_thought_bubble,425
half-harpy,490
orihime_(tanabata)_(cosplay),117
jack-o'-lantern_brooch,90
predation,129
purple_sandals,593
pomni_(the_amazing_digital_circus)_(cosplay),54
horn-shaped_hair,56
yule_log_(cake),121
object_behind_ear,233
blue_poncho,50
journey_in_the_auspicious_snow_(girls'_frontline),69
racing_colors,164
horn_hairband,1735
see-through_sports_bra,211
paint_on_hands,53
fern_(sousou_no_frieren)_(cosplay),86
ovum_with_heart,102
themis_legal_academy_school_uniform,153
kessoku_band,1424
reflective_surface,568
flushed_face_emoji,76
grid_print,195
rome_(city),72
marehoshi_academy_school_uniform,112
kinktober,95
in_crane_game,335
grey_alien,53
mole_under_each_eye,3682
jester_costume,548
wink_heart,70
thick_beard,2485
too_many_stickers,81
ofuda_between_fingers,817
paper_flower,72
uwagi,67
pink_tunic,55
image_in_speech_bubble,395
choshanland_plushy_(arknights),613
low-tied_medium_hair,85
sticker_(medium),303
xiaohongshu_logo,103
reaching_towards_another,1274
sign_of_khorne,54
holding_trumpet,424
death_momoi_(meme),145
full_beard,4132
in_hourglass,134
map_pin,61
candle_on_head,109
attack_trail,258
neptune_(neptunia)_(cosplay),58
hand_saw,113
side_up_bun,4014
black_chaps,72
blue_surcoat,145
triangle_nose,143
emoji_hair_ornament,50
pom_pom_beanie,1718
ribbed_pantyhose,136
holding_together,52
feeding_animal,56
bow_on_wing,79
wing-shaped_bow,83
jeweled_crown,201
pointed_crown,1821
jeweled_hat,104
gold_circlet,1072
silver_ring,205
eremite_(faction),131
silver_circlet,197
sleeveless_robe,63
collared_bodysuit,267
bird_hat_ornament,53
israel-hamas_war,60
orange_wrist_cuffs,97
covering_privates,51241
laser_pointer_projection,210
reverse-jointed_legs,403
holding_skeleton,73
holding_wheat,125
splendor_of_tranquil_waters_(genshin_impact),194
cape_clasp,98
yoke_(bdsm),62
ending_celebration,60
energy_ring,70
sideless_shirt,2108
sideless_dress,1950
sideless_leotard,186
yellow_slippers,267
chopped_spring_onion,279
grabbing_another's_shoulder,131
priticket,60
cone_horns,4738
rabbit_hat_ornament,136
simple_flower,77
split-color_skin,240
blue_hands,240
turtleneck_capelet,71
screenshot_background,1403
erection_in_panties,121
crystal_horns,393
feather_cape,138
see-through_nightgown,103
hololive_dance_practice_uniform,618
bonbori_(lighting),134
ship_name,137
mini_snowman,80
request_inset,2503
standing_on_rock,53
cataracts,109
pom_pom_footwear,117
blurry_border,115
brand_of_the_exalt,721
wireless_game_controller,52
wireless_microphone,105
window_shutter,320
open_window_shutter,89
high-cut_armor_(persona),204
cellphone_photo,4296
same-sex_bathing,13444
mixed-sex_bathing,8197
qingdai_guanmao,4681
criss-cross_strings,267
holding_curling_iron,119
sitting_against_vehicle,97
holding_makeup_brush,207
makeup_palette,179
leaning_out_of_window,295
glowing_animal,76
tree-topper,155
saddle_blanket,56
snowscape,268
rpg_(weapon),615
aries_(symbol),208
aquarius_(symbol),241
cancer_(symbol),248
capricorn_(symbol),206
gemini_(symbol),265
leo_(symbol),233
libra_(symbol),218
pisces_(symbol),221
sagittarius_(symbol),205
scorpio_(symbol),253
taurus_(symbol),215
virgo_(symbol),213
zodiac_wheel,228
extreme_gaping,258
tentacle_arm,73
titan_shifter_scars,116
neck_focus,118
dongtan_dress,1197
breaking_through_window,98
breaking_through_wall,86
guilty_challenge_(meme),180
sheet_ghost,1081
blue_bridal_gauntlets,223
unworn_male_underwear,146
gold_pasties,85
green_shrug,121
sideless_bangs,109
sideless_kimono,2678
robot_bird,186
leaf_shirt,60
good_thighs_day,58
on_ice,55
holding_another's_horns,99
plant_clothing,102
see-through_strap,72
tuxedo_cat,809
split-color_clothes,262
hair_on_penis,62
nah_i'd_win_(meme),110
stuck_in_a_box,238
vertical-striped_suit,105
huh?_cat_(meme),86
ugoitenai_no_ni_atsui_yo_(meme),71
fujimi_high_school_uniform,337
green_arm_warmers,204
phalaenopsis,57
floral_print_panties,217
green_haori,206
mutsuki_face_(blue_archive),134
holding_machete,109
sparse_ass_hair,124
bowl_boat,50
star-shaped_gem,53
you_can_just_give_this_kind_of_thing_to_men_and_they_will_be_thrilled_(meme),97
khaki_pants,100
flushed_face_emoji_shirt_(meme),81
holding_earrings,59
tamagotchi_(virtual_pet),498
translucent_horns,135
bandaid_on_hip,54
pencil_as_mustache,199
two-tone_wrist_cuffs,117
paduka,55
oversized_sweater,54
multicolored_cat,74
aura_bullying_(meme),372
perfect_night_(le_sserafim),75
ooo_driver,52
peacock_feathers_hair_ornament,50
pink_bonnet,153
lotus_root_slice,162
licking_food,95
grabbing_another's_tail,312
open_suitcase,72
saber_(fate)_(cosplay),570
hands_on_another's_hands,52
thick_chest_hair,1120
pov_cheek_warming_(meme),280
rhodes_island_logo_(arknights),1446
tail_around_own_waist,76
holding_own_stomach,60
sitting_on_throne,6365
ornamental_weight,103
nemlei_(style),90
0th_generation_(hololive),69
2nd_generation_(hololive),93
cross_of_prontera,787
1st_generation_(hololive),58
metal_hair,204
blacksmith_tongs,87
gardening_shears,240
unworn_headphones,266
affection_meter,99
purple_arm_warmers,751
yellow_arm_warmers,117
two-tone_mask,62
see-through_towel,104
circle_facial_mark,1226
amesuku_gyaru,1292
futou,189
ocean_sunfish,179
doqute_stuffed_doll,205
fur_leg_warmers,157
fur-trimmed_poncho,112
pixiv_bottle_(meme),116
panty_tag,271
critter_pick_(honkai:_star_rail),685
pennywise_in_the_sewer_(meme),99
blueberry_academy_school_uniform,676
reflective_eyewear,50
opening_another's_clothes,147
avocado_academy_school_uniform,56
design_speculation,614
hand_size_difference,109
white_hanfu,4391
red_hanfu,1478
green_hanfu,641
black_hanfu,4567
pink_hanfu,313
orange_hanfu,100
brown_hanfu,114
blue_hanfu,707
deer_cracker,101
yukadon_on_viewer,86
opening_curtains,62
leg_only,67
ninjutsu_research_club_(blue_archive),143
streaked_beard,71
grabbing_another's_stomach,361
ship's_wheel_ornament,141
type_74_(tank),86
stirrups_(riding),352
trust_me_(durarara!!),182
pink_headdress,90
schale_logo,50
holding_tenbou,96
bandages_over_clothes,925
dazzling_pearl_(nikke),76
funamusea_(style),57
covered_sideboob,58
red_headdress,63
pink_haori,77
floral_print_pants,103
floral_dissolve,58
xiangyun,857
four-pointed_star,261
under-stirrup_footjob,75
goslingposting_(meme),124
ear_tufts,297
long_hair_between_eyes,9028
thick_arm_hair,925
hypnosis_app,465
sumimi_(bang_dream!),83
seraph_wings,69
penis_under_mask,237
thick_ass_hair,103
thick_leg_hair,584
neonlight_romancer_(idolmaster),62
clear_marine_calm_(idolmaster),50
sun_necklace,182
floral_print_sleeves,287
letter_balloon,59
floral_print_sash,397
youkai_(youkai_watch),2831
absolute_cinema_(meme),111
thick_back_hair,66
very_hairy,704
crystal_shards,333
kinky_hair,123
hair_half_over_shoulder,137
pointing_with_thumb,201
chipi_chipi_chapa_chapa_(meme),61
purple_hanfu,265
blueberry_academy_(emblem),57
festival_jinbei,57
bandaged_waist,114
censored_by_text,703
holding_swim_ring,4635
nissin_cup_noodle,1351
pack_noodles,102
cinnamiku_hairstyle,309
no_thank_you!_(k-on!),366
anti-demon_corps_uniform,162
yellow_crown,321
see-through_bridal_gauntlets,183
hand_on_own_opposite_hip,81
veil_scene_14_redraw_(meme),61
w_over_mouth,64
blue_overskirt,420
sketch_inset,207
squeans,11689
blood_on_sleeves,55
button_hair_ornament,78
wingtip_collar,93
scene_fashion,274
connected_beard,556
chibi_only,42386
zuiyin,180
medium_sideburns,973
short_sideburns,429
ribboned_xiao_guan,337
shibuya_scramble_crossing,73
mechanical_head,102
beard_over_mouth,243
indigo_academy_school_uniform,83
comedic_sweatdrop,617
bruise_on_chest,142
bruise_on_leg,314
bruise_on_shoulder,68
other_with_male,531
magia_baiser_(cosplay),99
nose_horn,50
drawing_on_fourth_wall,267
drawing_(action),3166
small_sweatdrop,6754
cursed_spirit_(jujutsu_kaisen),221
advanced_ship_(eve_online),125
blue_sandals,1847
pepperoni_pizza,167
colombian_clothes,136
chin_spike,74
teardrop-shaped_gem,101
sea_bunny,74
blunt_sidelocks,1639
animal-shaped_pillow,226
carrot-shaped_pillow,299
cat-shaped_pillow,369
fish-shaped_pillow,58
rabbit-shaped_pillow,55
vertical-striped_clothes,46533
domain_expansion,107
diagonal-striped_clothes,11040
ring_(sonic),242
mochi_mochi_dance,99
tickling_sides,658
tickling_pussy,207
tickling_stomach,369
tickling_legs,362
tickling_back,61
tickling_breasts,191
tickling_navel,110
tickling_arms,73
tickling_face,66
highleg_one-piece_swimsuit,22407
other_with_female,664
jam_(umamusume),238
hug_invitation,130
perimeter_wall,55
colored_speech_bubble,2082
erdrick's_shield,74
kishimen_hair,1703
phone_in_pocket,158
through_medium,1832
v_sisters,406
colored_extremities,9058
virtual_insanity_(song),51
in_washing_machine,133
m202_flash,62
octarian_(enemy),225
mixed_horns,70
barefoot_sandals_(jewelry),1392
hugging_book,1117
yellow_pansy,129
blue_pansy,63
gag_under_mask,215
florida_bikini,174
flexing_pectorals,102
side_chest_pose,91
mizu_happi,976
blue_bonnet,171
white_bonnet,558
pal_(creature),435
bruise_on_arm,330
single_sleeve_past_wrist,333
single_sleeve_past_fingers,579
draw_me_like_one_of_your_french_girls_(meme),81
cowl_neck,457
two-tone_halo,685
multicolored_halo,1702
character_ball,126
chest_on_pillow,178
window_light,333
monster_(monster_farm),142
bishie_sparkle,627
zoomer_slang,160
rabbit_ear_hairband,8437
see-through_raincoat,501
melee_weapon_(warframe),55
orokin_(warframe),55
multicolored_squares_background,67
breath_weapon,2913
multicolored_robe,62
light-skinned_soles,265
metal_band_text,65
pandemonium_society_(blue_archive),112
penetration_while_penetrated,154
aqua_haori,66
print_haori,372
holding_with_chopsticks,295
holding_own_leash,270
picture_hat,298
hand_on_another's_nape,75
holding_glass_shard,56
changmingsuo,255
tripod_(laboratory),52
koi_koi_cafe_(ensemble_stars!),62
instrument_connection,61
arms_on_another's_shoulder,69
x_facial_mark,115
tail_in_ass,87
yellow_visor,988
ear_through_crown,131
pom_pom_hat_ornament,372
yuuki_makoto_(persona_3)_(cosplay),63
mismatched_irises,169
under_another's_clothes,393
head_under_another's_clothes,230
nike_(company),2620
maigo_no_te_wo_hiku_sono_saki_wa_(project_sekai),75
negai_wa_itsuka_asa_wo_koete_(project_sekai),243
pulling_another's_clothes,3830
lifting_another's_clothes,4605
fender_musical_instruments_corporation,236
inkling_player_character_(cosplay),51
gibson_brands_inc,286
take_the_best_shot!_(project_sekai),62
lying_on_ball,74
leaning_on_ball,53
horizontal-striped_clothes,374
narutomaki_hair_ornament,88
see-through_robe,52
wonderful_pact,60
notes_of_grandeur_(umamusume),57
elder_spear,92
nissan_silvia_s14,81
happy_happy_happy_cat_(meme),59
iterator_(rain_world),130
frutiger_aero,484
abydos_high_school_swimsuit,285
bluesky_logo,533
sophist's_robe_(ff14),1256
constellation_crystal_(ff14),51
cat_covering_ears_(meme),86
orange_arm_warmers,51
brown_arm_warmers,253
mole_under_breast,100
dropped_food,252
crime_prevention_buzzer_threat,474
putting_on_earrings,91
kneading_(behavior),84
kneading_dough,98
spread_eagle_position,213
holding_rolling_pin,52
rayman_limbs,1666
on_suitcase,116
splashtag_(splatoon),53
unofficial_sailor_senshi_uniform,305
choso_giving_toudou_a_haircut_(meme),50
it's_just_not_right!,108
feather_capelet,70
crown_hat_ornament,104
bandage_in_mouth,68
sternocleidomastoid_muscle,644
yurie_mouth,405
jelleton,121
blue_haori,1085
double_soul_(mega_man),106
two-tone_arm_warmers,63
abdomen_tail,209
gold_armlet,2380
bluesky_username,782
pendant_earring,383
curry_roux,50
gothic_plate_armor,61
gem_hat_ornament,56
armet,74
hounskull,80
aventail,59
holding_baton_(weapon),155
heart-shaped_lollipop,501
short-sleeved_jacket,1919
haori_on_shoulders,85
shirt_under_kimono,61
polished_shoes,354
vertical-striped_sports_bra,169
partisan_(weapon),90
b-komachi_(new),140
holding_bamboo_steamer,135
censored_profanity,328
blue_headdress,55
pearl_belt,63
zaft_uniform,353
leaf_flute,50
in_nest,81
goth_fashion,7264
yellow_hanfu,239
furisode_sleeves,799
argyle_clothes,11308
braided_sidelocks,725
serasuku,588
frieren_stuck_in_a_mimic_(meme),277
order_dualies_(splatoon),70
reverse_princess_carry,465
pink_shrug,279
pixie_(ff14),142
bear_ear_hairband,130
holding_another's_legs,210
jacket_on_arm,60
chain_bracelet,406
eye_brooch,77
red_streaks,2637
huge_hair_bun,77
round_border,923
sweater_partially_tucked_in,87
trinity_general_school_logo,999
sports_sandals,534
holohoneygaoka_high_school_uniform,147
relax_teatime_(project_sekai),96
horizontal-striped_thighhighs,3959
frieren_lap_pillow_(meme),69
link_to_the_future_(love_live!),217
food_as_ears,60
attribute_slider,78
lightning_bolt_facial_mark,147
choker_jewel,256
spiegel_replica,58
daito_academy_school_uniform,232
chuo_academy_school_uniform,166
kosho_academy_school_uniform,91
sankyoin_academy_school_uniform,83
looking_through_own_legs,1468
animal_charm,601
material_growth,10545
low_drills,306
hole_in_stomach,107
rectangular_halo,1492
juumonji_yari,98
creature_as_food,244
white_mage_(final_fantasy)_(cosplay),91
heart-shift_bracelets,70
on_mushroom,95
kosaka_honoka_(cosplay),59
braided_mustache,50
insulated_delivery_bag,281
grabbing_another's_head,236
on_leaf,58
curly_sidelocks,598
ford_mustang_(1st_generation),66
simple_bat,65
metal_ball,129
two-tone_sweater_vest,78
two-tone_flower,113
collar_jewel,738
international_precure,134
princess_rosa_costume,104
liyue_harbor,250
mondstadt_city,160
awoke_(love_live!),80
mask_on_belt,63
origami_bird_(honkai:_star_rail),237
fruit_earrings,172
thigh_peek,112
shirt_ribbon,92
crying_kasumi_(blue_archive)_(meme),99
flower-trimmed_skirt,81
biting_ass,80
oridigi,64
pokedance_(meme),80
curled_ends,69
mutsuki_face_(azur_lane),179
kero_(cardcaptor_sakura)_(cosplay),62
blinking_inside_eyes,104
shake_shake_fries,54
sumeru_city,51
modakawa_dress,174
holding_cotton_candy,2099
biting_own_tail,201
rabbit_ear_headwear,126
nipple_guessing_game_(meme),110
game_controller_nipples_(meme),62
hair_tie_on_wrist,76
sorganeil,73
note_(gatchaman_crowds),71
firefly_(honkai:_star_rail)_(cosplay),67
mandarin_orange_slice,61
rocks_glass,107
belt_charm,236
film_strip_border,131
holiday_holiday_(love_live!),206
natsumeki_pain,123
deepness_(love_live!),121
reflection_in_the_mirror_(love_live!),68
fortune_movie_(love_live!),88
colorfulness_(love_live!),51
identity_(love_live!),70
tragic_drops_(love_live!),59
plaid_lapels,925
walking_towards_viewer,135
the_nether_(minecraft),55
see-through_curtains,914
purple_helmet,438
conductor_baton,1537
flower_hands,84
do!_do!_do!_(love_live!),181
wa_bunny,98
extended_upshirt,60
gold_thighlet,980
sparkly_spot_(love_live!),80
white_tiara,220
crossed_weapons,55
unofficial_precure_costume,410
biting_another's_tail,311
licking_own_tail,58
holding_detonator,54
black_gauntlets,195
statue_of_her_excellency_(genshin_impact),66
entity_(lethal_company),85
orange_helmet,227
horizontal-striped_sleeves,181
grey_helmet,843
long_veil,59
scruffing,63
holding_heart_(organ),363
blue_crown,387
candle_on_headwear,57
bruise_on_stomach,151
shinzou_(ado),51
heart_in_heart_hands,1902
realified,105
white_crown,218
wish_(ado),50
lace_bridal_gauntlets,55
dip_(dance_move),142
gold_helmet,274
beast_mode_(evangelion),66
dancer_(fire_emblem:_three_houses),379
yaoi_(object),247
kamisato_clan_(emblem),1143
guided_footjob,236
breasts_on_thighs,51
kitami_hokuryo_high_school_uniform,76
second_wangan_school_uniform,113
bandages_over_mouth,80
horizontal-striped_socks,80
fur_wrist_cuffs,460
striped_armband,61
spiked_thigh_strap,188
spiked_legwear_garter,58
black_arm_garter,57
silver_tiara,150
sjms_school_uniform,157
hololive_friends_(plush),64
mochidoru_(plush),62
birthday_glasses,60
planet_diving_suit_(7th)_(stellar_blade),189
pure_onepiece_(idolmaster),122
skin_suit_(stellar_blade),250
uma_stars_(umamusume),50
loading_icon,252
academic_test,496
steel_ball_(jojo),344
mixed_wings,54
turtleneck_one-piece_swimsuit,244
plain_epaulettes,55
tenkyuu_chimata_pose,50
string_of_pearls,99
holding_snow_globe,223
jagarico,111
holding_mascot_head,116
gem-studded_nails,115
racer's_high_(stellar_blade),50
on_cushion,111
chalk_drawing,198
yokosuka_girls_marine_high_school_swimsuit,124
taped_arms,120
holding_lightstick,75
grabbing_another's_twintails,639
sleeved_leotard,1919
odaibako,622
marble_sculpture,98
grabbing_another's_face,785
paradise_private_academy_school_uniform,62
moonlight_butterfly_(gundam),58
green_hands,175
mitsu_uroko,88
elpis_flower,253
hikari_(blue_archive)_(cosplay),189
nozomi_(blue_archive)_(cosplay),160
furoshiki_around_neck,397
multicolored_helmet,70
elegg_(nikke)_(cosplay),57
hands_in_another's_hair,410
holding_ray_gun,77
junior_high_schoolmate_(idolmaster),93
high_schoolmate_(idolmaster),115
elementary_schoolmate_(idolmaster),64
club_facial_mark,50
spade_facial_mark,87
repeating_crossbow,217
scars_all_over,1032
bullet_scar,57
sans_(undertale)_(cosplay),82
holding_milk_carton,820
colored_penis,71
musical_note_hat_ornament,73
licking_another's_hair,56
too_many_watermarks,2639
nissin_donbei,238
painting_toenails,132
clipping_toenails,60
applying_manicure,443
applying_pedicure,332
type_100_smg,149
flower_wrapper,115
kirigaoka_girls'_academy_school_uniform,209
yoshi_and_toad_kissing_(meme),134
civilight_eterna,62
sailor_moon_pose,182
thick_lineart,509
oak_cake_roll_(honkai:_star_rail),118
yomorio_lingerie,108
black_bonnet,795
holding_bolter,53
sleeve_slit,175
purple_bonnet,294
black_lace_trim,66
sagittal_plane_cutting,71
polaroid_camera,134
thigh_marking,260
oshiete_teacher_(love_live!),54
wavy_sidelocks,418
gold_buckle,603
bow_flower,50
ayafubumi_(hololive),85
youtube_shorts,53
swinging_weapon,556
ambiguous_green_liquid,67
anatomy_of_a_gamer_(meme),84
arm_on_own_leg,162
sexy_beautiful_(idolmaster),61
virus_(mega_man),50
gold_slingshot_swimsuit,184
bird_pin,111
collared_halterneck,115
cometik_note_(idolmaster),69
ancient_dragon_(elden_ring),58
green_visor,1557
playing_drum,170
sisterhood_(blue_archive),111
rewind_(nikke),55
you_dress_weird_(meme),51
raven_suit_(stellar_blade),62
asymmetrical_dual_wielding,1844
gold_wrist_cuffs,98
crimson_moon's_semblance_(genshin_impact),97
curly_ends,99
rise_as_one!_(project_sekai),50
french_braided_twintails,187
half_up_braid,21956
half_up_half_down_braid,1158
mom_and_her_daughter_(meme),65
tridecagram,50
silver_bracelet,584
kazami_uniform,58
crychic_(bang_dream!),82
kirishima_uniform,248
green_crown,94
heart_crown,56
crown_bow,376
arched_crown,1823
cosmic_heart_compact,243
grey_crown,159
crisis_moon_compact,220
transformation_brooch_(sailor_moon),515
crystal_star_(sailor_moon),171
headwear_through_crown,77
floral_print_thighhighs,119
suburb,61
horizontal-striped_skirt,87
expressive_wings,55
whip_the_wimp_girl!!_(project_sekai),121
very_long_sidelocks,632
object_and_personification,249
disappearance_outline,79
osugaki,230
f6_(osomatsu-san),176
team_7_(naruto),167
team_9_(touhou),1074
rider_card,52
holding_own_breasts,664
serpens_(constellation),73
ooarai_volleyball_uniform,263
official_alternate_skin_color,173
tacet_mark_(wuthering_waves),8467
fan_screaming_at_madison_beer_(meme),364
mixed_limbs,135
asymmetrical_eyelashes,66
diagonal-striped_hat,88
animal-themed_footwear,163
shuangyaji,879
moose_antlers,167
key_choker,154
kalar_(race),130
dream_eater_(kingdom_hearts),90
green_slippers,350
archon_mark,896
glowing_chest,67
melting_popsicle,3522
flower_hairtie,111
non-pubic_inmon,165
dezombification,212
raised_inner_eyebrows,7305
cleanup_fellatio,710
super_highleg,324
yunjian,275
aoqun,458
heart_pirates_jolly_roger,84
pinching_belly,52
militaria_(nikke),131
car_part,60
bamboo_slips,222
goku_day,83
ladybug_(love_live!),66
sun_behind_head,67
chicken_girl,107
animal_on_weapon,87
combat_ship_(eve_online),202
attack_ship_(eve_online),168
power_armor_(fallout),94
gold_scales,68
heartless_(kingdom_hearts),146
licking_lemon,61
thour_(meme),280
black_coif,143
purple_visor,58
miku_miku_beaaaam!!_(meme),103
orange_visor,368
mature_eyes,475
staff_(ff10),155
gojou's_imaginary_technique,64
shikai_no_sumi_kuchiru_oto,205
nodowa_(gorget),84
ponytail_with_braided_base,1728
unworn_leotard,83
cyaron!_(love_live!),55
upward_dog,77
arthropod_tail,98
scar_across_eyebrow,406
netherworld_(disgaea),59
square-end_necktie,2662
hatsuboshi_gakuen_school_uniform,2666
logo_print,242
white_facepaint,172
kanna_(blue_archive)_(cosplay),65
holding_bass_guitar,1016
smoking_barrel,1669
hyakkaryouran_(blue_archive),67
fighting_my_way_(idolmaster),112
sekaiichi_kawaii_watashi_(idolmaster),105
hakusen_(idolmaster),54
koukei_(idolmaster),95
hajime_(idolmaster),78
heart_ring_strap,68
two-tone_armband,60
puckered_face,199
bikini_visible_through_clothes,193
napoleonic_wars,66
black_helm,76
tsuki_ga_kirei_desu_ne_(phrase),121
wrap_(food),53
pink_visor,52
horizontal-striped_sleeve_cuffs,179
two-tone_sleeve_cuffs,62
miyoushe_watermark,319
365_days_(love_live!),80
pangu_terminal_(wuthering_waves),427
gold_halo,118
uchiwa_(medium),66
cross_halo,1763
traditional_halo,10052
nijigasaki_school_uniform,4872
biting_own_thumb,313
lifting_own_clothes,75257
caved_(touhou),147
alternate_body_fluid,299
girl_staring_at_guy's_chest_(meme),391
plant_roots,1410
pulling_own_clothes,19408
cartoon_wings,149
holding_cassette,52
level_5_(toaru),114
trishula_shakti_(fate),67
colored_lapels,260
hasu_no_sora_karuta_(love_live!),68
ether_aria_(love_live!),69
grey_sleeve_cuffs,108
white_sleeve_cuffs,1641
blue_sleeve_cuffs,275
oenothera_(flower),71
eternal_moon_article,56
analogous_colors,1704
cyber_elf_(mega_man),70
white_visor,90
handheld_electric_fan,292
bolt_(hardware),957
pov_cheek_grabbing_(meme),438
black_sleeve_cuffs,1498
grey_shrug,135
yellow_sleeve_cuffs,155
grey_visor,95
bruise_on_knee,51
purple_sleeve_cuffs,58
nikke's_shooting_pose_(meme),106
maple_leaf_hair_ornament,52
droneboat_(eve_online),81
flight_attendant_hat,63
falling_paper,150
riot_police,127
two-tone_veil,1394
red_sleeve_cuffs,406
xiaohongshu_watermark,62
eastern_dragon_horns,2190
high_school_girls_posing_for_google_street_view_(meme),258
square_eyes,166
xinzoruo_(style),57
trailblazer's_hat_(honkai:_star_rail),154
green_arm,51
absolution_(genshin_impact),92
holding_juice_box,412
loosely_tucked_bangs,359
togenashi_togeari,447
diamond_dust_(girls_band_cry),66
em_wave_change_(mega_man),118
in_bathtub,513
brown_sleeve_cuffs,65
lappet,336
notched_ears,51
bag_bow,127
chinese_wedding,220
ears_under_headwear,251
see-through_one-piece_swimsuit,910
see-through_slingshot_swimsuit,166
bonito_flakes,184
hope's_dusk_(apex_legends),309
requesting_impregnation,166
moegi_high_school_uniform,767
moon_stick_(sailor_moon),310
multiple_tattoos,181
floating_earrings,11975
hem_peeking_out,131
shikairo_days,164
unworn_ring,89
green_sleeve_cuffs,95
hutou_hat,52
sidetail_miku_noodle_stopper_(meme),320
shikairo_days_dance_(meme),177
winged_hair_tie,173
wanwan_wonderful_(idolmaster),76
yuri_(object),118
bear_position,188
guided_hand_on_cheek,52
jellyfish_cut,784
sweater_guard,615
stitched_chest,57
striped_sleeve_cuffs,123
yellow_bonnet,62
mega_man_day,51
silver_armlet,232
tenshi_kaiwai,1262
exposed_internal_machinery,501
eastern_dragon_tail,1440
person_and_animalization,1139
plant_growth,66
floral_print_sarong,68
scribble_background,62
maru_ni_juumonji_(crest),52
ear_cuffs,135
aqua_hanfu,80
double_dakimakura_(medium),181
watermark_grid,1764
pink_sleeve_cuffs,71
sleeve_pouch,80
xiezhi_guan,126
dianzi,80
tanker_jacket,84
floral_print_one-piece_swimsuit,189
square_print,426
pact_holder,93
h.s.c.t._(love_live!),74
training_tap,63
howl_and_sophie_airwalking,64
dragon_li_cat,60
even_though_you_lost_your_virginity_to_me_(meme),72
compass_uniform,128
holding_computer_mouse,217
holding_lead_pipe,517
floating_tears,87
wi-fi_symbol,311
black_visor,313
on_weapon,220
jouin_high_school_uniform,126
golden_cross_(elden_ring),63
covered_groin,675
character-themed_food,985
belted_shorts,62
two-tone_feathers,104
beoseon,68
splatoonification,212
headlight_beam,243
pop-up_headlights,296
1980s_fashion,241
simple_butterfly,59
meandros_trim,97
meandros_border,218
miiverse_yeah!_(meme),155
weapon_riding,53
love_live!_victory_flag,59
mark_under_both_eyes,1811
mark_under_eye,1871
markings_on_cheeks,76
sua_(alien_stage)_(cosplay),50
panchang_knot,78
spicebush_(e.g.o),327
sunshower_(e.g.o),379
holiday_(e.g.o),52
dimension_shredder_(e.g.o),92
middle_(identity)_(project_moon),108
ring_(identity)_(project_moon),152
red_sheet_(e.g.o),120
manaita_obi,112
magic_school_uniform_(mahou_girls_precure!),216
kawasaki_(company),243
unworn_lanyard,101
princess_leia_(cosplay),189
playing_bass_guitar,371
pointing_melee_weapon,691
kuuhaku_to_catharsis,320
floral_print_jacket,100
on_hammock,179
soda_(e.g.o),76
g_corp._(identity)_(project_moon),59
chest_ribbon,68
grabbing_another's_thighs,533
good_boy_(phrase),71
yuanlingpao,494
ai-generated_background,123
diamond_(minecraft),90
tri_rod,243
holojustice,243
safety_pin_hair_ornament,52
barre_chord,71
fretless_guitar,97
snakebite_(piercing),192
demonic_creature,61
dragonborn_(d&d),177
bloom_the_smile_bloom_the_dream!,81
w_corp._(identity)_(project_moon),326
belt_around_waist,381
straight_flush_(poker),53
hex_nail_(e.g.o),209
glowing_body_fluid,82
subsurface_scattering,253
comp_(megami_tensei),59
smiley_hat_ornament,189
blind_obsession_(e.g.o),158
electric_screaming_(e.g.o),67
ardor_blossom_star_(e.g.o),200
aedd_(e.g.o),50
everlasting_(e.g.o),115
cyber_fashion,1301
golden_egg_(splatoon),270
yellow_shrug,52
lube_on_breasts,64
dream_believers,455
suisai_sekai,122
tsubasa_la_liberte,64
hakuchu_a_la_mode,126
happy_shijo_shugi!,75
roseate_desire_(e.g.o),214
support_ship_(eve_online),88
pursuance_(e.g.o),71
lifetime_stew_(e.g.o),63
plaid_one-piece_swimsuit,81
cased_tape_measure,101
plant_name,347
lace_lappet,102
white_coif,214
holding_another's_wrists,265
bongo_cat_(meme),215
blue_streaks,1395
nipple_indents,747
sexual_exercising,353
one_eye_in_shadow,176
single_blank_eye,75
fresh_fruits_parlor_(love_live!),61
technology_liberation_alliance_(identity)_(project_moon),190
wingbeat_(e.g.o),65
steaming_cup,390
gold_bracer,282
blade_lineage_(identity)_(project_moon),324
kurokumo_clan_(identity)_(project_moon),447
4th_match_flame_(e.g.o),103
strawbell_bell,88
escudo_sword_(rayearth),148
osawa_rurino's_cardboard_box,83
fried_hoshino_(meme),89
t_corp._(identity)_(project_moon),59
holding_toy_gun,161
k_corp._(identity)_(project_moon),113
r_corp._(identity)_(project_moon),156
capote_(e.g.o),53
pointing_at_object,217
thorn_(elizabeth_rose_bloodflame),165
frutiger_metro,324
twitter_screenshot,161
chaperon_hat,151
holding_harpoon,78
grey_hanfu,206
official_alternate_design,361
two-tone_innertube,52
handgun_cartridge,96
gibson_sg_(bass),60
yamaha_trb,181
rosespanner_workshop_(identity)_(project_moon),57
miracreation,89
leopard_print_bikini,842
official_alternate_horns,86
twinhook_pirates_(identity)_(project_moon),51
molar_boatworks_(identity)_(project_moon),87
pequod_(identity)_(project_moon),195
blood_on_stomach,100
doufang,82
lobotomy_corporation_(identity)_(project_moon),251
tassel-trimmed_capelet,95
kimi_to_semi_blue_(idolmaster),614
bygone_days_(e.g.o),72
r.b._(identity)_(project_moon),94
see-through_bodystocking,91
snake_wrapped_around_neck,147
bead_hairband,73
bloom_festival_(project_sekai),88
jade_bracelet,127
chinese_knot_border,167
sleeve_zipper,104
projectile_cumdrip,260
mamool_ja,57
gith_(d&d),297
yurodiviye_(identity)_(project_moon),69
blur_layer,122
fringe-trimmed_cape,80
fringe-trimmed_capelet,77
contempt_awe_(e.g.o),128
telepole_(e.g.o),114
red_eyes_(e.g.o),107
lantern_(e.g.o),137
solemn_lament_(e.g.o),255
floating_mask,77
da_capo_(e.g.o),115
brown_bonnet,94
arm_behind_another's_back,101
wuthering_heights_(identity)_(project_moon),479
winged_weapon,89
multicolored_tiara,52
ellen_joe_(cosplay),89
too_many_arms,53
digital_walkman,460
twintails_with_braided_base,129
chasenmage,57
bun_with_braided_base,3806
half_crown_braid,917
twintails_with_hair_base,755
katsuyamamage,280
classic_lolita,813
orange_sleeve_cuffs,64
motoyui,1042
signet_of_ego,66
good_fortune_symbol,273
camera_hold_pose_(han-0v0),87
miku_collar_bikini,522
mesoamerican_architecture,92
self-pornography,88
pumpkin-shaped_pants,116
blanket_cape,70
blanket_veil,156
scarf_choker,190
twilight_(e.g.o),177
justitia_(e.g.o),193
candy_gore,141
unmanned_aerial_vehicle,59
m60_(machine_gun),214
heat_stroke_photoshoot_(meme),67
furry_and_humanization,156
datehyogo,147
liliel_(2.5_jigen_no_ririsa)_(cosplay),68
half_up_bun,102
single_floppy_ear,66
shibahama_high_school_uniform,452
nokotan_entering_a_classroom_(meme),63
ahnenerbe_shop_uniform,86
snake_wrapped_around_body,195
sonobeno_high_school_uniform,100
black_vinegar_middle_school_uniform,109
salt_middle_school_uniform,473
glowing_knife,50
homurabara_academy_school_uniform,1838
animation_meme,102
tsubame_nishi_high_school_uniform,99
ball_hands,59
oddly_specific_shirts_(meme),50
royal_greatsword_(elden_ring),73
gunjou_gakuen_school_uniform,51
tingtang_gang_(identity)_(project_moon),164
bascinet,104
jojifuku,156
heisei_retro,968
oval_image,283
square_tattoo,105
xbox_(original),72
on-model_vs_in_your_style_challenge,74
raccoon_tails_(hairstyle),98
regret_(e.g.o),58
minecraft_(style),457
drawing_on_sand,229
magic_bullet_(e.g.o),132
gold_rush_(e.g.o),55
114514_(meme),115
mimicry_(e.g.o),225
sanguine_desire_(e.g.o),52
crimson_scar_(e.g.o),52
walkman_nw-s203f,331
purple_streaks,434
houjou_high_school_uniform,54
white_streaks,1574
2024_attempted_assassination_of_donald_trump,94
sorry_for_being_sexy_yuni,73
poppin'_up!_(love_live!),84
kaname-ishi,1142
pressing_button,170
heart-shaped_bandaid,97
arm_out_of_frame,286
green_stem_(e.g.o),80
food_packaging,953
melting_ice_cream,53
fell_bullet_(e.g.o),78
lamp_(e.g.o),65
smile_(e.g.o),119
in_the_name_of_love_and_hate_(e.g.o),238
adoration_(e.g.o),61
paradise_lost_(e.g.o),140
sound_of_a_star_(e.g.o),135
the_sword_sharpened_with_tears_(e.g.o),102
faint_aroma_(e.g.o),144
laetitia_(e.g.o),63
frost_shard_(e.g.o),51
good_morning_my_brother!_(meme),130
yakudo_trio,149
horn_(e.g.o),143
mutual_cheek_pinching,103
gacha_(game_mechanic),529
hey_i_could_have_died_(meme),87
butterfly_print_sash,54
butterfly_print_kimono,571
frieren_blowing_a_kiss,312
mindscape_cinema_(zenless_zone_zero),333
konohagakure_shinobi_uniform,959
tempura_costume,139
belted_jacket,73
"i'm_not_calling_you_""good_boy""_(meme)",54
floral_print_bra,222
ring_sidelocks,64
star_hairband,119
aeug,674
side_sitting_split,249
front_sitting_split,52
holding_picture_frame,345
pillar_of_light,81
biting_another's_tongue,53
feixianji_(hairstyle),487
quad_hair_rings,58
marumage,86
map_(medium),102
splattershot_jr._(splatoon),336
dualie_squelchers_(splatoon),105
sitting_split,296
holding_unworn_skirt,433
dashed_border,53
lower_eyelashes_only,1390
rokubanchou_school_uniform,376
weapon_between_legs,368
race_flag,215
dolls_kissing,77
yabuki_joe_in_a_chair_(meme),73
grabbing_another's_horns,98
mitsuketa_keshiki_tazusaete,149
grid_border,62
henshin_belt_gavv,86
desktop_(computing),392
hollow_(zenless_zone_zero),100
hands_in_another's_pockets,51
earth_elemental,53
recollection_(blue_archive),62
holding_table_tennis_paddle,703
holding_ribbon_baton,69
triple_ryuunen,253
why_dis_ninja_look_so_mad_(meme),381
bent_over_furniture,1012
fishnet_veil,85
kanazawa_station,52
no_print,270
konohagakure_anbu_uniform,90
tsukuyomi_kurage,148
chase_my_ideal_idol!_(project_sekai),108
digimon_day,119
aoku_haruka/flower,64
ladybug/beauty_(love_live!),104
miracreation/elegance,97
metal_wrist_cuffs,378
octo_shot_(splatoon),204
holding_unworn_clothes,32610
holding_unworn_dress,500
hero_shot_(splatoon_1),149
shiny_cats_pact,52
polaroid_photo,1138
starry_skin,181
seiren_academy_school_uniform,660
fabarm_fp6,214
racist_momoi_(meme),84
cursed_energy_(jujutsu_kaisen),270
sweet_berries_(minecraft),60
cd_walkman,150
lopsided_border,52
waving_another's_arm,55
sentient_stuffed_toy,375
y2k_fashion,1602
doner_kebab,81
frilled_armlet,81
teeth_print_mask,65
stay_fresh_(pose),67
hawaiian_clothes,160
l_hand,514
double_l,52
heart_floating_above_hand,58
single_hair_streak,1231
aqua_streaks,290
sun_with_face,68
downturned_eyes,561
loser_kings,56
dispersion_(optics),90
hand_on_another's_forehead,200
instrument_case_on_back,189
side_halo,130
energy_bullet,108
reimu_day,93
pointed_bangs,62
distorted_halo,588
zhuang_hat,172
cow_print_pasties,62
jin_(headwear),382
tang_jin_(headwear),73
zhouzi_jin_(headwear),227
foot_on_weapon,103
comedy_and_tragedy_masks,70
shredded_cabbage,90
standing_on_weapon,177
palmar_flexion,197
dorsiflexion_(wrist),134
holding_id_card,420
bib_collar,414
puritan_collar,460
winged_sleeves,90
felicia_(darkstalkers)_(cosplay),183
gold_tattoo,205
yusuf_dikec_(meme),137
lilith_(darkstalkers)_(cosplay),395
gold_embroidery,122
reading_together,85
fukujinzuke,124
jikkyou_powerful_pro_yakyuu_(style),133
hop?_stop?_nonstop!,58
half-spread_pussy,1807
spreading_own_pussy,14266
onion_slice,70
night_raven_college_ceremonial_robes,109
thumbs_down_heart_hands,60
decoden,116
bb_dubai_(fate)_(cosplay),142
alienposting_(meme),54
shared_improvised_umbrella,106
guarana_antarctica,400
gun_gun_cut,64
ouji_fashion,3338
wake_(wave),85
mori_kei,239
siegrunen,94
gat_(hat),326
heart_to_heart!,86
gynecology_chair,125
cel_rendering,452
gian_punch_(meme),86
pec_pov_(meme),293
tamaranean,507
pinstripe_pantyhose,159
frilled_arm_warmers,260
master_and_servant,288
lipstick_mark_tattoo,51
diesel_locomotive,89
electric_locomotive,76
multiple_unit_train,753
high-speed_train,133
flipped_sidelocks,153
ringing_artifacts,67
sideways_face,73
image_warping,109
kurikinton_(food),64
spreading_another's_pussy,1171
holding_handlebar,69
paizuri_day,237
souvenir_doll_(blue_archive),142
japan-korea_yuri_(meme),234
rectangular_earrings,514
brazilian_miku_(cosplay),232
recruitment_(blue_archive),273
kouno_marika's_silence_suzuka_drawing_(meme),63
see-through_tank_top,88
oral_sandwich,310
frilled_bodysuit,62
holding_poker_chip,51
finger_frame_over_eye,235
high-low_dress,1486
you_look_lonely_(meme),163
gold_pendant,73
teamwork_(sexual),8708
cooking_together,74
undersized_pokemon,104
uma_summer_(umamusume),201
futa_without_pussy,2185
snake_wrapped_around_arm,108
eye_slugger,87
side_labret_piercing,114
lobelia_(flower),207
n_corp._fanatic_(identity)_(project_moon),515
shinju-kan_school_uniform,62
black_wings_of_corrosion,94
assisted_carrying,111
two-finger_handjob,146
on_tank,808
on_truck,270
on_van,69
heart_belt_buckle,180
octopus_(food),65
proof_(love_live!),139
red_slippers,606
wonderhorror~!?_na_kimodameshi!_(project_sekai),67
tube_(container),76
holding_cherry,70
winged_skull,68
worldwide_miku,1045
high_braided_ponytail,116
ironmouse_outfit_art_contest,78
mini_eyewear,91
offering_hand_to_another,90
metal_arm_cuffs,234
flamingo_innertube,71
flamingo_raft,102
pj_bass,62
green_bonnet,80
radial_gradient_background,144
performance_juxtaposition,249
holding_detached_head,1705
jet_airliner,447
attack_helicopter,336
white_overskirt,145
2011_tohoku_earthquake_and_tsunami,293
torn_hood,83
mecha_pilot_suit,23804
heartbreak_(futsuu_no_keion-bu),119
concept_police_(idolmaster),80
e-girl,83
unworn_bracelet,91
closed_lab_coat,133
ho-kago_tea_time,2236
outstretched_crossed_arms,194
neopet_(creature),126
royal_officer_academy_school_uniform,53
sea_slug_ears,388
kodomo_doushi,5157
high-visibility_clothing,989
boku_wa_sonzai_shiteinakatta,203
ho-kago_tea_time_t-shirt,50
distortion_(project_moon),209
japan_national_police,1279
mamianqun,258
qujupao,89
holding_own_hand,122
anime_screenshot_inset,233
dress_over_shirt,100
biting_cheek,476
biting_nipple,314
biting_penis,158
holding_over_opposite_shoulder,576
mogeko_(species),88
ottoman_(furniture),100
s.w.a.t.,200
box_truck,535
zhijupao,496
on_windowsill,104
against_windowsill,54
arm_across_neck,188
princess_toadstool_redraw_(meme),74
magus_(synduality),63
primrose_field_illusion,124
stellar_stream_(love_live!),68
rise_up_high!_(love_live!),99
daydream_mermaid,58
phoenix_(love_live!),54
military_dress_uniform,1281
yuntouxie,56
brother_and_sister_threesome,113
military_combat_uniform,2034
dr._ratio's_book_(honkai:_star_rail),82
wrapped_in_blanket,667
suction_tentacles,100
multi-lane_road,219
papyrokinesis,99
silver_thighlet,72
hoshino_ruby_dance,155
tail_stimulation,63
woe_plague_be_upon_ye_(meme),128
nissan_silvia_s13,89
nissan_silvia_s15,106
mikagura_uniform,57
red_winter_federal_academy_logo,242
hair_chart,83
blocked_senses,84
toortsog,55
yellow_headscarf,867
nurimas,114
tacet_discord_(wuthering_waves),657
fuwapuchi,320
pankou,1021
nail_(hardware),3393
doom_wings,53
turtleneck_bikini_top,107
ora_ora_get_pregnant_(meme),50
shure_sm58,69
control_rod_(touhou),796
fold-over_collar,548
putting_on_footwear,517
channel_(caststation)_(style),188
k9_(dog),79
open_car_hood,86
ancient_egyptian,6082
ancient_egyptian_clothes,5137
holding_barcode_scanner,624
muzzle_(mask),1178
sideboob_paizuri,134
white_headscarf,5718
blue_headscarf,606
grey_headscarf,116
pantyhose_under_pants,113
hoshino_ai_(cosplay),71
crushing_food,120
single_bare_foot,1621
blood_from_neck,74
microphone_between_breasts,52
coin_sword,110
unworn_fake_animal_ears,69
spreading_another's_ass,102
multiple-barrel_gun,56
manually-operated_mounted_gun,363
transit_bus,222
fubumicomet_(hololive),107
regional_and_normal,227
blake_bloom_(wuthering_waves),1512
galactic_empire_(star_wars),223
rebel_alliance_(star_wars),75
masa_ni_(meme),84
ring_hair_extensions,2342
star_symbol_background,9293
starry_sky_background,2963
holding_crepe,1681
palutena_bow_(kid_icarus),215
silver_bow_(kid_icarus),75
dark_pit_staff_(kid_icarus),54
para_para,126
mystic_dawn_(idolmaster),58
fanfare!!!_(love_live!),87
the_loud_house_(style),54
bijia,85
beizi_(clothing),92
daxiushan,234
hasu_no_sora_gym_uniform,140
ophanim_halo,57
fukurodani_volleyball_uniform,65
weapon_formation,407
kei_truck,454
kei_car,153
knot_print,83
spiked_hair_ornament,222
yearning-mircalla_(e.g.o),210
cooperative_nipple_licking,111
weapon_strap,204
squat_(exercise),190
bicep_curl,59
used_condom_in_clothes,241
on_jet_ski,62
strapless_romper,99
oshi-katsu,273
g-spot_stimulation,237
fur-trimmed_wrist_cuffs,54
weapon_background,176
inside_pocket,91
white_bodystocking,51
doom_cover_parody,73
la_manchaland_(identity)_(project_moon),243
p_corp_uniform,62
keikyoku_no_machi_wa_doko_e_(project_sekai),150
mysterious_mask_(fate),55
colombia_pose_(meme),141
single_ear_down,1239
index_ring,72
side_horns,83
2024_pokemon_teraleak,263
silver_bangle,76
early_modern_english_text,66
imminent_pocky_kiss,63
panty_&_stocking_with_garterbelt_(style),399
stethoscope_around_neck,247
blue_hijab,67
pink_hijab,57
black_hijab,64
white_hijab,87
sword_tassel,348
the_children_(zettai_karen_children),129
fat_pikachu,366
contemporary_traditional_clothes,108
camelot_academy_of_chivalry_school_uniform,51
irasutoya_challenge,421
hoyofair,1150
fingernail_gloves,90
special_color_(love_live!),55
eden_gross_cooking_reaction_(meme),50
drawing_on_another,90
metal_hair_tubes,482
himekaji,204
holding_head_wreath,64
french_girly,352
band_(music),884
half-jacket,110
animal_sexualization,887
diddle_diddle,50
origami_family's_elite_guard_uniform,196
blue_slippers,448
furry_and_animal,309
yellow_happi,271
kissing_head,335
hololive_idol_uniform_(origin),1189
sakura_five,201
rose_(blackpink)_(cosplay),66
uneven_footing,117
tape_maebari,404
pink_headscarf,241
miyu_edelfelt_(magical_girl)_(cosplay),87
class_card_(prisma_illya),111
chloe_von_einzbern_(archer_install)_(cosplay),52
sheriff_(western),187
slide_phone,199
kaleidostick_(zwei_form),64
red_headscarf,572
bb_(swimsuit_mooncancer)_(second_ascension)_(fate)_(cosplay),68
propeller_fighter,1426
avalon_(fate),463
contrast_collar,3576
round_collar,274
twitching_womb,79
rounded_collar,440
street_snap,240
clothes_focus,609
goku_and_vegeta_in_the_rain_(meme),148
carrying_baby,1128
happy_enjoy_music!_(project_sekai),53
stitched_wrist,73
gold_blood,96
clover_pin,52
bottle_between_thighs,54
bruno_mars_(cosplay),60
two-tone_hanfu,172
boobs?_wanna_touch_boobs?_(meme),62
orange_dougi,135
smiley_print,56
parrot_boy,115
censored_thought,61
ojigi_(bowing),59
butler_bowing,112
hime_gyaru,130
manba_gyaru,125
onee_gyaru,285
amekaji_gyaru,123
rokku_gyaru,221
hands_clasped_in_delight,230
snow_camouflage,90
weichang,52
thirteen_flame-chasers_(honkai_impact),70
shanghai_neckline,343
green_headscarf,1610
black_headscarf,520
test_tube_holster,127
gurokawa,86
weirdcore,93
zhongguo_hua,103
holding_picnic_basket,86
jelly_cube,55
hellomegu!,62
takizakura_school_uniform,56
tsubakisakuhana_school_uniform,56
mane_six_(my_little_pony),86
taped_hands,303
shell_pasties,50
pizza_box_computer,70
blush_(makeup),59
glass_door_refrigerator,56
pokemon_day,391
abydos_high_school_logo,161
checkered_leg_warmers,66
stomach_focus,81
fretless_bass_guitar,61
holding_road_sign,202
private_misaki_high_school_uniform,172
folded_chair,132
virtual_pet_(toy),929
maruman_sketchbook,227
holding_makeup_palette,53
green_aura,52
lady_yu_doll,416
mystic_eyes,346
imadake_dabuchi_tabemi_(cosplay),92
head_spikes,263
argonauts_(fate),67
okina_mask,61
no_prosthetic_arm,239
cleaning_eyewear,120
gourmet_guild_(princess_connect!),418
friendship_club_(princess_connect!),121
little_lyrical,178
sports_bottle,89
condom_wrapper_in_clothes,309
ribbon_as_bra,260
griffin_&_kryuger_logo,388
warrior_(dq3)_(cosplay),115
floating_drapes,65
snagharpoon_(e.g.o),118
nameless_axe-sword_(fate),202
cross_calibur_(fate),300
homicipher_text,271
birdcage_(love_live!),70
holding_another's_waist,143
clothes_on_and_off,520
expectation_vs._reality,316
ship_turret,20972
purple_headscarf,113
holding_spray_can,267
other_with_other,122
judgement_armband_(toaru),734
forbidden_pants,104
fuyuki_(fate/grand_order),50
avalon_le_fae_(fate/grand_order),341
spacecraft_turret,336
aircraft_turret,53
babylonia_(fate/grand_order),274
camelot_(fate/grand_order),116
e_pluribus_unum_(fate/grand_order),59
anastasia_(lostbelt)_(fate/grand_order),75
gotterdammerung_(fate/grand_order),76
s_i_n_(fate/grand_order),51
shinjuku_(fate/grand_order),198
solomon_(singularity)_(fate/grand_order),62
ooku_(fate/grand_order),71
spreading_own_ass,241
lambda_symbol,113
atlantis_(fate/grand_order),107
heian-kyou_(fate/grand_order),57
yugakshetra_(fate/grand_order),74
kogetsukan_satsujin_jiken,86
impossible_storage,115
kanazawa_(city),87
ea_(fate),364
rule_breaker_(fate),97
dark_rhongomyniad_(fate),177
id_(fate/grand_order),313
team_sonic_(sonic),69
nahui_mictlan_(fate/grand_order),97
unused_tire,1136
tilted_halo,201
sigma_symbol,73
kizu_darake_no_te_de_watashi-tachi_wa_(project_sekai),54
shimousa_(fate/grand_order),150
chrysos_heirs_(honkai:_star_rail),148
traum_(fate/grand_order),82
olympus_(fate/grand_order),109
ai_scream!_(love_live!),150
jewelpet_(creature),141
dead_heat_summer_race!,138
blonde_streaks,726
orange_streaks,152
grey_streaks,124
brush_holder,57
3rd_live_tour_try_tri_unity!!!,209
2nd_live_tour_~blooming_with_ooo~,97
chesto_(phrase),103
holding_candy_apple,1649
hanamusubi_(love_live!),81
crypters_(fate/grand_order),86
close-quarters_combat,83
warm_colored,1205
cool_colored,1128
novum_chaldea,226
chaldea_security_organization,409
nijisanji_fes_t-shirt,88
oc_x_canon,1624
chibikemo,1822
chinese_track_school_uniform,58
multiple_hair_clips,102
elmo_dormitory_outfit,168
se.ra.ph_(fate/grand_order),86
la_grondement_du_haine,974
light_bulb_above_head,61
staff_of_selection_(fate),636
anal_cross-section,149
cleft_anus,62
hand_grater,89
holding_grater,69
holding_pregnancy_test,760
undone_duijin,137
ijigen_fes_idolmaster_love_live!_utagassen,75
faewish_sprite,99
high_up,178
jerboa_tail,78
paladins_of_charlemagne_(fate),57
chaldea's_stalker_trio,72
shinsengumi_(fate),178
amate_yuzuriha_(cosplay),67
type-moon_heroines,122
faerie_knights_(fate),337
servant_summer_festival!_2023,88
schecter_guitar,50
summer_pockets_school_uniform,986
elmo_training_outfit,60
balmung_kriemhild_(fate),98
chocolate_lady_no_karasawagi,202
hoshi_no_sanzang-chan_tenjiku_ni_iku,84
chaldea_summer_memory,79
mahou_shoujo_kikou_~prisma_codes~,55
servant_summer_festival!_2018,134
voices_&_letters_collection!,55
imijikarishi_valentine,53
imaginary_scramble,54
chaldea_summer_adventure!,52
15-nin_no_richiteki_na_megane-tachi,57
fatui_coat,1699
nidaime_wa_alter-chan,53
komainu_girl,470
bar_counter,74
monolids,105
dingir_(fate),85
segmented_tail,441
tsuwabuki_high_school_uniform,739
syngup!_(idolmaster),74
ars_almadel_salomonis_(fate),214
shoulder_freckles,319
suzume_no_oyado_no_katsudou_nisshi,56
stethoscope_between_breasts,126
duffel_jacket,133
unlit_cigarette_in_mouth,74
killkiss_(bang_dream!),148
marine_angelfish,66
pinstripe_ascot,74
clothes-dissolving_potion,194
karakura_high_school_uniform,491
tenseiga_(sword),86
mold_camelot,164
harpe_(fate/grand_order),127
gudaguda_meiji_ishin,53
building_snowman,143
green_sandals,453
nub_chastity_cage,144
maria_the_ripper,931
bottle_between_breasts,301
can_between_breasts,152
breaker_gorgon,841
bridal_chest_(fate),112
diatrekhon_aster_lonkhe,50
christmas_nightmare_(e.g.o),200
flamestrider_(genshin_impact),101
eighteen_(fate),270
retronia_(fate),194
military_jeep,219
grim_reaper_(weapon)_(fate),73
goddess_of_war_(fate),75
secret_of_pedigree_(fate),110
trap_of_argalia,60
luminosite_eternelle,1089
sword_of_st._catherine_(fate),658
miike_tenta_mitsuyo_(fate),71
hirasawa_yui's_middle_school_uniform,82
flourish_(design),86
amenomurakumo-no-tsurugi_(fate),116
divine_water_(fate),50
metabole_piglets,128
queen_of_spades_(playing_card),178
naval_dress_uniform,272
cute_weapon,842
freikugel_(fire_emblem),82
ultraman_suit_(hero's_comics),84
parasite_dress_uniform_(darling_in_the_franxx),217
boku_ga_motteru_mono_nara,69
blood_from_forehead,934
kumorizora_no_mukou_wa_hareteiru,52
kamisama_datte_kimerarenai,62
boku_wa_konya_deteiku,51
pinstripe_one-piece_swimsuit,170
icha_icha_(naruto),116
kavacha_(fate),574
kundala_(fate),621
mizukawa_school_uniform,271
key_of_like!,61
space_phantas-moon_another_christmas,55
kenmyouren_(fate),113
keisanchuu_new_costume,167
love_live!_series_asia_tour_2024,110
ame-no-sakahoko_(fate),100
satogahama_school_uniform,353
souya_high_school_uniform,345
satogahama_baseball_uniform,572
azrael_(fate),265
ford_crown_victoria_(2nd_generation),55
aigis_(fate),115
rengoku_(sword)_(fate),326
energy_(pokemon_tcg),138
azamaru_(fate),71
beta_pollux,51
christmas_ornaments_in_hair,142
doujigiri_yasutsuna_(fate),560
minor_arcana_(tarot),139
onikiri_yasutsuna_(fate),62
golden_eater,96
whimstar_(infinity_nikki),56
flag_on_vehicle,237
security_shutter,260
fairy_sword_arondight,125
fairy_sword_galatine,60
mutual_skirt_lift,72
striped_blush,238
wavebox,58
fast_helmet,194
man_watching_tv_(meme),55
vigilante_crew_(blue_archive),50
arms_across_body,582
hand_to_weapon,532
bald_female,475
kikka_academy_school_uniform,266
hololive_christmas_outfit,60
grand_star_(mario),80
leopard_print_panties,268
year_1_&_year_2_(squid_game)_(meme),285
ukrainian_ground_forces,100
edelied,59
tanling_ruqun,144
hezi,151
nijisanji_idol_uniform,393
monohoshizao_(fate),156
meslamtaea_(fate),409
ei_ei_okotta?_(meme),86
fire_on_chest,363
hino_minami_high_school_uniform,366
aurora_flower_(love_live!),192
decorating_christmas_tree,501
brynhild_romantia,134
full-stop_office_(identity)_(project_moon),133
donut_innertube,400
donut_stamp,123
donut-shaped_pillow,73
donut_print,72
pink_donut,55
old-fashioned_donut,120
low_block_heels,170
bulb_pump,71
basketball_shorts,50
skousers,107
josho_kiryu_(love_live!),94
resistance_costume_(amphibia),51
toad_armor_(amphibia),70
joker_(persona_5)_(cosplay),51
turn_cuff_socks,155
chibigurumi,301
ohananomitsu_high_school_uniform,385
ohananomitsu_middle_school_uniform,75
hololive_idol_uniform_(color_rise),462
nintendo_switch_2,152
lce_(identity)_(project_moon),67
dark_matter_(kakine_teitoku),125
thoracalgia_(e.g.o),65
swaying_hip,516
pointing_out_the_details,2016
interactive_media,202
raana_the_cat,529
giving_wedgie,556
nijigasaki_7th_live!_new_tokimeki_land,72
grabbing_own_flat_chest,134
gokugetsu_academy_school_uniform,292
demon_king_academy_school_uniform,57
honnoji_academy_school_uniform,258
excalibur_academy_school_uniform,107
gessen_academy_school_uniform,127
hebijo_academy_school_uniform,281
hanzou_academy_school_uniform,192
holding_mini_person,651
imperial_russian_army,56
mygo!!!!!_logo_(bang_dream!),66
funnel_(tool),81
homurabara_academy_elementary_school_uniform,764
holopromise,316
russian_ground_forces,131
parasite_suit_(darling_in_the_franxx),804
zako_(phrase),296
drivesuit_(pacific_rim),55
triangle-shaped_hair,86
orange_headscarf,137
fuck-me_pasties,77
temporal_hairline,363
gouged_eye,58
fishnet_bodystocking,828
holding_kinchaku,79
zi-o_ridewatch,52
tomato_(sword),166
achilles_tendon,56
tanbi_kei,55
scene_cut,91
self-borrowed_hairstyle,98
three-quarter_sleeves,14627
carrot_hamburger_steak,71
last_defense_academy_school_uniform,878
military_fatigues,526
chastity_cage_strap,110
golem_(d.gray-man),152
5-string_bass_guitar,134
happy_mille-feuille_(idolmaster),94
metal_chastity_cage,504
gold_chastity_cage,82
revealing_chastity_cage,160
tube_chastity_cage,210
small_chastity_cage,594
heavy_chromatic_aberration,670
heavy_film_grain,230
heavy_lens_flare,428
egosearching,150
unlimited_blade_works_(reality_marble),504
chastity_cage_emission,281
padlocked_chastity_cage,146
magician's_wand,124
diploma_tube,996
step-parent_and_step-child,851
anon_tokyo_(bang_dream!),82
wheeled_leg(s),107
brown_headscarf,154
manjuu_abuse_(azur_lane),308
picot_trim_panties,321
panty_spread,101
exposed_gusset,183
doubledriver,126
hiden_zero-one_driver,75
progrisekey,87
concept_maihime_(idolmaster),83
garmentmaker_(honkai:_star_rail),134
improvised_vase,90
applying_another's_makeup,817
swinging_baseball_bat,514
swinging_on_swing,543
swinging_on_rope,68
hypnoshades_(splatoon),95
random_servant_cosplay_(fate/grand_order),329
too_many_lipstick_marks,97
bar_chart,69
eyepatch_slingshot_swimsuit,97
panty_roll,61
life-size_gardevoir_plush,51
colored_chastity_cage,119
red_sandals,2706
yellow_sandals,998
grey_sandals,613
brown_slippers,400
multicolored_sandals,58
two-tone_sandals,91
normal_suit_(gundam),1455
aqua_sandals,126
silver_sandals,188
orange_slippers,91
gold_sandals,647
gold_crown_academy_school_uniform,111
twitter_strip_game_parody,118
collarbone_peek,55
d20_(die),78
holding_unworn_hat,10715
dino_buckler,80
naval_working_uniform,151
stellaron_hunters_(honkai:_star_rail),75
gatkkeun,55
ranger_uniform_(amphibia),72
heart_keyhole_panties,127
enoki_mushroom,51
untied_shoelaces,1390
open-toe_boots,3871
granulated_sugar,146
multilingual_text,320
hanamiya_nina_(style),138
gomen_yuuka,59
tactical_school_uniform,1912
luxury_(idolmaster),733
ziku-driver,102
unworn_butt_plug,143
twitter_cutting_game,661
demon_(megami_tensei),1651
tan_tattoo,315
holy_night_dress_(idolmaster),89
top/bottom_dynamic_annotated,69
diamond-shaped_earrings,55
w_over_head,56
ax_bass,61
dimple_piercing,55
mizuka_academy_school_uniform,389
chimera_(honkai:_star_rail),441
balletcore,119
pony_express_uniform,134
standing_on_magic_circle,396
ehho_ehho_(meme),76
imminent_tentacle_sex,50
no_dickey,3800
d-sword,245
yume_wazurai,73
magic_circle_background,112
stay_gold_clan_(umamusume),86
mighty_sailor,192
in_snow_globe,235
explosion_background,239
heziqun,68
sailor_leotard,55
ultra_instinct_sign,95
black_cross_tie,136
red_cross_tie,143
concept_gyarus_(idolmaster),128
lcb_uniform_(project_moon),134
on_railroad_tracks,484
down_boy!!_(meme),67
coreflame_(honkai:_star_rail),67
sophie_hatter_(cosplay),51
eevee_backpack,492
paizuri_gesture,90
1990s_fashion,122
compass_(love_live!),62
only_pantyhose,562
blood_edge_(stellar_blade),332
illusion_cake,51
next_time_you're_getting_this_(meme),403
planet_popstar,90
serving_tray_(bdsm),53
holding_paint_palette,827
heishou_pack-mao_branch_(identity)_(project_moon),142
bridal_swimsuit,112
setsubun_shuen_emaki,55
haki_(one_piece),223
yd_dancer_outfit,91
naked_school_attendance,288
gyaru_makeup,141
ass_rest,294
plugsuit_(evangelion),12667
test_plugsuit_(evangelion),1186
interface_headset_(evangelion),8293
boobs_in_book_(meme),543
clutch_purse,247
noah_(d.gray-man),232
zenhoi_kyun,74
ufo_skirt,322
hagun_academy_school_uniform,166
women's_toilet_symbol,102
men's_toilet_symbol,131
thermometer_in_mouth,164
chest_freckles,121
thigh_freckles,113
lariat_(necklace),171
nontraditional_poke_ball,120
fish_hook_earrings,54
bug_cage,477
holding_gun_barrel,78
youkai_academy_school_uniform,179
hisuian_poke_ball,942
leopard_print_bra,260
familia_uniform,77
spinning_gun,61
holiday_holiday_(tenko)_(love_live!),103
toyogasaki_academy_school_uniform,884
holding_weapon_behind_back,3536
smug_inori_(meme),50
kashima_high_school_uniform,94
breast_freckles,275
hecate's_staff_(fate),165
chaldea_boys_collection,141
bikini_top_under_shirt,198
cyber_sigilism,139
acid_graphics,159
crackling_box_(reverse:1999),71
itsudemo_itsumademo_(love_live!),73
complex_exterior,426
naked_ascot,174
esseling_(infinity_nikki),50
chocolate_river_no_sono_saki_ni,51
celeb_summer_experience!,92
restroom_symbol,229
oversized_wings,2633
mihama_private_academy_school_uniform,285
4th_live_dream_~bloom_the_dream_believers~,192
clitoral_circular_saw,63
sword_knot,68
star_print_bikini,845
yabi_fashion,127
number_four_(asl),160
kurumi-gaoka_high_school_uniform,209
roto's_emblem,357
alternate_piercings,53
cradle_position,88
holding_unworn_scarf,431
gameplay_ability,90
puchimasu!_(style),1394
date_connection,52
un_uniform_(muv-luv),118
edel_note,345
sakura_photograph_(idolmaster),96
diploma_folder,54
sucking_own_breasts,458
han'ei_no_chocolate_gardens_of_valentine,67
implied_self-harm,72
agejo_gyaru,184
holding_candlestand,289
female_byleth_(fire_emblem)_(cosplay),63
male_byleth_(fire_emblem)_(cosplay),53
gyarugasaki,169
holding_unworn_cape,578
nijigasaki_track_jacket,84
kasamatsu_tracen_school_uniform,158
inkling_(swim_form),276
italian_brainrot_ai_animals_(meme),65
shotajiji,221
sakakino_academy_school_uniform,286
nine_ball_maid_uniform,84
kasamatsu_tracen_training_uniform,213
consent_sticker,71
dromas_(honkai:_star_rail),96
holding_cocktail_shaker,140
holding_spice_shaker,66
octoling_(swim_form),98
holding_ukulele,290
nude_pantyhose,99
kami_high_school_uniform,512
flatbread,211
ena_(species),187
yamashita_ikuto_(style),65
summer_highschool_(idolmaster),61
summer_junior_highschool_(idolmaster),57
tamagotchi_(creature),135
viewer_holding_phone,1139
vspo!_showdown,104
holding_sword_behind_back,1505
holding_polearm_behind_back,759
holding_knife_behind_back,121
rainbow_trail,56
ipod_nano_3g,105
ipod_nano_4g,149
ipod_nano_5g,76
hime_lolita,352
fish_skeleton_earrings,83
country_lolita,267
unconventional_mermaid,78
four-finger_heart_hands,6861
shopping_basket_cart,76
ampere_(love_live!),70
garaho_flip_phone,55
korg_rk-100,63
drying_another's_hair,582
feet_burger_(meme),53
dewlap,187
chronopattern_dress,278
holding_unworn_helmet,3514
doki_doki_literature_club_school_uniform,2168
holding_with_gesture,395
egyptian_trend_(meme),81
artoria_pendragon_(royal_icing)_(fate)_(cosplay),319
building_sand_sculpture,553
nohrian_maid_uniform,562
female_robin_(fire_emblem)_(cosplay),56
male_robin_(fire_emblem)_(cosplay),53
coin_mask,317
drawing_on_dirt,55
persocom_(chobits),631
spine_sword,90
ryukishi07_(style),70
tail_legs,67
mickey_mouse_(symbol),65
hiphighs,2680
pseudo-tokyo_school_uniform,465
covered_underboob,92
cutting_another's_hair,554
hair_around_horn,57
tentacle_masturbation,77
chuo_tanegashima_high_school_uniform,424
tears_of_the_tarnished_blood_(e.g.o),73
hundred-footed_death_maggot_(e.g.o),50
icing_trim,139
neapolitan_palette,135
hue_shifting,338
riding_vacuum_cleaner,141
animal_couple,111
holding_unworn_jacket,60
mayqueen_maid_uniform,448
cow_ear_hairband,223
female_corrin_(fire_emblem)_(cosplay),63
normal_suit_(metroid),423
applying_own_makeup,1335
eyes_on_wings,201
leopard_print_clothes,54
planted_polearm,191
exploration_team_badge,92
remedial_knights_(blue_archive),53
sumo_sticker_(chaos;child),72
inverted_eyelashes,60
cutout_eyelashes,726
chocolate_on_nipples,632
dock_(tail),54
cat_shadow_puppet_(meme),417
flag_print_bikini,5531
virtual_graduation_commemoration,2227
front_zipper_swimsuit_(realise),687
zwei_association_south_uniform,241
zwei_association_west_uniform,83
shi_association_south_uniform,211
cinq_association_west_uniform,59
cinq_association_south_uniform,205
cinq_association_east_uniform,154
liu_association_south_uniform,373
seven_association_south_uniform,181
devyat'_association_north_uniform,80
dieci_association_south_uniform,167
faux_retro_artstyle,2659
doodled_object,123
pasteur_pipette,56
zuo_wang_dao,55
face_piercing,14128
mermaid_out_of_environment,479
stacked_clothes_dryer,89
prism_tower,61
recording_audio,380
forward-facing_horns,664
backward-facing_horns,161
land_rover_(company),56
holding_go_stone,169
just_monika_(meme),67
forehead_ui,52
trailblazer_bash!_(umamusume),57
body_tube,123
comically_large_ears,117
rin's_pendant_(fate),362
mountain_focus,114
little_red_riding_hood_(fairy_tale_character)_(cosplay),1121
snow_white_(fairy_tale_character)_(cosplay),118
cinderella_(fairy_tale_character)_(cosplay),170
blue_hiphighs,52
fishnet_hiphighs,91
slime_censor,270
black_hiphighs,654
peeing_together,318
fatass_teto_(meme),80
extended_range_guitar,112
extended_range_bass_guitar,148
fretless_instrument,157
on_tree_stump,706
holding_detached_steering_wheel,65
reverse_spirit,160
multicolored_headscarf,53
fairy_tale_(love_live!),152
ox_guard,95
ashigaya_high_school_uniform,352
pear-shaped_figure,2445
yuruyuri's_starting,67
hekiho_academy_school_uniform,643
ice_cream_scoop_(utensil),84
holding_ice_cream_scoop_(utensil),67
future_gadget_lab,68
punishment_sex,139
absurdly_detailed_composition,2758
chocolate-covered_food,1094
multiple_scoops,1303
blowing_bubble_gum,4680
phone_over_face,491
family_hierarch_candidate_(identity)_(project_moon),204
colorpoint,89
weird_route_(deltarune),342
mixed_holding,86
flute_tassel,452
da_qian_lu,50
bourbon_(kirby),195
death_devil_(k-on!),72
yoba_academy_school_uniform,109
thumb_(identity)_(project_moon),59
turtleneck_lift,65
cleaning_pool,277
bridal_bikini,82
cartoon_logic,98
remnant_cube_(wuthering_waves),151
parallel_hairclips,5267
sphere_hair_ornament,13140
mitsuyubi,183
holy_quintet,1099
saber_alter_(swimsuit_rider)_(second_ascension)_(cosplay),126
howl_pendragon_(cosplay),83
sex_with_insects,101
zeknova,172
kazunoko_(food),66
jacket_over_dress,58
animal_with_hair,228
constellation_(love_live!),86
lapwing_face_tracking_redraws,139
extendable_limbs,251
colored_blindfold,916
food-themed_choker,52
purple_hiphighs,50
commander_doll,148
calico_(pattern),2480
liberator_(exs-tia),88
lilistia,104
biting_coin,76
wall_shelf,124
thorn_ring_(deltarune),170
breast_milk_in_container,1006
crossdressing_(ftm),3403
genocide_route_(undertale),497
drying_own_hair,1354
crossdressing_(mtf),33826
i_do_me!_(love_live!),89
cute_x_subculture_hatsune_miku_design_contest,68
kamura_(palico_armor),86
leather_(palico_armor),92
acorn_(palico_armor),72
string_of_photos,50
deku's_photo_of_hagakure_toru,124
japanese_national_soccer_team_uniform,176
mane_ax_(deltarune),114
jevilstail,58
wood_blade_(deltarune),68
cyber_world_(deltarune),53
hometown_(deltarune),64
nohrian_butler_uniform,148
umbrella_tassel,181
cable_insertion,69
drill_polearm,82
mcbling,50
lifebuoy_anklet,86
biting_own_tongue,131
slave_gear,103
sekiba_girls'_high_school_uniform,54
shinsoo_(tower_of_god),69
dawnmaker_(honkai:_star_rail),107
ceremonial_blade_(honkai:_star_rail),64
shackle_piercing,146
dss_choker,312
mm14,60
kwon_eun-bi_(cosplay),125
st._bernard,153
hololive_gamers_fes_outfit,51
mihoyo_icon_parody,71
hasu_no_daisankaku,640
hasu_no_shousankaku,470
hasu_no_sanrenka,202
delta_rune_(symbol),295
ganbare!_nakamura-kun!!_cover_parody,103
multiple_theme_colors,476
carat_(umamusume),81
sunfaded_(idolmaster),58
buried_in_sculpted_sand,133
mystic_eyes_of_enchantment,154
it's_not_you._sit_down,54
onahole_handjob,577
onahole_job,531
red_hiphighs,190
brown_hiphighs,144
little_devil_(love_live!),122
coil_(dimension_w),54
darkened_skin,258
lightened_skin,276
divine_markings,76
suimei_academy_school_uniform,679
side_up_ring,955
white_hiphighs,73
cats_are_liquid,68
cats_are_scared_of_cucumbers,85
senjougahara_hitagi_skirt_lift_pose,83
character_transformation,101
traveler's_original_sword_(genshin_impact),78
liella!_first_generation,182
liella!_second_generation,63
decorating_baked_goods,196
appletrend,59
adoptive_parent_and_adoptive_child,61
adoptive_siblings,244
banana_in_mouth,78
holding_bowling_ball,87
shiratsuyu-class_swimsuit,60
awakening_(toaru),156
above-cleavage_cutout,699
pointing_backward,220
hair_sprinkles,59
three-finger_handjob,142
hakusen_academy_school_uniform,313
kuho_girls_academy_school_uniform,73
x_(symbol),3193
bite_mark_on_pectorals,67
mood_(umamusume),316
scout_car,65
grid_teeth,140
realistic_teeth,179
metal_pasties,62
brick_phone,57
ddd_threesome,87
ffd_threesome,564
fdd_threesome,638
mfd_threesome,144
mdd_threesome,181
mmd_threesome,77
alternate_breast_size_(smaller),1697
alternate_breast_size_(larger),50133
oversized_bug,264
red_cross_armband,114
delta_rune_print,233
frilled_hiphighs,58
humanized_skin_color,92
true_velocity_rm338,84
animatech_(league_of_legends),74
savanaclaw_dorm_uniform,147
diasomnia_dorm_uniform,144
octavinelle_dorm_uniform,361
pomefiore_dorm_uniform,135
heartslabyul_dorm_uniform,188
ignihyde_dorm_uniform,73
scarabia_dorm_uniform,135
apprentice_chef_(twisted_wonderland),52
birthday_boy_(twisted_wonderland),64
dress_ruff,246
null_bulge,75
savanaclaw_dorm,60
octavinelle_dorm,216
diasomnia_dorm,53
night_raven_college_labwear,73
menstrual_blood,88
chenqing_flute,507
bichen_sword,122
wangji_guqin,113
onahole_job_invitation,54
fen_cichlid_girls_academy_school_uniform,153
choir_outfit_(utdr),331
magic_pen_(twisted_wonderland),383
night_raven_college_school_uniform,1561
flesh_storage_bulbs,55
zushiri_(nijisanji),60
four-finger_handjob,56
rhodes_island_uniform,107
mob_x_character,3696
birthday_jacket_(twisted_wonderland),81
deku_(zelda),52
pornography_production,1202
poking_another's_breast,917
poking_own_breast,153
diamond_(species)_(steven_universe),145
pearl_(species)_(steven_universe),228
bar_phone,427
rose_quartz_(species)_(steven_universe),65
minegahara_high_school_uniform,322
tokimeki_fes_tenshi_to_akuma_kara_no_shoutaijou,60
manlification,325
meni_shuki_rush-sshu!,232
hair_visible_through_wig,237
grind_fiction,72
ko-omote_mask,513
legendary_shield_(tate_no_yuusha_no_nariagari),92
legendary_shield_(small_shield)_(tate_no_yuusha_no_nariagari),83
jasper_(species)_(steven_universe),58
lapis_lazuli_(species)_(steven_universe),186
homeworld_gem_uniform,168
homeworld_lapis_lazuli_uniform,85
gem_(steven_universe),424
slipping_on_banana_peel,168
ringer_box,51
if_you_want_to_become_a_godly_artist_(trend),306
fourth_position_of_the_arms,50
mushoku_tomei_sai,50
unconventional_police_vehicle,66
colored_petticoat,51
half_eye_mask,134
wig_on_non-human,58
double-sided_wrench,59
otonokizaka_track_jacket,79
idol_heart_brooch_(precure),149
fan_between_breasts,70
feature_scout_1_(ensemble_stars!),101
mesugaki_pose,215
face_blocked_by_person,67
royal_magic_wand_(svtfoe),83
yoshida_yuuko_(cosplay),76
swinging_on_web,52
gag_chin_strap,125
handjob_gesture_(not_ok),71
unusually_limbed,54
